ISO-10303-21;
HEADER;
/* Generated by software containing ST-Developer
 * from STEP Tools, Inc. (www.steptools.com) 
 */

FILE_DESCRIPTION(
/* description */ (''),
/* implementation_level */ '2;1');

FILE_NAME(
/* name */ 'Bottom.step',
/* time_stamp */ '2025-10-14T17:12:27-10:00',
/* author */ (''),
/* organization */ (''),
/* preprocessor_version */ 'ST-DEVELOPER v20.1',
/* originating_system */ 'Autodesk Translation Framework v14.17.0.0',
/* authorisation */ '');

FILE_SCHEMA (('AUTOMOTIVE_DESIGN { 1 0 10303 214 3 1 1 }'));
ENDSEC;

DATA;
#10=MECHANICAL_DESIGN_GEOMETRIC_PRESENTATION_REPRESENTATION('',(#17),#5786);
#11=ITEM_DEFINED_TRANSFORMATION($,$,#3417,#3759);
#12=(
REPRESENTATION_RELATIONSHIP($,$,#5797,#5796)
REPRESENTATION_RELATIONSHIP_WITH_TRANSFORMATION(#11)
SHAPE_REPRESENTATION_RELATIONSHIP()
);
#13=CONTEXT_DEPENDENT_SHAPE_REPRESENTATION(#12,#5795);
#14=NEXT_ASSEMBLY_USAGE_OCCURRENCE('Base:1','Base:1','Base:1',#5799,#5800,
'Base:1');
#15=SHAPE_REPRESENTATION_RELATIONSHIP('SRR','None',#5797,#16);
#16=ADVANCED_BREP_SHAPE_REPRESENTATION('',(#18),#5785);
#17=STYLED_ITEM('',(#5811),#18);
#18=MANIFOLD_SOLID_BREP('Keyboard Bottom',#3403);
#19=FACE_BOUND('',#405,.T.);
#20=FACE_BOUND('',#480,.T.);
#21=FACE_BOUND('',#487,.T.);
#22=FACE_BOUND('',#488,.T.);
#23=FACE_BOUND('',#489,.T.);
#24=FACE_BOUND('',#490,.T.);
#25=FACE_BOUND('',#491,.T.);
#26=FACE_BOUND('',#492,.T.);
#27=FACE_BOUND('',#493,.T.);
#28=FACE_BOUND('',#494,.T.);
#29=FACE_BOUND('',#548,.T.);
#30=FACE_BOUND('',#549,.T.);
#31=FACE_BOUND('',#550,.T.);
#32=FACE_BOUND('',#551,.T.);
#33=FACE_BOUND('',#552,.T.);
#34=FACE_BOUND('',#553,.T.);
#35=FACE_BOUND('',#554,.T.);
#36=FACE_BOUND('',#555,.T.);
#37=FACE_BOUND('',#556,.T.);
#38=PLANE('',#3452);
#39=PLANE('',#3456);
#40=PLANE('',#3460);
#41=PLANE('',#3466);
#42=PLANE('',#3469);
#43=PLANE('',#3472);
#44=PLANE('',#3476);
#45=PLANE('',#3477);
#46=PLANE('',#3486);
#47=PLANE('',#3507);
#48=PLANE('',#3511);
#49=PLANE('',#3515);
#50=PLANE('',#3518);
#51=PLANE('',#3521);
#52=PLANE('',#3523);
#53=PLANE('',#3527);
#54=PLANE('',#3528);
#55=PLANE('',#3552);
#56=PLANE('',#3555);
#57=PLANE('',#3558);
#58=PLANE('',#3561);
#59=PLANE('',#3564);
#60=PLANE('',#3567);
#61=PLANE('',#3570);
#62=PLANE('',#3573);
#63=PLANE('',#3576);
#64=PLANE('',#3584);
#65=PLANE('',#3589);
#66=PLANE('',#3594);
#67=PLANE('',#3596);
#68=PLANE('',#3600);
#69=PLANE('',#3601);
#70=PLANE('',#3605);
#71=PLANE('',#3610);
#72=PLANE('',#3613);
#73=PLANE('',#3616);
#74=PLANE('',#3621);
#75=PLANE('',#3624);
#76=PLANE('',#3627);
#77=PLANE('',#3629);
#78=PLANE('',#3632);
#79=PLANE('',#3637);
#80=PLANE('',#3640);
#81=PLANE('',#3643);
#82=PLANE('',#3644);
#83=PLANE('',#3647);
#84=PLANE('',#3650);
#85=PLANE('',#3651);
#86=PLANE('',#3654);
#87=PLANE('',#3657);
#88=PLANE('',#3668);
#89=PLANE('',#3669);
#90=PLANE('',#3670);
#91=PLANE('',#3672);
#92=PLANE('',#3674);
#93=PLANE('',#3676);
#94=PLANE('',#3678);
#95=PLANE('',#3680);
#96=PLANE('',#3683);
#97=PLANE('',#3684);
#98=PLANE('',#3685);
#99=PLANE('',#3689);
#100=PLANE('',#3692);
#101=PLANE('',#3701);
#102=PLANE('',#3702);
#103=PLANE('',#3703);
#104=PLANE('',#3704);
#105=PLANE('',#3705);
#106=PLANE('',#3708);
#107=PLANE('',#3711);
#108=PLANE('',#3712);
#109=PLANE('',#3715);
#110=PLANE('',#3718);
#111=PLANE('',#3719);
#112=PLANE('',#3721);
#113=PLANE('',#3725);
#114=PLANE('',#3726);
#115=PLANE('',#3730);
#116=PLANE('',#3734);
#117=PLANE('',#3738);
#118=PLANE('',#3743);
#119=PLANE('',#3745);
#120=PLANE('',#3746);
#121=PLANE('',#3747);
#122=PLANE('',#3749);
#123=PLANE('',#3751);
#124=PLANE('',#3753);
#125=PLANE('',#3755);
#126=PLANE('',#3757);
#127=CYLINDRICAL_SURFACE('',#3421,1.45);
#128=CYLINDRICAL_SURFACE('',#3426,1.45);
#129=CYLINDRICAL_SURFACE('',#3431,1.45);
#130=CYLINDRICAL_SURFACE('',#3436,1.45);
#131=CYLINDRICAL_SURFACE('',#3441,1.45);
#132=CYLINDRICAL_SURFACE('',#3446,1.45);
#133=CYLINDRICAL_SURFACE('',#3448,1.5);
#134=CYLINDRICAL_SURFACE('',#3453,1.5);
#135=CYLINDRICAL_SURFACE('',#3461,1.5);
#136=CYLINDRICAL_SURFACE('',#3463,1.5);
#137=CYLINDRICAL_SURFACE('',#3470,1.5);
#138=CYLINDRICAL_SURFACE('',#3473,1.5);
#139=CYLINDRICAL_SURFACE('',#3481,1.5);
#140=CYLINDRICAL_SURFACE('',#3483,1.5);
#141=CYLINDRICAL_SURFACE('',#3505,1.5);
#142=CYLINDRICAL_SURFACE('',#3508,1.5);
#143=CYLINDRICAL_SURFACE('',#3512,1.5);
#144=CYLINDRICAL_SURFACE('',#3516,1.5);
#145=CYLINDRICAL_SURFACE('',#3519,1.5);
#146=CYLINDRICAL_SURFACE('',#3522,1.5);
#147=CYLINDRICAL_SURFACE('',#3524,1.5);
#148=CYLINDRICAL_SURFACE('',#3550,1.5);
#149=CYLINDRICAL_SURFACE('',#3553,1.5);
#150=CYLINDRICAL_SURFACE('',#3556,1.5);
#151=CYLINDRICAL_SURFACE('',#3559,1.5);
#152=CYLINDRICAL_SURFACE('',#3562,1.5);
#153=CYLINDRICAL_SURFACE('',#3565,1.5);
#154=CYLINDRICAL_SURFACE('',#3568,1.5);
#155=CYLINDRICAL_SURFACE('',#3571,1.5);
#156=CYLINDRICAL_SURFACE('',#3574,1.5);
#157=CYLINDRICAL_SURFACE('',#3577,1.5);
#158=CYLINDRICAL_SURFACE('',#3580,1.5);
#159=CYLINDRICAL_SURFACE('',#3585,1.5);
#160=CYLINDRICAL_SURFACE('',#3591,1.5);
#161=CYLINDRICAL_SURFACE('',#3597,1.5);
#162=CYLINDRICAL_SURFACE('',#3602,1.5);
#163=CYLINDRICAL_SURFACE('',#3606,1.5);
#164=CYLINDRICAL_SURFACE('',#3611,1.5);
#165=CYLINDRICAL_SURFACE('',#3614,1.5);
#166=CYLINDRICAL_SURFACE('',#3617,1.5);
#167=CYLINDRICAL_SURFACE('',#3619,1.5);
#168=CYLINDRICAL_SURFACE('',#3622,1.5);
#169=CYLINDRICAL_SURFACE('',#3625,1.5);
#170=CYLINDRICAL_SURFACE('',#3626,1.5);
#171=CYLINDRICAL_SURFACE('',#3628,1.5);
#172=CYLINDRICAL_SURFACE('',#3630,1.5);
#173=CYLINDRICAL_SURFACE('',#3633,1.5);
#174=CYLINDRICAL_SURFACE('',#3635,1.5);
#175=CYLINDRICAL_SURFACE('',#3638,1.5);
#176=CYLINDRICAL_SURFACE('',#3641,6.50000000097354);
#177=CYLINDRICAL_SURFACE('',#3645,6.50000000004425);
#178=CYLINDRICAL_SURFACE('',#3652,5.);
#179=CYLINDRICAL_SURFACE('',#3655,5.);
#180=CYLINDRICAL_SURFACE('',#3675,1.7699986756505);
#181=CYLINDRICAL_SURFACE('',#3677,1.76999867566049);
#182=CYLINDRICAL_SURFACE('',#3679,1.76999867566049);
#183=CYLINDRICAL_SURFACE('',#3681,0.769998675652998);
#184=CYLINDRICAL_SURFACE('',#3682,0.769998675652978);
#185=CYLINDRICAL_SURFACE('',#3686,1.59999999999984);
#186=CYLINDRICAL_SURFACE('',#3706,2.99999999996873);
#187=CYLINDRICAL_SURFACE('',#3709,3.);
#188=CYLINDRICAL_SURFACE('',#3713,2.99999999992949);
#189=CYLINDRICAL_SURFACE('',#3716,2.9999999999295);
#190=CYLINDRICAL_SURFACE('',#3720,3.5);
#191=CYLINDRICAL_SURFACE('',#3722,3.49999999999998);
#192=CYLINDRICAL_SURFACE('',#3723,1.45);
#193=CYLINDRICAL_SURFACE('',#3724,1.45);
#194=CYLINDRICAL_SURFACE('',#3742,6.00000000000173);
#195=CYLINDRICAL_SURFACE('',#3744,5.99999999999994);
#196=CYLINDRICAL_SURFACE('',#3748,5.00000000000061);
#197=CYLINDRICAL_SURFACE('',#3750,5.);
#198=CYLINDRICAL_SURFACE('',#3752,5.);
#199=CYLINDRICAL_SURFACE('',#3754,5.00000000000242);
#200=CYLINDRICAL_SURFACE('',#3756,6.00000000000485);
#201=CYLINDRICAL_SURFACE('',#3758,6.00000000000011);
#202=FACE_OUTER_BOUND('',#376,.T.);
#203=FACE_OUTER_BOUND('',#377,.T.);
#204=FACE_OUTER_BOUND('',#378,.T.);
#205=FACE_OUTER_BOUND('',#379,.T.);
#206=FACE_OUTER_BOUND('',#380,.T.);
#207=FACE_OUTER_BOUND('',#381,.T.);
#208=FACE_OUTER_BOUND('',#382,.T.);
#209=FACE_OUTER_BOUND('',#383,.T.);
#210=FACE_OUTER_BOUND('',#384,.T.);
#211=FACE_OUTER_BOUND('',#385,.T.);
#212=FACE_OUTER_BOUND('',#386,.T.);
#213=FACE_OUTER_BOUND('',#387,.T.);
#214=FACE_OUTER_BOUND('',#388,.T.);
#215=FACE_OUTER_BOUND('',#389,.T.);
#216=FACE_OUTER_BOUND('',#390,.T.);
#217=FACE_OUTER_BOUND('',#391,.T.);
#218=FACE_OUTER_BOUND('',#392,.T.);
#219=FACE_OUTER_BOUND('',#393,.T.);
#220=FACE_OUTER_BOUND('',#394,.T.);
#221=FACE_OUTER_BOUND('',#395,.T.);
#222=FACE_OUTER_BOUND('',#396,.T.);
#223=FACE_OUTER_BOUND('',#397,.T.);
#224=FACE_OUTER_BOUND('',#398,.T.);
#225=FACE_OUTER_BOUND('',#399,.T.);
#226=FACE_OUTER_BOUND('',#400,.T.);
#227=FACE_OUTER_BOUND('',#401,.T.);
#228=FACE_OUTER_BOUND('',#402,.T.);
#229=FACE_OUTER_BOUND('',#403,.T.);
#230=FACE_OUTER_BOUND('',#404,.T.);
#231=FACE_OUTER_BOUND('',#406,.T.);
#232=FACE_OUTER_BOUND('',#407,.T.);
#233=FACE_OUTER_BOUND('',#408,.T.);
#234=FACE_OUTER_BOUND('',#409,.T.);
#235=FACE_OUTER_BOUND('',#410,.T.);
#236=FACE_OUTER_BOUND('',#411,.T.);
#237=FACE_OUTER_BOUND('',#412,.T.);
#238=FACE_OUTER_BOUND('',#413,.T.);
#239=FACE_OUTER_BOUND('',#414,.T.);
#240=FACE_OUTER_BOUND('',#415,.T.);
#241=FACE_OUTER_BOUND('',#416,.T.);
#242=FACE_OUTER_BOUND('',#417,.T.);
#243=FACE_OUTER_BOUND('',#418,.T.);
#244=FACE_OUTER_BOUND('',#419,.T.);
#245=FACE_OUTER_BOUND('',#420,.T.);
#246=FACE_OUTER_BOUND('',#421,.T.);
#247=FACE_OUTER_BOUND('',#422,.T.);
#248=FACE_OUTER_BOUND('',#423,.T.);
#249=FACE_OUTER_BOUND('',#424,.T.);
#250=FACE_OUTER_BOUND('',#425,.T.);
#251=FACE_OUTER_BOUND('',#426,.T.);
#252=FACE_OUTER_BOUND('',#427,.T.);
#253=FACE_OUTER_BOUND('',#428,.T.);
#254=FACE_OUTER_BOUND('',#429,.T.);
#255=FACE_OUTER_BOUND('',#430,.T.);
#256=FACE_OUTER_BOUND('',#431,.T.);
#257=FACE_OUTER_BOUND('',#432,.T.);
#258=FACE_OUTER_BOUND('',#433,.T.);
#259=FACE_OUTER_BOUND('',#434,.T.);
#260=FACE_OUTER_BOUND('',#435,.T.);
#261=FACE_OUTER_BOUND('',#436,.T.);
#262=FACE_OUTER_BOUND('',#437,.T.);
#263=FACE_OUTER_BOUND('',#438,.T.);
#264=FACE_OUTER_BOUND('',#439,.T.);
#265=FACE_OUTER_BOUND('',#440,.T.);
#266=FACE_OUTER_BOUND('',#441,.T.);
#267=FACE_OUTER_BOUND('',#442,.T.);
#268=FACE_OUTER_BOUND('',#443,.T.);
#269=FACE_OUTER_BOUND('',#444,.T.);
#270=FACE_OUTER_BOUND('',#445,.T.);
#271=FACE_OUTER_BOUND('',#446,.T.);
#272=FACE_OUTER_BOUND('',#447,.T.);
#273=FACE_OUTER_BOUND('',#448,.T.);
#274=FACE_OUTER_BOUND('',#449,.T.);
#275=FACE_OUTER_BOUND('',#450,.T.);
#276=FACE_OUTER_BOUND('',#451,.T.);
#277=FACE_OUTER_BOUND('',#452,.T.);
#278=FACE_OUTER_BOUND('',#453,.T.);
#279=FACE_OUTER_BOUND('',#454,.T.);
#280=FACE_OUTER_BOUND('',#455,.T.);
#281=FACE_OUTER_BOUND('',#456,.T.);
#282=FACE_OUTER_BOUND('',#457,.T.);
#283=FACE_OUTER_BOUND('',#458,.T.);
#284=FACE_OUTER_BOUND('',#459,.T.);
#285=FACE_OUTER_BOUND('',#460,.T.);
#286=FACE_OUTER_BOUND('',#461,.T.);
#287=FACE_OUTER_BOUND('',#462,.T.);
#288=FACE_OUTER_BOUND('',#463,.T.);
#289=FACE_OUTER_BOUND('',#464,.T.);
#290=FACE_OUTER_BOUND('',#465,.T.);
#291=FACE_OUTER_BOUND('',#466,.T.);
#292=FACE_OUTER_BOUND('',#467,.T.);
#293=FACE_OUTER_BOUND('',#468,.T.);
#294=FACE_OUTER_BOUND('',#469,.T.);
#295=FACE_OUTER_BOUND('',#470,.T.);
#296=FACE_OUTER_BOUND('',#471,.T.);
#297=FACE_OUTER_BOUND('',#472,.T.);
#298=FACE_OUTER_BOUND('',#473,.T.);
#299=FACE_OUTER_BOUND('',#474,.T.);
#300=FACE_OUTER_BOUND('',#475,.T.);
#301=FACE_OUTER_BOUND('',#476,.T.);
#302=FACE_OUTER_BOUND('',#477,.T.);
#303=FACE_OUTER_BOUND('',#478,.T.);
#304=FACE_OUTER_BOUND('',#479,.T.);
#305=FACE_OUTER_BOUND('',#481,.T.);
#306=FACE_OUTER_BOUND('',#482,.T.);
#307=FACE_OUTER_BOUND('',#483,.T.);
#308=FACE_OUTER_BOUND('',#484,.T.);
#309=FACE_OUTER_BOUND('',#485,.T.);
#310=FACE_OUTER_BOUND('',#486,.T.);
#311=FACE_OUTER_BOUND('',#495,.T.);
#312=FACE_OUTER_BOUND('',#496,.T.);
#313=FACE_OUTER_BOUND('',#497,.T.);
#314=FACE_OUTER_BOUND('',#498,.T.);
#315=FACE_OUTER_BOUND('',#499,.T.);
#316=FACE_OUTER_BOUND('',#500,.T.);
#317=FACE_OUTER_BOUND('',#501,.T.);
#318=FACE_OUTER_BOUND('',#502,.T.);
#319=FACE_OUTER_BOUND('',#503,.T.);
#320=FACE_OUTER_BOUND('',#504,.T.);
#321=FACE_OUTER_BOUND('',#505,.T.);
#322=FACE_OUTER_BOUND('',#506,.T.);
#323=FACE_OUTER_BOUND('',#507,.T.);
#324=FACE_OUTER_BOUND('',#508,.T.);
#325=FACE_OUTER_BOUND('',#509,.T.);
#326=FACE_OUTER_BOUND('',#510,.T.);
#327=FACE_OUTER_BOUND('',#511,.T.);
#328=FACE_OUTER_BOUND('',#512,.T.);
#329=FACE_OUTER_BOUND('',#513,.T.);
#330=FACE_OUTER_BOUND('',#514,.T.);
#331=FACE_OUTER_BOUND('',#515,.T.);
#332=FACE_OUTER_BOUND('',#516,.T.);
#333=FACE_OUTER_BOUND('',#517,.T.);
#334=FACE_OUTER_BOUND('',#518,.T.);
#335=FACE_OUTER_BOUND('',#519,.T.);
#336=FACE_OUTER_BOUND('',#520,.T.);
#337=FACE_OUTER_BOUND('',#521,.T.);
#338=FACE_OUTER_BOUND('',#522,.T.);
#339=FACE_OUTER_BOUND('',#523,.T.);
#340=FACE_OUTER_BOUND('',#524,.T.);
#341=FACE_OUTER_BOUND('',#525,.T.);
#342=FACE_OUTER_BOUND('',#526,.T.);
#343=FACE_OUTER_BOUND('',#527,.T.);
#344=FACE_OUTER_BOUND('',#528,.T.);
#345=FACE_OUTER_BOUND('',#529,.T.);
#346=FACE_OUTER_BOUND('',#530,.T.);
#347=FACE_OUTER_BOUND('',#531,.T.);
#348=FACE_OUTER_BOUND('',#532,.T.);
#349=FACE_OUTER_BOUND('',#533,.T.);
#350=FACE_OUTER_BOUND('',#534,.T.);
#351=FACE_OUTER_BOUND('',#535,.T.);
#352=FACE_OUTER_BOUND('',#536,.T.);
#353=FACE_OUTER_BOUND('',#537,.T.);
#354=FACE_OUTER_BOUND('',#538,.T.);
#355=FACE_OUTER_BOUND('',#539,.T.);
#356=FACE_OUTER_BOUND('',#540,.T.);
#357=FACE_OUTER_BOUND('',#541,.T.);
#358=FACE_OUTER_BOUND('',#542,.T.);
#359=FACE_OUTER_BOUND('',#543,.T.);
#360=FACE_OUTER_BOUND('',#544,.T.);
#361=FACE_OUTER_BOUND('',#545,.T.);
#362=FACE_OUTER_BOUND('',#546,.T.);
#363=FACE_OUTER_BOUND('',#547,.T.);
#364=FACE_OUTER_BOUND('',#557,.T.);
#365=FACE_OUTER_BOUND('',#558,.T.);
#366=FACE_OUTER_BOUND('',#559,.T.);
#367=FACE_OUTER_BOUND('',#560,.T.);
#368=FACE_OUTER_BOUND('',#561,.T.);
#369=FACE_OUTER_BOUND('',#562,.T.);
#370=FACE_OUTER_BOUND('',#563,.T.);
#371=FACE_OUTER_BOUND('',#564,.T.);
#372=FACE_OUTER_BOUND('',#565,.T.);
#373=FACE_OUTER_BOUND('',#566,.T.);
#374=FACE_OUTER_BOUND('',#567,.T.);
#375=FACE_OUTER_BOUND('',#568,.T.);
#376=EDGE_LOOP('',(#2223,#2224,#2225,#2226));
#377=EDGE_LOOP('',(#2227,#2228,#2229,#2230));
#378=EDGE_LOOP('',(#2231,#2232,#2233,#2234));
#379=EDGE_LOOP('',(#2235,#2236,#2237,#2238));
#380=EDGE_LOOP('',(#2239,#2240,#2241,#2242));
#381=EDGE_LOOP('',(#2243,#2244,#2245,#2246));
#382=EDGE_LOOP('',(#2247,#2248,#2249,#2250));
#383=EDGE_LOOP('',(#2251,#2252,#2253,#2254));
#384=EDGE_LOOP('',(#2255,#2256,#2257,#2258));
#385=EDGE_LOOP('',(#2259,#2260,#2261,#2262));
#386=EDGE_LOOP('',(#2263,#2264,#2265,#2266));
#387=EDGE_LOOP('',(#2267,#2268,#2269,#2270));
#388=EDGE_LOOP('',(#2271,#2272,#2273,#2274,#2275,#2276));
#389=EDGE_LOOP('',(#2277,#2278,#2279,#2280));
#390=EDGE_LOOP('',(#2281,#2282,#2283,#2284));
#391=EDGE_LOOP('',(#2285,#2286,#2287,#2288,#2289,#2290,#2291,#2292));
#392=EDGE_LOOP('',(#2293,#2294,#2295,#2296));
#393=EDGE_LOOP('',(#2297,#2298,#2299,#2300));
#394=EDGE_LOOP('',(#2301,#2302,#2303,#2304));
#395=EDGE_LOOP('',(#2305,#2306,#2307,#2308,#2309,#2310,#2311));
#396=EDGE_LOOP('',(#2312,#2313,#2314,#2315,#2316,#2317));
#397=EDGE_LOOP('',(#2318,#2319,#2320,#2321));
#398=EDGE_LOOP('',(#2322,#2323,#2324,#2325));
#399=EDGE_LOOP('',(#2326,#2327,#2328,#2329));
#400=EDGE_LOOP('',(#2330,#2331,#2332,#2333,#2334,#2335));
#401=EDGE_LOOP('',(#2336,#2337,#2338,#2339,#2340,#2341,#2342,#2343));
#402=EDGE_LOOP('',(#2344,#2345,#2346,#2347));
#403=EDGE_LOOP('',(#2348,#2349,#2350,#2351));
#404=EDGE_LOOP('',(#2352,#2353,#2354,#2355,#2356,#2357,#2358,#2359,#2360,
#2361,#2362,#2363,#2364,#2365,#2366,#2367,#2368,#2369,#2370,#2371,#2372,
#2373,#2374,#2375,#2376,#2377,#2378,#2379,#2380,#2381,#2382,#2383,#2384,
#2385,#2386,#2387));
#405=EDGE_LOOP('',(#2388,#2389,#2390,#2391,#2392,#2393,#2394,#2395));
#406=EDGE_LOOP('',(#2396,#2397,#2398,#2399));
#407=EDGE_LOOP('',(#2400,#2401,#2402,#2403,#2404,#2405));
#408=EDGE_LOOP('',(#2406,#2407,#2408,#2409));
#409=EDGE_LOOP('',(#2410,#2411,#2412,#2413));
#410=EDGE_LOOP('',(#2414,#2415,#2416,#2417));
#411=EDGE_LOOP('',(#2418,#2419,#2420,#2421));
#412=EDGE_LOOP('',(#2422,#2423,#2424,#2425));
#413=EDGE_LOOP('',(#2426,#2427,#2428,#2429));
#414=EDGE_LOOP('',(#2430,#2431,#2432,#2433));
#415=EDGE_LOOP('',(#2434,#2435,#2436,#2437,#2438,#2439,#2440,#2441));
#416=EDGE_LOOP('',(#2442,#2443,#2444,#2445));
#417=EDGE_LOOP('',(#2446,#2447,#2448,#2449));
#418=EDGE_LOOP('',(#2450,#2451,#2452,#2453));
#419=EDGE_LOOP('',(#2454,#2455,#2456,#2457));
#420=EDGE_LOOP('',(#2458,#2459,#2460,#2461,#2462,#2463,#2464,#2465,#2466,
#2467,#2468,#2469,#2470,#2471,#2472,#2473,#2474,#2475,#2476,#2477,#2478,
#2479,#2480,#2481,#2482,#2483,#2484,#2485,#2486,#2487,#2488,#2489,#2490,
#2491,#2492,#2493,#2494,#2495,#2496,#2497,#2498,#2499,#2500,#2501,#2502,
#2503,#2504,#2505));
#421=EDGE_LOOP('',(#2506,#2507,#2508,#2509));
#422=EDGE_LOOP('',(#2510,#2511,#2512,#2513));
#423=EDGE_LOOP('',(#2514,#2515,#2516,#2517));
#424=EDGE_LOOP('',(#2518,#2519,#2520,#2521));
#425=EDGE_LOOP('',(#2522,#2523,#2524,#2525));
#426=EDGE_LOOP('',(#2526,#2527,#2528,#2529));
#427=EDGE_LOOP('',(#2530,#2531,#2532,#2533));
#428=EDGE_LOOP('',(#2534,#2535,#2536,#2537));
#429=EDGE_LOOP('',(#2538,#2539,#2540,#2541));
#430=EDGE_LOOP('',(#2542,#2543,#2544,#2545,#2546,#2547,#2548,#2549));
#431=EDGE_LOOP('',(#2550,#2551,#2552,#2553));
#432=EDGE_LOOP('',(#2554,#2555,#2556,#2557));
#433=EDGE_LOOP('',(#2558,#2559,#2560,#2561));
#434=EDGE_LOOP('',(#2562,#2563,#2564,#2565));
#435=EDGE_LOOP('',(#2566,#2567,#2568,#2569));
#436=EDGE_LOOP('',(#2570,#2571,#2572,#2573));
#437=EDGE_LOOP('',(#2574,#2575,#2576,#2577));
#438=EDGE_LOOP('',(#2578,#2579,#2580,#2581));
#439=EDGE_LOOP('',(#2582,#2583,#2584,#2585));
#440=EDGE_LOOP('',(#2586,#2587,#2588,#2589,#2590,#2591));
#441=EDGE_LOOP('',(#2592,#2593,#2594,#2595));
#442=EDGE_LOOP('',(#2596,#2597,#2598,#2599,#2600,#2601));
#443=EDGE_LOOP('',(#2602,#2603,#2604,#2605));
#444=EDGE_LOOP('',(#2606,#2607,#2608,#2609));
#445=EDGE_LOOP('',(#2610,#2611,#2612,#2613,#2614,#2615,#2616));
#446=EDGE_LOOP('',(#2617,#2618,#2619,#2620));
#447=EDGE_LOOP('',(#2621,#2622,#2623,#2624));
#448=EDGE_LOOP('',(#2625,#2626,#2627,#2628,#2629,#2630,#2631));
#449=EDGE_LOOP('',(#2632,#2633,#2634,#2635));
#450=EDGE_LOOP('',(#2636,#2637,#2638,#2639));
#451=EDGE_LOOP('',(#2640,#2641,#2642,#2643));
#452=EDGE_LOOP('',(#2644,#2645,#2646,#2647,#2648,#2649));
#453=EDGE_LOOP('',(#2650,#2651,#2652,#2653));
#454=EDGE_LOOP('',(#2654,#2655,#2656,#2657));
#455=EDGE_LOOP('',(#2658,#2659,#2660,#2661));
#456=EDGE_LOOP('',(#2662,#2663,#2664,#2665));
#457=EDGE_LOOP('',(#2666,#2667,#2668,#2669));
#458=EDGE_LOOP('',(#2670,#2671,#2672,#2673));
#459=EDGE_LOOP('',(#2674,#2675,#2676,#2677));
#460=EDGE_LOOP('',(#2678,#2679,#2680,#2681));
#461=EDGE_LOOP('',(#2682,#2683,#2684,#2685));
#462=EDGE_LOOP('',(#2686,#2687,#2688,#2689,#2690,#2691));
#463=EDGE_LOOP('',(#2692,#2693,#2694,#2695));
#464=EDGE_LOOP('',(#2696,#2697,#2698,#2699));
#465=EDGE_LOOP('',(#2700,#2701,#2702,#2703,#2704,#2705));
#466=EDGE_LOOP('',(#2706,#2707,#2708,#2709));
#467=EDGE_LOOP('',(#2710,#2711,#2712,#2713));
#468=EDGE_LOOP('',(#2714,#2715,#2716,#2717));
#469=EDGE_LOOP('',(#2718,#2719,#2720,#2721));
#470=EDGE_LOOP('',(#2722,#2723,#2724,#2725));
#471=EDGE_LOOP('',(#2726,#2727,#2728,#2729));
#472=EDGE_LOOP('',(#2730,#2731,#2732,#2733,#2734,#2735));
#473=EDGE_LOOP('',(#2736,#2737,#2738,#2739));
#474=EDGE_LOOP('',(#2740,#2741,#2742,#2743));
#475=EDGE_LOOP('',(#2744,#2745,#2746,#2747,#2748,#2749));
#476=EDGE_LOOP('',(#2750,#2751,#2752,#2753,#2754,#2755,#2756,#2757));
#477=EDGE_LOOP('',(#2758,#2759,#2760,#2761));
#478=EDGE_LOOP('',(#2762,#2763,#2764,#2765,#2766,#2767));
#479=EDGE_LOOP('',(#2768,#2769,#2770,#2771));
#480=EDGE_LOOP('',(#2772,#2773,#2774,#2775));
#481=EDGE_LOOP('',(#2776,#2777,#2778,#2779,#2780,#2781,#2782,#2783,#2784,
#2785));
#482=EDGE_LOOP('',(#2786,#2787,#2788,#2789));
#483=EDGE_LOOP('',(#2790,#2791,#2792,#2793));
#484=EDGE_LOOP('',(#2794,#2795,#2796,#2797));
#485=EDGE_LOOP('',(#2798,#2799,#2800,#2801));
#486=EDGE_LOOP('',(#2802,#2803,#2804,#2805,#2806,#2807,#2808,#2809,#2810,
#2811,#2812,#2813,#2814,#2815,#2816,#2817,#2818,#2819,#2820,#2821,#2822,
#2823,#2824,#2825,#2826,#2827,#2828,#2829,#2830,#2831,#2832,#2833,#2834,
#2835,#2836,#2837,#2838,#2839,#2840,#2841,#2842,#2843,#2844,#2845,#2846,
#2847,#2848,#2849,#2850,#2851,#2852,#2853,#2854,#2855,#2856,#2857,#2858,
#2859,#2860,#2861,#2862,#2863,#2864,#2865,#2866,#2867,#2868));
#487=EDGE_LOOP('',(#2869));
#488=EDGE_LOOP('',(#2870));
#489=EDGE_LOOP('',(#2871));
#490=EDGE_LOOP('',(#2872));
#491=EDGE_LOOP('',(#2873));
#492=EDGE_LOOP('',(#2874));
#493=EDGE_LOOP('',(#2875,#2876,#2877,#2878));
#494=EDGE_LOOP('',(#2879,#2880,#2881,#2882));
#495=EDGE_LOOP('',(#2883,#2884,#2885,#2886,#2887,#2888,#2889,#2890));
#496=EDGE_LOOP('',(#2891,#2892,#2893,#2894));
#497=EDGE_LOOP('',(#2895,#2896,#2897,#2898,#2899,#2900,#2901,#2902,#2903));
#498=EDGE_LOOP('',(#2904,#2905,#2906,#2907,#2908,#2909,#2910,#2911,#2912));
#499=EDGE_LOOP('',(#2913,#2914,#2915,#2916));
#500=EDGE_LOOP('',(#2917,#2918,#2919,#2920));
#501=EDGE_LOOP('',(#2921,#2922,#2923,#2924));
#502=EDGE_LOOP('',(#2925,#2926,#2927,#2928));
#503=EDGE_LOOP('',(#2929,#2930,#2931,#2932));
#504=EDGE_LOOP('',(#2933,#2934,#2935,#2936));
#505=EDGE_LOOP('',(#2937,#2938,#2939,#2940));
#506=EDGE_LOOP('',(#2941,#2942,#2943,#2944));
#507=EDGE_LOOP('',(#2945,#2946,#2947,#2948));
#508=EDGE_LOOP('',(#2949,#2950,#2951,#2952));
#509=EDGE_LOOP('',(#2953,#2954,#2955,#2956,#2957,#2958,#2959,#2960));
#510=EDGE_LOOP('',(#2961,#2962,#2963,#2964));
#511=EDGE_LOOP('',(#2965,#2966,#2967,#2968,#2969));
#512=EDGE_LOOP('',(#2970,#2971,#2972,#2973,#2974,#2975,#2976,#2977,#2978,
#2979,#2980,#2981));
#513=EDGE_LOOP('',(#2982,#2983,#2984,#2985,#2986,#2987,#2988,#2989,#2990,
#2991,#2992,#2993,#2994,#2995,#2996,#2997,#2998,#2999,#3000,#3001,#3002,
#3003,#3004,#3005));
#514=EDGE_LOOP('',(#3006,#3007,#3008,#3009));
#515=EDGE_LOOP('',(#3010,#3011,#3012,#3013));
#516=EDGE_LOOP('',(#3014,#3015,#3016,#3017,#3018,#3019,#3020));
#517=EDGE_LOOP('',(#3021,#3022,#3023,#3024));
#518=EDGE_LOOP('',(#3025,#3026,#3027,#3028));
#519=EDGE_LOOP('',(#3029,#3030,#3031,#3032));
#520=EDGE_LOOP('',(#3033,#3034,#3035,#3036));
#521=EDGE_LOOP('',(#3037,#3038,#3039,#3040));
#522=EDGE_LOOP('',(#3041,#3042,#3043,#3044));
#523=EDGE_LOOP('',(#3045,#3046,#3047,#3048));
#524=EDGE_LOOP('',(#3049,#3050,#3051,#3052));
#525=EDGE_LOOP('',(#3053,#3054,#3055,#3056));
#526=EDGE_LOOP('',(#3057,#3058,#3059,#3060));
#527=EDGE_LOOP('',(#3061,#3062,#3063,#3064));
#528=EDGE_LOOP('',(#3065,#3066,#3067,#3068));
#529=EDGE_LOOP('',(#3069,#3070,#3071,#3072));
#530=EDGE_LOOP('',(#3073,#3074,#3075,#3076));
#531=EDGE_LOOP('',(#3077,#3078,#3079,#3080));
#532=EDGE_LOOP('',(#3081,#3082,#3083,#3084));
#533=EDGE_LOOP('',(#3085,#3086,#3087,#3088));
#534=EDGE_LOOP('',(#3089,#3090,#3091,#3092));
#535=EDGE_LOOP('',(#3093,#3094,#3095,#3096));
#536=EDGE_LOOP('',(#3097,#3098,#3099,#3100));
#537=EDGE_LOOP('',(#3101,#3102,#3103,#3104));
#538=EDGE_LOOP('',(#3105,#3106,#3107,#3108));
#539=EDGE_LOOP('',(#3109,#3110,#3111,#3112));
#540=EDGE_LOOP('',(#3113,#3114,#3115,#3116));
#541=EDGE_LOOP('',(#3117,#3118,#3119,#3120));
#542=EDGE_LOOP('',(#3121,#3122,#3123,#3124));
#543=EDGE_LOOP('',(#3125,#3126,#3127,#3128));
#544=EDGE_LOOP('',(#3129,#3130,#3131,#3132));
#545=EDGE_LOOP('',(#3133,#3134,#3135,#3136));
#546=EDGE_LOOP('',(#3137,#3138,#3139,#3140));
#547=EDGE_LOOP('',(#3141,#3142,#3143,#3144,#3145,#3146,#3147,#3148));
#548=EDGE_LOOP('',(#3149));
#549=EDGE_LOOP('',(#3150));
#550=EDGE_LOOP('',(#3151));
#551=EDGE_LOOP('',(#3152));
#552=EDGE_LOOP('',(#3153));
#553=EDGE_LOOP('',(#3154));
#554=EDGE_LOOP('',(#3155,#3156,#3157,#3158));
#555=EDGE_LOOP('',(#3159,#3160,#3161,#3162));
#556=EDGE_LOOP('',(#3163,#3164,#3165,#3166));
#557=EDGE_LOOP('',(#3167,#3168,#3169,#3170));
#558=EDGE_LOOP('',(#3171,#3172,#3173,#3174));
#559=EDGE_LOOP('',(#3175,#3176,#3177,#3178));
#560=EDGE_LOOP('',(#3179,#3180,#3181,#3182));
#561=EDGE_LOOP('',(#3183,#3184,#3185,#3186));
#562=EDGE_LOOP('',(#3187,#3188,#3189,#3190));
#563=EDGE_LOOP('',(#3191,#3192,#3193,#3194));
#564=EDGE_LOOP('',(#3195,#3196,#3197,#3198));
#565=EDGE_LOOP('',(#3199,#3200,#3201,#3202,#3203,#3204,#3205,#3206));
#566=EDGE_LOOP('',(#3207,#3208,#3209,#3210));
#567=EDGE_LOOP('',(#3211,#3212,#3213,#3214));
#568=EDGE_LOOP('',(#3215,#3216,#3217,#3218));
#569=LINE('',#4785,#900);
#570=LINE('',#4789,#901);
#571=LINE('',#4795,#902);
#572=LINE('',#4799,#903);
#573=LINE('',#4805,#904);
#574=LINE('',#4809,#905);
#575=LINE('',#4815,#906);
#576=LINE('',#4819,#907);
#577=LINE('',#4825,#908);
#578=LINE('',#4829,#909);
#579=LINE('',#4835,#910);
#580=LINE('',#4839,#911);
#581=LINE('',#4846,#912);
#582=LINE('',#4850,#913);
#583=LINE('',#4853,#914);
#584=LINE('',#4856,#915);
#585=LINE('',#4858,#916);
#586=LINE('',#4859,#917);
#587=LINE('',#4865,#918);
#588=LINE('',#4868,#919);
#589=LINE('',#4871,#920);
#590=LINE('',#4875,#921);
#591=LINE('',#4879,#922);
#592=LINE('',#4882,#923);
#593=LINE('',#4885,#924);
#594=LINE('',#4886,#925);
#595=LINE('',#4890,#926);
#596=LINE('',#4896,#927);
#597=LINE('',#4899,#928);
#598=LINE('',#4902,#929);
#599=LINE('',#4906,#930);
#600=LINE('',#4908,#931);
#601=LINE('',#4911,#932);
#602=LINE('',#4914,#933);
#603=LINE('',#4916,#934);
#604=LINE('',#4918,#935);
#605=LINE('',#4919,#936);
#606=LINE('',#4922,#937);
#607=LINE('',#4925,#938);
#608=LINE('',#4928,#939);
#609=LINE('',#4929,#940);
#610=LINE('',#4935,#941);
#611=LINE('',#4938,#942);
#612=LINE('',#4941,#943);
#613=LINE('',#4943,#944);
#614=LINE('',#4945,#945);
#615=LINE('',#4947,#946);
#616=LINE('',#4948,#947);
#617=LINE('',#4951,#948);
#618=LINE('',#4955,#949);
#619=LINE('',#4959,#950);
#620=LINE('',#4963,#951);
#621=LINE('',#4970,#952);
#622=LINE('',#4974,#953);
#623=LINE('',#4977,#954);
#624=LINE('',#4979,#955);
#625=LINE('',#4983,#956);
#626=LINE('',#4987,#957);
#627=LINE('',#4991,#958);
#628=LINE('',#4995,#959);
#629=LINE('',#4999,#960);
#630=LINE('',#5003,#961);
#631=LINE('',#5007,#962);
#632=LINE('',#5011,#963);
#633=LINE('',#5015,#964);
#634=LINE('',#5019,#965);
#635=LINE('',#5023,#966);
#636=LINE('',#5027,#967);
#637=LINE('',#5031,#968);
#638=LINE('',#5035,#969);
#639=LINE('',#5039,#970);
#640=LINE('',#5043,#971);
#641=LINE('',#5046,#972);
#642=LINE('',#5049,#973);
#643=LINE('',#5051,#974);
#644=LINE('',#5053,#975);
#645=LINE('',#5054,#976);
#646=LINE('',#5060,#977);
#647=LINE('',#5063,#978);
#648=LINE('',#5066,#979);
#649=LINE('',#5068,#980);
#650=LINE('',#5069,#981);
#651=LINE('',#5075,#982);
#652=LINE('',#5078,#983);
#653=LINE('',#5080,#984);
#654=LINE('',#5081,#985);
#655=LINE('',#5084,#986);
#656=LINE('',#5087,#987);
#657=LINE('',#5090,#988);
#658=LINE('',#5091,#989);
#659=LINE('',#5095,#990);
#660=LINE('',#5097,#991);
#661=LINE('',#5099,#992);
#662=LINE('',#5100,#993);
#663=LINE('',#5102,#994);
#664=LINE('',#5103,#995);
#665=LINE('',#5105,#996);
#666=LINE('',#5111,#997);
#667=LINE('',#5114,#998);
#668=LINE('',#5117,#999);
#669=LINE('',#5119,#1000);
#670=LINE('',#5120,#1001);
#671=LINE('',#5125,#1002);
#672=LINE('',#5129,#1003);
#673=LINE('',#5133,#1004);
#674=LINE('',#5137,#1005);
#675=LINE('',#5141,#1006);
#676=LINE('',#5144,#1007);
#677=LINE('',#5148,#1008);
#678=LINE('',#5152,#1009);
#679=LINE('',#5156,#1010);
#680=LINE('',#5160,#1011);
#681=LINE('',#5164,#1012);
#682=LINE('',#5168,#1013);
#683=LINE('',#5172,#1014);
#684=LINE('',#5176,#1015);
#685=LINE('',#5180,#1016);
#686=LINE('',#5184,#1017);
#687=LINE('',#5188,#1018);
#688=LINE('',#5192,#1019);
#689=LINE('',#5196,#1020);
#690=LINE('',#5200,#1021);
#691=LINE('',#5206,#1022);
#692=LINE('',#5207,#1023);
#693=LINE('',#5210,#1024);
#694=LINE('',#5211,#1025);
#695=LINE('',#5216,#1026);
#696=LINE('',#5217,#1027);
#697=LINE('',#5220,#1028);
#698=LINE('',#5221,#1029);
#699=LINE('',#5225,#1030);
#700=LINE('',#5228,#1031);
#701=LINE('',#5229,#1032);
#702=LINE('',#5233,#1033);
#703=LINE('',#5236,#1034);
#704=LINE('',#5237,#1035);
#705=LINE('',#5241,#1036);
#706=LINE('',#5243,#1037);
#707=LINE('',#5246,#1038);
#708=LINE('',#5249,#1039);
#709=LINE('',#5252,#1040);
#710=LINE('',#5253,#1041);
#711=LINE('',#5258,#1042);
#712=LINE('',#5259,#1043);
#713=LINE('',#5262,#1044);
#714=LINE('',#5263,#1045);
#715=LINE('',#5266,#1046);
#716=LINE('',#5269,#1047);
#717=LINE('',#5272,#1048);
#718=LINE('',#5273,#1049);
#719=LINE('',#5277,#1050);
#720=LINE('',#5279,#1051);
#721=LINE('',#5285,#1052);
#722=LINE('',#5291,#1053);
#723=LINE('',#5295,#1054);
#724=LINE('',#5298,#1055);
#725=LINE('',#5301,#1056);
#726=LINE('',#5303,#1057);
#727=LINE('',#5304,#1058);
#728=LINE('',#5310,#1059);
#729=LINE('',#5314,#1060);
#730=LINE('',#5317,#1061);
#731=LINE('',#5320,#1062);
#732=LINE('',#5323,#1063);
#733=LINE('',#5329,#1064);
#734=LINE('',#5332,#1065);
#735=LINE('',#5334,#1066);
#736=LINE('',#5336,#1067);
#737=LINE('',#5338,#1068);
#738=LINE('',#5342,#1069);
#739=LINE('',#5343,#1070);
#740=LINE('',#5349,#1071);
#741=LINE('',#5352,#1072);
#742=LINE('',#5353,#1073);
#743=LINE('',#5354,#1074);
#744=LINE('',#5357,#1075);
#745=LINE('',#5358,#1076);
#746=LINE('',#5364,#1077);
#747=LINE('',#5367,#1078);
#748=LINE('',#5370,#1079);
#749=LINE('',#5372,#1080);
#750=LINE('',#5373,#1081);
#751=LINE('',#5378,#1082);
#752=LINE('',#5382,#1083);
#753=LINE('',#5386,#1084);
#754=LINE('',#5388,#1085);
#755=LINE('',#5389,#1086);
#756=LINE('',#5392,#1087);
#757=LINE('',#5395,#1088);
#758=LINE('',#5398,#1089);
#759=LINE('',#5399,#1090);
#760=LINE('',#5403,#1091);
#761=LINE('',#5405,#1092);
#762=LINE('',#5409,#1093);
#763=LINE('',#5414,#1094);
#764=LINE('',#5415,#1095);
#765=LINE('',#5418,#1096);
#766=LINE('',#5419,#1097);
#767=LINE('',#5423,#1098);
#768=LINE('',#5425,#1099);
#769=LINE('',#5426,#1100);
#770=LINE('',#5428,#1101);
#771=LINE('',#5430,#1102);
#772=LINE('',#5431,#1103);
#773=LINE('',#5434,#1104);
#774=LINE('',#5436,#1105);
#775=LINE('',#5437,#1106);
#776=LINE('',#5439,#1107);
#777=LINE('',#5440,#1108);
#778=LINE('',#5442,#1109);
#779=LINE('',#5447,#1110);
#780=LINE('',#5448,#1111);
#781=LINE('',#5451,#1112);
#782=LINE('',#5452,#1113);
#783=LINE('',#5459,#1114);
#784=LINE('',#5460,#1115);
#785=LINE('',#5462,#1116);
#786=LINE('',#5466,#1117);
#787=LINE('',#5468,#1118);
#788=LINE('',#5471,#1119);
#789=LINE('',#5474,#1120);
#790=LINE('',#5477,#1121);
#791=LINE('',#5478,#1122);
#792=LINE('',#5479,#1123);
#793=LINE('',#5482,#1124);
#794=LINE('',#5483,#1125);
#795=LINE('',#5489,#1126);
#796=LINE('',#5493,#1127);
#797=LINE('',#5497,#1128);
#798=LINE('',#5499,#1129);
#799=LINE('',#5501,#1130);
#800=LINE('',#5503,#1131);
#801=LINE('',#5504,#1132);
#802=LINE('',#5507,#1133);
#803=LINE('',#5509,#1134);
#804=LINE('',#5510,#1135);
#805=LINE('',#5513,#1136);
#806=LINE('',#5517,#1137);
#807=LINE('',#5518,#1138);
#808=LINE('',#5522,#1139);
#809=LINE('',#5523,#1140);
#810=LINE('',#5524,#1141);
#811=LINE('',#5526,#1142);
#812=LINE('',#5528,#1143);
#813=LINE('',#5530,#1144);
#814=LINE('',#5534,#1145);
#815=LINE('',#5538,#1146);
#816=LINE('',#5542,#1147);
#817=LINE('',#5544,#1148);
#818=LINE('',#5545,#1149);
#819=LINE('',#5546,#1150);
#820=LINE('',#5551,#1151);
#821=LINE('',#5554,#1152);
#822=LINE('',#5557,#1153);
#823=LINE('',#5561,#1154);
#824=LINE('',#5567,#1155);
#825=LINE('',#5569,#1156);
#826=LINE('',#5575,#1157);
#827=LINE('',#5577,#1158);
#828=LINE('',#5578,#1159);
#829=LINE('',#5581,#1160);
#830=LINE('',#5582,#1161);
#831=LINE('',#5584,#1162);
#832=LINE('',#5586,#1163);
#833=LINE('',#5588,#1164);
#834=LINE('',#5591,#1165);
#835=LINE('',#5594,#1166);
#836=LINE('',#5598,#1167);
#837=LINE('',#5599,#1168);
#838=LINE('',#5602,#1169);
#839=LINE('',#5606,#1170);
#840=LINE('',#5610,#1171);
#841=LINE('',#5612,#1172);
#842=LINE('',#5614,#1173);
#843=LINE('',#5616,#1174);
#844=LINE('',#5618,#1175);
#845=LINE('',#5620,#1176);
#846=LINE('',#5625,#1177);
#847=LINE('',#5626,#1178);
#848=LINE('',#5628,#1179);
#849=LINE('',#5632,#1180);
#850=LINE('',#5636,#1181);
#851=LINE('',#5640,#1182);
#852=LINE('',#5642,#1183);
#853=LINE('',#5646,#1184);
#854=LINE('',#5650,#1185);
#855=LINE('',#5654,#1186);
#856=LINE('',#5658,#1187);
#857=LINE('',#5662,#1188);
#858=LINE('',#5665,#1189);
#859=LINE('',#5668,#1190);
#860=LINE('',#5671,#1191);
#861=LINE('',#5672,#1192);
#862=LINE('',#5676,#1193);
#863=LINE('',#5678,#1194);
#864=LINE('',#5681,#1195);
#865=LINE('',#5683,#1196);
#866=LINE('',#5684,#1197);
#867=LINE('',#5688,#1198);
#868=LINE('',#5691,#1199);
#869=LINE('',#5692,#1200);
#870=LINE('',#5701,#1201);
#871=LINE('',#5703,#1202);
#872=LINE('',#5705,#1203);
#873=LINE('',#5709,#1204);
#874=LINE('',#5711,#1205);
#875=LINE('',#5713,#1206);
#876=LINE('',#5714,#1207);
#877=LINE('',#5719,#1208);
#878=LINE('',#5724,#1209);
#879=LINE('',#5725,#1210);
#880=LINE('',#5726,#1211);
#881=LINE('',#5730,#1212);
#882=LINE('',#5734,#1213);
#883=LINE('',#5735,#1214);
#884=LINE('',#5740,#1215);
#885=LINE('',#5745,#1216);
#886=LINE('',#5746,#1217);
#887=LINE('',#5747,#1218);
#888=LINE('',#5752,#1219);
#889=LINE('',#5754,#1220);
#890=LINE('',#5756,#1221);
#891=LINE('',#5758,#1222);
#892=LINE('',#5762,#1223);
#893=LINE('',#5764,#1224);
#894=LINE('',#5766,#1225);
#895=LINE('',#5768,#1226);
#896=LINE('',#5770,#1227);
#897=LINE('',#5772,#1228);
#898=LINE('',#5776,#1229);
#899=LINE('',#5778,#1230);
#900=VECTOR('',#3768,1.825);
#901=VECTOR('',#3773,1.45);
#902=VECTOR('',#3780,1.825);
#903=VECTOR('',#3785,1.45);
#904=VECTOR('',#3792,1.825);
#905=VECTOR('',#3797,1.45);
#906=VECTOR('',#3804,1.825);
#907=VECTOR('',#3809,1.45);
#908=VECTOR('',#3816,1.825);
#909=VECTOR('',#3821,1.45);
#910=VECTOR('',#3828,1.825);
#911=VECTOR('',#3833,1.45);
#912=VECTOR('',#3840,10.);
#913=VECTOR('',#3843,10.);
#914=VECTOR('',#3846,10.);
#915=VECTOR('',#3849,10.);
#916=VECTOR('',#3850,10.);
#917=VECTOR('',#3851,10.);
#918=VECTOR('',#3856,10.);
#919=VECTOR('',#3859,10.);
#920=VECTOR('',#3862,10.);
#921=VECTOR('',#3865,10.);
#922=VECTOR('',#3868,10.);
#923=VECTOR('',#3871,10.);
#924=VECTOR('',#3874,10.);
#925=VECTOR('',#3875,10.);
#926=VECTOR('',#3880,10.);
#927=VECTOR('',#3885,10.);
#928=VECTOR('',#3888,10.);
#929=VECTOR('',#3891,10.);
#930=VECTOR('',#3894,10.);
#931=VECTOR('',#3895,10.);
#932=VECTOR('',#3898,10.);
#933=VECTOR('',#3901,10.);
#934=VECTOR('',#3902,10.);
#935=VECTOR('',#3903,10.);
#936=VECTOR('',#3904,10.);
#937=VECTOR('',#3907,10.);
#938=VECTOR('',#3910,10.);
#939=VECTOR('',#3913,10.);
#940=VECTOR('',#3914,10.);
#941=VECTOR('',#3919,10.);
#942=VECTOR('',#3922,10.);
#943=VECTOR('',#3925,10.);
#944=VECTOR('',#3926,10.);
#945=VECTOR('',#3927,10.);
#946=VECTOR('',#3928,10.);
#947=VECTOR('',#3929,10.);
#948=VECTOR('',#3932,10.);
#949=VECTOR('',#3935,10.);
#950=VECTOR('',#3938,10.);
#951=VECTOR('',#3943,10.);
#952=VECTOR('',#3954,10.);
#953=VECTOR('',#3957,10.);
#954=VECTOR('',#3960,10.);
#955=VECTOR('',#3961,10.);
#956=VECTOR('',#3964,10.);
#957=VECTOR('',#3967,10.);
#958=VECTOR('',#3970,10.);
#959=VECTOR('',#3973,10.);
#960=VECTOR('',#3976,10.);
#961=VECTOR('',#3979,10.);
#962=VECTOR('',#3982,10.);
#963=VECTOR('',#3985,10.);
#964=VECTOR('',#3988,10.);
#965=VECTOR('',#3991,10.);
#966=VECTOR('',#3994,10.);
#967=VECTOR('',#3997,10.);
#968=VECTOR('',#4000,10.);
#969=VECTOR('',#4003,10.);
#970=VECTOR('',#4006,10.);
#971=VECTOR('',#4011,10.);
#972=VECTOR('',#4014,10.);
#973=VECTOR('',#4017,10.);
#974=VECTOR('',#4018,10.);
#975=VECTOR('',#4019,10.);
#976=VECTOR('',#4020,10.);
#977=VECTOR('',#4025,10.);
#978=VECTOR('',#4028,10.);
#979=VECTOR('',#4031,10.);
#980=VECTOR('',#4032,10.);
#981=VECTOR('',#4033,10.);
#982=VECTOR('',#4038,10.);
#983=VECTOR('',#4041,10.);
#984=VECTOR('',#4044,10.);
#985=VECTOR('',#4045,10.);
#986=VECTOR('',#4048,10.);
#987=VECTOR('',#4051,10.);
#988=VECTOR('',#4054,10.);
#989=VECTOR('',#4055,10.);
#990=VECTOR('',#4060,10.);
#991=VECTOR('',#4063,10.);
#992=VECTOR('',#4064,10.);
#993=VECTOR('',#4065,10.);
#994=VECTOR('',#4068,10.);
#995=VECTOR('',#4069,10.);
#996=VECTOR('',#4072,10.);
#997=VECTOR('',#4077,10.);
#998=VECTOR('',#4080,10.);
#999=VECTOR('',#4083,10.);
#1000=VECTOR('',#4084,10.);
#1001=VECTOR('',#4085,10.);
#1002=VECTOR('',#4090,10.);
#1003=VECTOR('',#4093,10.);
#1004=VECTOR('',#4096,10.);
#1005=VECTOR('',#4099,10.);
#1006=VECTOR('',#4102,10.);
#1007=VECTOR('',#4105,10.);
#1008=VECTOR('',#4108,10.);
#1009=VECTOR('',#4111,10.);
#1010=VECTOR('',#4114,10.);
#1011=VECTOR('',#4117,10.);
#1012=VECTOR('',#4120,10.);
#1013=VECTOR('',#4123,10.);
#1014=VECTOR('',#4126,10.);
#1015=VECTOR('',#4129,10.);
#1016=VECTOR('',#4132,10.);
#1017=VECTOR('',#4135,10.);
#1018=VECTOR('',#4138,10.);
#1019=VECTOR('',#4141,10.);
#1020=VECTOR('',#4144,10.);
#1021=VECTOR('',#4147,10.);
#1022=VECTOR('',#4154,10.);
#1023=VECTOR('',#4155,10.);
#1024=VECTOR('',#4158,10.);
#1025=VECTOR('',#4159,10.);
#1026=VECTOR('',#4164,10.);
#1027=VECTOR('',#4165,10.);
#1028=VECTOR('',#4168,10.);
#1029=VECTOR('',#4169,10.);
#1030=VECTOR('',#4174,10.);
#1031=VECTOR('',#4177,10.);
#1032=VECTOR('',#4178,10.);
#1033=VECTOR('',#4183,10.);
#1034=VECTOR('',#4186,10.);
#1035=VECTOR('',#4187,10.);
#1036=VECTOR('',#4192,10.);
#1037=VECTOR('',#4195,10.);
#1038=VECTOR('',#4198,10.);
#1039=VECTOR('',#4201,10.);
#1040=VECTOR('',#4204,10.);
#1041=VECTOR('',#4205,10.);
#1042=VECTOR('',#4210,10.);
#1043=VECTOR('',#4211,10.);
#1044=VECTOR('',#4214,10.);
#1045=VECTOR('',#4215,10.);
#1046=VECTOR('',#4218,10.);
#1047=VECTOR('',#4221,10.);
#1048=VECTOR('',#4224,10.);
#1049=VECTOR('',#4225,10.);
#1050=VECTOR('',#4230,10.);
#1051=VECTOR('',#4233,10.);
#1052=VECTOR('',#4240,10.);
#1053=VECTOR('',#4245,10.);
#1054=VECTOR('',#4248,10.);
#1055=VECTOR('',#4251,10.);
#1056=VECTOR('',#4254,10.);
#1057=VECTOR('',#4255,10.);
#1058=VECTOR('',#4256,10.);
#1059=VECTOR('',#4261,10.);
#1060=VECTOR('',#4264,10.);
#1061=VECTOR('',#4267,10.);
#1062=VECTOR('',#4270,10.);
#1063=VECTOR('',#4273,10.);
#1064=VECTOR('',#4278,10.);
#1065=VECTOR('',#4281,10.);
#1066=VECTOR('',#4284,10.);
#1067=VECTOR('',#4285,10.);
#1068=VECTOR('',#4286,10.);
#1069=VECTOR('',#4291,10.);
#1070=VECTOR('',#4292,10.);
#1071=VECTOR('',#4299,10.);
#1072=VECTOR('',#4302,10.);
#1073=VECTOR('',#4303,10.);
#1074=VECTOR('',#4304,10.);
#1075=VECTOR('',#4307,10.);
#1076=VECTOR('',#4308,10.);
#1077=VECTOR('',#4313,10.);
#1078=VECTOR('',#4316,10.);
#1079=VECTOR('',#4319,10.);
#1080=VECTOR('',#4320,10.);
#1081=VECTOR('',#4321,10.);
#1082=VECTOR('',#4326,10.);
#1083=VECTOR('',#4329,10.);
#1084=VECTOR('',#4334,10.);
#1085=VECTOR('',#4335,10.);
#1086=VECTOR('',#4336,10.);
#1087=VECTOR('',#4339,10.);
#1088=VECTOR('',#4342,10.);
#1089=VECTOR('',#4345,10.);
#1090=VECTOR('',#4346,10.);
#1091=VECTOR('',#4351,10.);
#1092=VECTOR('',#4354,10.);
#1093=VECTOR('',#4359,10.);
#1094=VECTOR('',#4364,10.);
#1095=VECTOR('',#4365,10.);
#1096=VECTOR('',#4368,10.);
#1097=VECTOR('',#4369,10.);
#1098=VECTOR('',#4374,10.);
#1099=VECTOR('',#4377,10.);
#1100=VECTOR('',#4378,10.);
#1101=VECTOR('',#4381,10.);
#1102=VECTOR('',#4384,10.);
#1103=VECTOR('',#4385,10.);
#1104=VECTOR('',#4388,10.);
#1105=VECTOR('',#4389,10.);
#1106=VECTOR('',#4390,10.);
#1107=VECTOR('',#4393,10.);
#1108=VECTOR('',#4394,10.);
#1109=VECTOR('',#4397,10.);
#1110=VECTOR('',#4402,10.);
#1111=VECTOR('',#4403,10.);
#1112=VECTOR('',#4406,10.);
#1113=VECTOR('',#4407,10.);
#1114=VECTOR('',#4416,10.);
#1115=VECTOR('',#4417,10.);
#1116=VECTOR('',#4420,10.);
#1117=VECTOR('',#4425,10.);
#1118=VECTOR('',#4428,10.);
#1119=VECTOR('',#4431,10.);
#1120=VECTOR('',#4434,10.);
#1121=VECTOR('',#4437,10.);
#1122=VECTOR('',#4438,10.);
#1123=VECTOR('',#4439,10.);
#1124=VECTOR('',#4442,10.);
#1125=VECTOR('',#4443,10.);
#1126=VECTOR('',#4450,10.);
#1127=VECTOR('',#4453,10.);
#1128=VECTOR('',#4458,10.);
#1129=VECTOR('',#4459,10.);
#1130=VECTOR('',#4460,10.);
#1131=VECTOR('',#4461,10.);
#1132=VECTOR('',#4462,10.);
#1133=VECTOR('',#4465,10.);
#1134=VECTOR('',#4466,10.);
#1135=VECTOR('',#4467,10.);
#1136=VECTOR('',#4470,10.);
#1137=VECTOR('',#4475,10.);
#1138=VECTOR('',#4476,10.);
#1139=VECTOR('',#4483,10.);
#1140=VECTOR('',#4484,10.);
#1141=VECTOR('',#4485,10.);
#1142=VECTOR('',#4488,10.);
#1143=VECTOR('',#4491,10.);
#1144=VECTOR('',#4492,10.);
#1145=VECTOR('',#4495,10.);
#1146=VECTOR('',#4498,10.);
#1147=VECTOR('',#4501,10.);
#1148=VECTOR('',#4504,10.);
#1149=VECTOR('',#4505,10.);
#1150=VECTOR('',#4506,10.);
#1151=VECTOR('',#4509,10.);
#1152=VECTOR('',#4512,10.);
#1153=VECTOR('',#4513,10.);
#1154=VECTOR('',#4516,10.);
#1155=VECTOR('',#4525,10.);
#1156=VECTOR('',#4526,10.);
#1157=VECTOR('',#4533,10.);
#1158=VECTOR('',#4534,10.);
#1159=VECTOR('',#4535,10.);
#1160=VECTOR('',#4540,10.);
#1161=VECTOR('',#4541,10.);
#1162=VECTOR('',#4544,10.);
#1163=VECTOR('',#4547,10.);
#1164=VECTOR('',#4550,10.);
#1165=VECTOR('',#4555,10.);
#1166=VECTOR('',#4560,10.);
#1167=VECTOR('',#4567,10.);
#1168=VECTOR('',#4568,10.);
#1169=VECTOR('',#4571,10.);
#1170=VECTOR('',#4574,10.);
#1171=VECTOR('',#4579,10.);
#1172=VECTOR('',#4580,10.);
#1173=VECTOR('',#4581,10.);
#1174=VECTOR('',#4582,10.);
#1175=VECTOR('',#4583,10.);
#1176=VECTOR('',#4584,10.);
#1177=VECTOR('',#4589,10.);
#1178=VECTOR('',#4590,10.);
#1179=VECTOR('',#4593,10.);
#1180=VECTOR('',#4596,10.);
#1181=VECTOR('',#4599,10.);
#1182=VECTOR('',#4602,10.);
#1183=VECTOR('',#4605,10.);
#1184=VECTOR('',#4608,10.);
#1185=VECTOR('',#4611,10.);
#1186=VECTOR('',#4614,10.);
#1187=VECTOR('',#4621,10.);
#1188=VECTOR('',#4628,10.);
#1189=VECTOR('',#4631,10.);
#1190=VECTOR('',#4634,10.);
#1191=VECTOR('',#4637,10.);
#1192=VECTOR('',#4638,10.);
#1193=VECTOR('',#4643,10.);
#1194=VECTOR('',#4646,10.);
#1195=VECTOR('',#4649,10.);
#1196=VECTOR('',#4650,10.);
#1197=VECTOR('',#4651,10.);
#1198=VECTOR('',#4656,10.);
#1199=VECTOR('',#4659,10.);
#1200=VECTOR('',#4660,10.);
#1201=VECTOR('',#4677,10.);
#1202=VECTOR('',#4680,10.);
#1203=VECTOR('',#4683,10.);
#1204=VECTOR('',#4686,10.);
#1205=VECTOR('',#4687,10.);
#1206=VECTOR('',#4688,10.);
#1207=VECTOR('',#4689,10.);
#1208=VECTOR('',#4694,10.);
#1209=VECTOR('',#4699,10.);
#1210=VECTOR('',#4700,10.);
#1211=VECTOR('',#4701,10.);
#1212=VECTOR('',#4706,10.);
#1213=VECTOR('',#4711,10.);
#1214=VECTOR('',#4712,10.);
#1215=VECTOR('',#4717,10.);
#1216=VECTOR('',#4722,10.);
#1217=VECTOR('',#4723,10.);
#1218=VECTOR('',#4724,10.);
#1219=VECTOR('',#4733,10.);
#1220=VECTOR('',#4736,10.);
#1221=VECTOR('',#4739,10.);
#1222=VECTOR('',#4742,10.);
#1223=VECTOR('',#4749,10.);
#1224=VECTOR('',#4752,10.);
#1225=VECTOR('',#4755,10.);
#1226=VECTOR('',#4758,10.);
#1227=VECTOR('',#4761,10.);
#1228=VECTOR('',#4764,10.);
#1229=VECTOR('',#4771,10.);
#1230=VECTOR('',#4774,10.);
#1231=CIRCLE('',#3419,2.2);
#1232=CIRCLE('',#3420,1.45);
#1233=CIRCLE('',#3422,1.45);
#1234=CIRCLE('',#3424,2.2);
#1235=CIRCLE('',#3425,1.45);
#1236=CIRCLE('',#3427,1.45);
#1237=CIRCLE('',#3429,2.2);
#1238=CIRCLE('',#3430,1.45);
#1239=CIRCLE('',#3432,1.45);
#1240=CIRCLE('',#3434,2.2);
#1241=CIRCLE('',#3435,1.45);
#1242=CIRCLE('',#3437,1.45);
#1243=CIRCLE('',#3439,2.2);
#1244=CIRCLE('',#3440,1.45);
#1245=CIRCLE('',#3442,1.45);
#1246=CIRCLE('',#3444,2.2);
#1247=CIRCLE('',#3445,1.45);
#1248=CIRCLE('',#3447,1.45);
#1249=CIRCLE('',#3449,1.5);
#1250=CIRCLE('',#3450,1.5);
#1251=CIRCLE('',#3451,1.5);
#1252=CIRCLE('',#3454,1.5);
#1253=CIRCLE('',#3455,1.5);
#1254=CIRCLE('',#3457,1.5);
#1255=CIRCLE('',#3458,1.5);
#1256=CIRCLE('',#3459,1.5);
#1257=CIRCLE('',#3462,1.5);
#1258=CIRCLE('',#3464,1.5);
#1259=CIRCLE('',#3465,1.5);
#1260=CIRCLE('',#3467,6.50000000097354);
#1261=CIRCLE('',#3468,1.5);
#1262=CIRCLE('',#3471,1.5);
#1263=CIRCLE('',#3474,1.5);
#1264=CIRCLE('',#3475,1.5);
#1265=CIRCLE('',#3478,1.5);
#1266=CIRCLE('',#3479,0.769998675652998);
#1267=CIRCLE('',#3480,1.5);
#1268=CIRCLE('',#3482,1.5);
#1269=CIRCLE('',#3484,1.5);
#1270=CIRCLE('',#3485,1.5);
#1271=CIRCLE('',#3487,0.769998675652998);
#1272=CIRCLE('',#3488,1.5);
#1273=CIRCLE('',#3489,0.769998675652978);
#1274=CIRCLE('',#3490,1.7699986756505);
#1275=CIRCLE('',#3491,1.76999867566049);
#1276=CIRCLE('',#3492,1.76999867566049);
#1277=CIRCLE('',#3493,1.5);
#1278=CIRCLE('',#3494,1.5);
#1279=CIRCLE('',#3495,1.5);
#1280=CIRCLE('',#3496,1.5);
#1281=CIRCLE('',#3497,1.5);
#1282=CIRCLE('',#3498,1.5);
#1283=CIRCLE('',#3499,6.50000000004425);
#1284=CIRCLE('',#3500,6.50000000097354);
#1285=CIRCLE('',#3501,1.5);
#1286=CIRCLE('',#3502,1.5);
#1287=CIRCLE('',#3503,1.5);
#1288=CIRCLE('',#3504,1.5);
#1289=CIRCLE('',#3506,1.5);
#1290=CIRCLE('',#3509,1.5);
#1291=CIRCLE('',#3510,1.5);
#1292=CIRCLE('',#3513,1.5);
#1293=CIRCLE('',#3514,1.5);
#1294=CIRCLE('',#3517,1.5);
#1295=CIRCLE('',#3520,1.5);
#1296=CIRCLE('',#3525,1.5);
#1297=CIRCLE('',#3526,1.5);
#1298=CIRCLE('',#3529,3.49999999999998);
#1299=CIRCLE('',#3530,1.5);
#1300=CIRCLE('',#3531,1.5);
#1301=CIRCLE('',#3532,1.5);
#1302=CIRCLE('',#3533,1.5);
#1303=CIRCLE('',#3534,3.5);
#1304=CIRCLE('',#3535,1.5);
#1305=CIRCLE('',#3536,1.5);
#1306=CIRCLE('',#3537,1.5);
#1307=CIRCLE('',#3538,1.5);
#1308=CIRCLE('',#3539,1.5);
#1309=CIRCLE('',#3540,1.5);
#1310=CIRCLE('',#3541,1.5);
#1311=CIRCLE('',#3542,1.5);
#1312=CIRCLE('',#3543,1.5);
#1313=CIRCLE('',#3544,1.5);
#1314=CIRCLE('',#3545,1.5);
#1315=CIRCLE('',#3546,1.76999867566049);
#1316=CIRCLE('',#3547,1.76999867566049);
#1317=CIRCLE('',#3548,1.7699986756505);
#1318=CIRCLE('',#3549,0.769998675652978);
#1319=CIRCLE('',#3551,1.5);
#1320=CIRCLE('',#3554,1.5);
#1321=CIRCLE('',#3557,1.5);
#1322=CIRCLE('',#3560,1.5);
#1323=CIRCLE('',#3563,1.5);
#1324=CIRCLE('',#3566,1.5);
#1325=CIRCLE('',#3569,1.5);
#1326=CIRCLE('',#3572,1.5);
#1327=CIRCLE('',#3575,1.5);
#1328=CIRCLE('',#3578,1.5);
#1329=CIRCLE('',#3579,1.5);
#1330=CIRCLE('',#3581,1.5);
#1331=CIRCLE('',#3582,1.5);
#1332=CIRCLE('',#3583,1.5);
#1333=CIRCLE('',#3586,1.5);
#1334=CIRCLE('',#3587,1.5);
#1335=CIRCLE('',#3588,1.5);
#1336=CIRCLE('',#3590,1.59999999999984);
#1337=CIRCLE('',#3592,1.5);
#1338=CIRCLE('',#3593,1.5);
#1339=CIRCLE('',#3595,6.50000000004425);
#1340=CIRCLE('',#3598,1.5);
#1341=CIRCLE('',#3599,1.5);
#1342=CIRCLE('',#3603,1.5);
#1343=CIRCLE('',#3604,1.5);
#1344=CIRCLE('',#3607,1.5);
#1345=CIRCLE('',#3608,1.5);
#1346=CIRCLE('',#3609,1.5);
#1347=CIRCLE('',#3612,1.5);
#1348=CIRCLE('',#3615,1.5);
#1349=CIRCLE('',#3618,1.5);
#1350=CIRCLE('',#3620,1.5);
#1351=CIRCLE('',#3623,1.5);
#1352=CIRCLE('',#3631,1.5);
#1353=CIRCLE('',#3634,1.5);
#1354=CIRCLE('',#3636,1.5);
#1355=CIRCLE('',#3639,1.5);
#1356=CIRCLE('',#3642,6.50000000097354);
#1357=CIRCLE('',#3646,6.50000000004425);
#1358=CIRCLE('',#3648,5.);
#1359=CIRCLE('',#3649,5.);
#1360=CIRCLE('',#3653,5.);
#1361=CIRCLE('',#3656,5.);
#1362=CIRCLE('',#3658,3.5);
#1363=CIRCLE('',#3659,3.49999999999998);
#1364=CIRCLE('',#3660,5.00000000000061);
#1365=CIRCLE('',#3661,5.);
#1366=CIRCLE('',#3662,5.);
#1367=CIRCLE('',#3663,5.00000000000242);
#1368=CIRCLE('',#3664,2.99999999996873);
#1369=CIRCLE('',#3665,3.);
#1370=CIRCLE('',#3666,2.99999999992949);
#1371=CIRCLE('',#3667,2.9999999999295);
#1372=CIRCLE('',#3671,1.45);
#1373=CIRCLE('',#3673,1.45);
#1374=CIRCLE('',#3687,1.59999999999984);
#1375=CIRCLE('',#3688,1.59999999999984);
#1376=CIRCLE('',#3690,1.45);
#1377=CIRCLE('',#3691,1.45);
#1378=CIRCLE('',#3693,5.00000000000242);
#1379=CIRCLE('',#3694,5.);
#1380=CIRCLE('',#3695,5.);
#1381=CIRCLE('',#3696,5.00000000000061);
#1382=CIRCLE('',#3697,6.00000000000248);
#1383=CIRCLE('',#3698,6.00000000000002);
#1384=CIRCLE('',#3699,6.00000000000002);
#1385=CIRCLE('',#3700,6.00000000000485);
#1386=CIRCLE('',#3707,2.99999999996873);
#1387=CIRCLE('',#3710,3.);
#1388=CIRCLE('',#3714,2.99999999992949);
#1389=CIRCLE('',#3717,2.9999999999295);
#1390=CIRCLE('',#3728,5.99999999999994);
#1391=CIRCLE('',#3729,4.99999999999994);
#1392=CIRCLE('',#3732,6.00000000000173);
#1393=CIRCLE('',#3733,5.00000000000173);
#1394=CIRCLE('',#3736,6.00000000000485);
#1395=CIRCLE('',#3737,5.00000000000484);
#1396=CIRCLE('',#3740,6.00000000000012);
#1397=CIRCLE('',#3741,5.00000000000011);
#1398=VERTEX_POINT('',#4782);
#1399=VERTEX_POINT('',#4784);
#1400=VERTEX_POINT('',#4788);
#1401=VERTEX_POINT('',#4792);
#1402=VERTEX_POINT('',#4794);
#1403=VERTEX_POINT('',#4798);
#1404=VERTEX_POINT('',#4802);
#1405=VERTEX_POINT('',#4804);
#1406=VERTEX_POINT('',#4808);
#1407=VERTEX_POINT('',#4812);
#1408=VERTEX_POINT('',#4814);
#1409=VERTEX_POINT('',#4818);
#1410=VERTEX_POINT('',#4822);
#1411=VERTEX_POINT('',#4824);
#1412=VERTEX_POINT('',#4828);
#1413=VERTEX_POINT('',#4832);
#1414=VERTEX_POINT('',#4834);
#1415=VERTEX_POINT('',#4838);
#1416=VERTEX_POINT('',#4842);
#1417=VERTEX_POINT('',#4843);
#1418=VERTEX_POINT('',#4845);
#1419=VERTEX_POINT('',#4847);
#1420=VERTEX_POINT('',#4849);
#1421=VERTEX_POINT('',#4851);
#1422=VERTEX_POINT('',#4855);
#1423=VERTEX_POINT('',#4857);
#1424=VERTEX_POINT('',#4861);
#1425=VERTEX_POINT('',#4862);
#1426=VERTEX_POINT('',#4864);
#1427=VERTEX_POINT('',#4866);
#1428=VERTEX_POINT('',#4870);
#1429=VERTEX_POINT('',#4872);
#1430=VERTEX_POINT('',#4874);
#1431=VERTEX_POINT('',#4876);
#1432=VERTEX_POINT('',#4878);
#1433=VERTEX_POINT('',#4880);
#1434=VERTEX_POINT('',#4884);
#1435=VERTEX_POINT('',#4888);
#1436=VERTEX_POINT('',#4892);
#1437=VERTEX_POINT('',#4893);
#1438=VERTEX_POINT('',#4895);
#1439=VERTEX_POINT('',#4897);
#1440=VERTEX_POINT('',#4901);
#1441=VERTEX_POINT('',#4903);
#1442=VERTEX_POINT('',#4905);
#1443=VERTEX_POINT('',#4907);
#1444=VERTEX_POINT('',#4909);
#1445=VERTEX_POINT('',#4913);
#1446=VERTEX_POINT('',#4915);
#1447=VERTEX_POINT('',#4917);
#1448=VERTEX_POINT('',#4921);
#1449=VERTEX_POINT('',#4923);
#1450=VERTEX_POINT('',#4927);
#1451=VERTEX_POINT('',#4931);
#1452=VERTEX_POINT('',#4932);
#1453=VERTEX_POINT('',#4934);
#1454=VERTEX_POINT('',#4936);
#1455=VERTEX_POINT('',#4940);
#1456=VERTEX_POINT('',#4942);
#1457=VERTEX_POINT('',#4944);
#1458=VERTEX_POINT('',#4946);
#1459=VERTEX_POINT('',#4950);
#1460=VERTEX_POINT('',#4952);
#1461=VERTEX_POINT('',#4954);
#1462=VERTEX_POINT('',#4956);
#1463=VERTEX_POINT('',#4958);
#1464=VERTEX_POINT('',#4962);
#1465=VERTEX_POINT('',#4969);
#1466=VERTEX_POINT('',#4971);
#1467=VERTEX_POINT('',#4973);
#1468=VERTEX_POINT('',#4975);
#1469=VERTEX_POINT('',#4978);
#1470=VERTEX_POINT('',#4980);
#1471=VERTEX_POINT('',#4982);
#1472=VERTEX_POINT('',#4984);
#1473=VERTEX_POINT('',#4986);
#1474=VERTEX_POINT('',#4988);
#1475=VERTEX_POINT('',#4990);
#1476=VERTEX_POINT('',#4992);
#1477=VERTEX_POINT('',#4994);
#1478=VERTEX_POINT('',#4996);
#1479=VERTEX_POINT('',#4998);
#1480=VERTEX_POINT('',#5000);
#1481=VERTEX_POINT('',#5002);
#1482=VERTEX_POINT('',#5004);
#1483=VERTEX_POINT('',#5006);
#1484=VERTEX_POINT('',#5008);
#1485=VERTEX_POINT('',#5010);
#1486=VERTEX_POINT('',#5012);
#1487=VERTEX_POINT('',#5014);
#1488=VERTEX_POINT('',#5016);
#1489=VERTEX_POINT('',#5018);
#1490=VERTEX_POINT('',#5020);
#1491=VERTEX_POINT('',#5022);
#1492=VERTEX_POINT('',#5025);
#1493=VERTEX_POINT('',#5026);
#1494=VERTEX_POINT('',#5028);
#1495=VERTEX_POINT('',#5030);
#1496=VERTEX_POINT('',#5032);
#1497=VERTEX_POINT('',#5034);
#1498=VERTEX_POINT('',#5036);
#1499=VERTEX_POINT('',#5038);
#1500=VERTEX_POINT('',#5042);
#1501=VERTEX_POINT('',#5044);
#1502=VERTEX_POINT('',#5048);
#1503=VERTEX_POINT('',#5050);
#1504=VERTEX_POINT('',#5052);
#1505=VERTEX_POINT('',#5056);
#1506=VERTEX_POINT('',#5057);
#1507=VERTEX_POINT('',#5059);
#1508=VERTEX_POINT('',#5061);
#1509=VERTEX_POINT('',#5065);
#1510=VERTEX_POINT('',#5067);
#1511=VERTEX_POINT('',#5071);
#1512=VERTEX_POINT('',#5072);
#1513=VERTEX_POINT('',#5074);
#1514=VERTEX_POINT('',#5076);
#1515=VERTEX_POINT('',#5083);
#1516=VERTEX_POINT('',#5085);
#1517=VERTEX_POINT('',#5089);
#1518=VERTEX_POINT('',#5093);
#1519=VERTEX_POINT('',#5098);
#1520=VERTEX_POINT('',#5107);
#1521=VERTEX_POINT('',#5108);
#1522=VERTEX_POINT('',#5110);
#1523=VERTEX_POINT('',#5112);
#1524=VERTEX_POINT('',#5116);
#1525=VERTEX_POINT('',#5118);
#1526=VERTEX_POINT('',#5122);
#1527=VERTEX_POINT('',#5124);
#1528=VERTEX_POINT('',#5126);
#1529=VERTEX_POINT('',#5128);
#1530=VERTEX_POINT('',#5130);
#1531=VERTEX_POINT('',#5132);
#1532=VERTEX_POINT('',#5134);
#1533=VERTEX_POINT('',#5136);
#1534=VERTEX_POINT('',#5138);
#1535=VERTEX_POINT('',#5140);
#1536=VERTEX_POINT('',#5143);
#1537=VERTEX_POINT('',#5145);
#1538=VERTEX_POINT('',#5147);
#1539=VERTEX_POINT('',#5149);
#1540=VERTEX_POINT('',#5151);
#1541=VERTEX_POINT('',#5153);
#1542=VERTEX_POINT('',#5155);
#1543=VERTEX_POINT('',#5157);
#1544=VERTEX_POINT('',#5159);
#1545=VERTEX_POINT('',#5161);
#1546=VERTEX_POINT('',#5163);
#1547=VERTEX_POINT('',#5165);
#1548=VERTEX_POINT('',#5167);
#1549=VERTEX_POINT('',#5169);
#1550=VERTEX_POINT('',#5171);
#1551=VERTEX_POINT('',#5173);
#1552=VERTEX_POINT('',#5175);
#1553=VERTEX_POINT('',#5177);
#1554=VERTEX_POINT('',#5179);
#1555=VERTEX_POINT('',#5181);
#1556=VERTEX_POINT('',#5183);
#1557=VERTEX_POINT('',#5185);
#1558=VERTEX_POINT('',#5187);
#1559=VERTEX_POINT('',#5189);
#1560=VERTEX_POINT('',#5191);
#1561=VERTEX_POINT('',#5193);
#1562=VERTEX_POINT('',#5195);
#1563=VERTEX_POINT('',#5197);
#1564=VERTEX_POINT('',#5199);
#1565=VERTEX_POINT('',#5203);
#1566=VERTEX_POINT('',#5204);
#1567=VERTEX_POINT('',#5209);
#1568=VERTEX_POINT('',#5213);
#1569=VERTEX_POINT('',#5214);
#1570=VERTEX_POINT('',#5219);
#1571=VERTEX_POINT('',#5223);
#1572=VERTEX_POINT('',#5227);
#1573=VERTEX_POINT('',#5231);
#1574=VERTEX_POINT('',#5235);
#1575=VERTEX_POINT('',#5239);
#1576=VERTEX_POINT('',#5245);
#1577=VERTEX_POINT('',#5247);
#1578=VERTEX_POINT('',#5251);
#1579=VERTEX_POINT('',#5255);
#1580=VERTEX_POINT('',#5256);
#1581=VERTEX_POINT('',#5261);
#1582=VERTEX_POINT('',#5265);
#1583=VERTEX_POINT('',#5267);
#1584=VERTEX_POINT('',#5271);
#1585=VERTEX_POINT('',#5275);
#1586=VERTEX_POINT('',#5281);
#1587=VERTEX_POINT('',#5283);
#1588=VERTEX_POINT('',#5287);
#1589=VERTEX_POINT('',#5288);
#1590=VERTEX_POINT('',#5290);
#1591=VERTEX_POINT('',#5292);
#1592=VERTEX_POINT('',#5294);
#1593=VERTEX_POINT('',#5296);
#1594=VERTEX_POINT('',#5300);
#1595=VERTEX_POINT('',#5302);
#1596=VERTEX_POINT('',#5306);
#1597=VERTEX_POINT('',#5307);
#1598=VERTEX_POINT('',#5309);
#1599=VERTEX_POINT('',#5311);
#1600=VERTEX_POINT('',#5313);
#1601=VERTEX_POINT('',#5315);
#1602=VERTEX_POINT('',#5319);
#1603=VERTEX_POINT('',#5321);
#1604=VERTEX_POINT('',#5325);
#1605=VERTEX_POINT('',#5326);
#1606=VERTEX_POINT('',#5328);
#1607=VERTEX_POINT('',#5330);
#1608=VERTEX_POINT('',#5335);
#1609=VERTEX_POINT('',#5337);
#1610=VERTEX_POINT('',#5341);
#1611=VERTEX_POINT('',#5345);
#1612=VERTEX_POINT('',#5347);
#1613=VERTEX_POINT('',#5351);
#1614=VERTEX_POINT('',#5356);
#1615=VERTEX_POINT('',#5360);
#1616=VERTEX_POINT('',#5361);
#1617=VERTEX_POINT('',#5363);
#1618=VERTEX_POINT('',#5365);
#1619=VERTEX_POINT('',#5369);
#1620=VERTEX_POINT('',#5371);
#1621=VERTEX_POINT('',#5375);
#1622=VERTEX_POINT('',#5377);
#1623=VERTEX_POINT('',#5379);
#1624=VERTEX_POINT('',#5381);
#1625=VERTEX_POINT('',#5385);
#1626=VERTEX_POINT('',#5387);
#1627=VERTEX_POINT('',#5391);
#1628=VERTEX_POINT('',#5393);
#1629=VERTEX_POINT('',#5397);
#1630=VERTEX_POINT('',#5401);
#1631=VERTEX_POINT('',#5407);
#1632=VERTEX_POINT('',#5411);
#1633=VERTEX_POINT('',#5412);
#1634=VERTEX_POINT('',#5417);
#1635=VERTEX_POINT('',#5421);
#1636=VERTEX_POINT('',#5433);
#1637=VERTEX_POINT('',#5435);
#1638=VERTEX_POINT('',#5444);
#1639=VERTEX_POINT('',#5445);
#1640=VERTEX_POINT('',#5450);
#1641=VERTEX_POINT('',#5456);
#1642=VERTEX_POINT('',#5457);
#1643=VERTEX_POINT('',#5464);
#1644=VERTEX_POINT('',#5470);
#1645=VERTEX_POINT('',#5472);
#1646=VERTEX_POINT('',#5476);
#1647=VERTEX_POINT('',#5481);
#1648=VERTEX_POINT('',#5487);
#1649=VERTEX_POINT('',#5488);
#1650=VERTEX_POINT('',#5490);
#1651=VERTEX_POINT('',#5492);
#1652=VERTEX_POINT('',#5496);
#1653=VERTEX_POINT('',#5498);
#1654=VERTEX_POINT('',#5500);
#1655=VERTEX_POINT('',#5502);
#1656=VERTEX_POINT('',#5506);
#1657=VERTEX_POINT('',#5508);
#1658=VERTEX_POINT('',#5512);
#1659=VERTEX_POINT('',#5516);
#1660=VERTEX_POINT('',#5529);
#1661=VERTEX_POINT('',#5531);
#1662=VERTEX_POINT('',#5533);
#1663=VERTEX_POINT('',#5535);
#1664=VERTEX_POINT('',#5537);
#1665=VERTEX_POINT('',#5539);
#1666=VERTEX_POINT('',#5541);
#1667=VERTEX_POINT('',#5547);
#1668=VERTEX_POINT('',#5548);
#1669=VERTEX_POINT('',#5550);
#1670=VERTEX_POINT('',#5552);
#1671=VERTEX_POINT('',#5555);
#1672=VERTEX_POINT('',#5556);
#1673=VERTEX_POINT('',#5558);
#1674=VERTEX_POINT('',#5560);
#1675=VERTEX_POINT('',#5566);
#1676=VERTEX_POINT('',#5568);
#1677=VERTEX_POINT('',#5572);
#1678=VERTEX_POINT('',#5574);
#1679=VERTEX_POINT('',#5576);
#1680=VERTEX_POINT('',#5601);
#1681=VERTEX_POINT('',#5603);
#1682=VERTEX_POINT('',#5605);
#1683=VERTEX_POINT('',#5609);
#1684=VERTEX_POINT('',#5611);
#1685=VERTEX_POINT('',#5613);
#1686=VERTEX_POINT('',#5615);
#1687=VERTEX_POINT('',#5617);
#1688=VERTEX_POINT('',#5619);
#1689=VERTEX_POINT('',#5622);
#1690=VERTEX_POINT('',#5624);
#1691=VERTEX_POINT('',#5629);
#1692=VERTEX_POINT('',#5631);
#1693=VERTEX_POINT('',#5633);
#1694=VERTEX_POINT('',#5635);
#1695=VERTEX_POINT('',#5637);
#1696=VERTEX_POINT('',#5639);
#1697=VERTEX_POINT('',#5643);
#1698=VERTEX_POINT('',#5645);
#1699=VERTEX_POINT('',#5647);
#1700=VERTEX_POINT('',#5649);
#1701=VERTEX_POINT('',#5651);
#1702=VERTEX_POINT('',#5653);
#1703=VERTEX_POINT('',#5664);
#1704=VERTEX_POINT('',#5666);
#1705=VERTEX_POINT('',#5670);
#1706=VERTEX_POINT('',#5674);
#1707=VERTEX_POINT('',#5680);
#1708=VERTEX_POINT('',#5682);
#1709=VERTEX_POINT('',#5686);
#1710=VERTEX_POINT('',#5690);
#1711=VERTEX_POINT('',#5707);
#1712=VERTEX_POINT('',#5708);
#1713=VERTEX_POINT('',#5710);
#1714=VERTEX_POINT('',#5712);
#1715=VERTEX_POINT('',#5716);
#1716=VERTEX_POINT('',#5718);
#1717=VERTEX_POINT('',#5722);
#1718=VERTEX_POINT('',#5723);
#1719=VERTEX_POINT('',#5729);
#1720=VERTEX_POINT('',#5733);
#1721=VERTEX_POINT('',#5737);
#1722=VERTEX_POINT('',#5739);
#1723=VERTEX_POINT('',#5743);
#1724=VERTEX_POINT('',#5744);
#1725=EDGE_CURVE('',#1398,#1398,#1231,.T.);
#1726=EDGE_CURVE('',#1398,#1399,#569,.T.);
#1727=EDGE_CURVE('',#1399,#1399,#1232,.T.);
#1728=EDGE_CURVE('',#1399,#1400,#570,.T.);
#1729=EDGE_CURVE('',#1400,#1400,#1233,.T.);
#1730=EDGE_CURVE('',#1401,#1401,#1234,.T.);
#1731=EDGE_CURVE('',#1401,#1402,#571,.T.);
#1732=EDGE_CURVE('',#1402,#1402,#1235,.T.);
#1733=EDGE_CURVE('',#1402,#1403,#572,.T.);
#1734=EDGE_CURVE('',#1403,#1403,#1236,.T.);
#1735=EDGE_CURVE('',#1404,#1404,#1237,.T.);
#1736=EDGE_CURVE('',#1404,#1405,#573,.T.);
#1737=EDGE_CURVE('',#1405,#1405,#1238,.T.);
#1738=EDGE_CURVE('',#1405,#1406,#574,.T.);
#1739=EDGE_CURVE('',#1406,#1406,#1239,.T.);
#1740=EDGE_CURVE('',#1407,#1407,#1240,.T.);
#1741=EDGE_CURVE('',#1407,#1408,#575,.T.);
#1742=EDGE_CURVE('',#1408,#1408,#1241,.T.);
#1743=EDGE_CURVE('',#1408,#1409,#576,.T.);
#1744=EDGE_CURVE('',#1409,#1409,#1242,.T.);
#1745=EDGE_CURVE('',#1410,#1410,#1243,.T.);
#1746=EDGE_CURVE('',#1410,#1411,#577,.T.);
#1747=EDGE_CURVE('',#1411,#1411,#1244,.T.);
#1748=EDGE_CURVE('',#1411,#1412,#578,.T.);
#1749=EDGE_CURVE('',#1412,#1412,#1245,.T.);
#1750=EDGE_CURVE('',#1413,#1413,#1246,.T.);
#1751=EDGE_CURVE('',#1413,#1414,#579,.T.);
#1752=EDGE_CURVE('',#1414,#1414,#1247,.T.);
#1753=EDGE_CURVE('',#1414,#1415,#580,.T.);
#1754=EDGE_CURVE('',#1415,#1415,#1248,.T.);
#1755=EDGE_CURVE('',#1416,#1417,#1249,.T.);
#1756=EDGE_CURVE('',#1417,#1418,#581,.T.);
#1757=EDGE_CURVE('',#1419,#1418,#1250,.T.);
#1758=EDGE_CURVE('',#1419,#1420,#582,.T.);
#1759=EDGE_CURVE('',#1420,#1421,#1251,.T.);
#1760=EDGE_CURVE('',#1416,#1421,#583,.F.);
#1761=EDGE_CURVE('',#1422,#1419,#584,.T.);
#1762=EDGE_CURVE('',#1423,#1422,#585,.T.);
#1763=EDGE_CURVE('',#1420,#1423,#586,.T.);
#1764=EDGE_CURVE('',#1424,#1425,#1252,.T.);
#1765=EDGE_CURVE('',#1424,#1426,#587,.T.);
#1766=EDGE_CURVE('',#1426,#1427,#1253,.T.);
#1767=EDGE_CURVE('',#1427,#1425,#588,.T.);
#1768=EDGE_CURVE('',#1428,#1425,#589,.T.);
#1769=EDGE_CURVE('',#1428,#1429,#1254,.T.);
#1770=EDGE_CURVE('',#1430,#1429,#590,.T.);
#1771=EDGE_CURVE('',#1430,#1431,#1255,.T.);
#1772=EDGE_CURVE('',#1432,#1431,#591,.T.);
#1773=EDGE_CURVE('',#1432,#1433,#1256,.T.);
#1774=EDGE_CURVE('',#1424,#1433,#592,.T.);
#1775=EDGE_CURVE('',#1434,#1427,#593,.T.);
#1776=EDGE_CURVE('',#1428,#1434,#594,.T.);
#1777=EDGE_CURVE('',#1434,#1435,#1257,.T.);
#1778=EDGE_CURVE('',#1435,#1429,#595,.T.);
#1779=EDGE_CURVE('',#1436,#1437,#1258,.T.);
#1780=EDGE_CURVE('',#1436,#1438,#596,.T.);
#1781=EDGE_CURVE('',#1438,#1439,#1259,.T.);
#1782=EDGE_CURVE('',#1439,#1437,#597,.T.);
#1783=EDGE_CURVE('',#1440,#1437,#598,.T.);
#1784=EDGE_CURVE('',#1440,#1441,#1260,.T.);
#1785=EDGE_CURVE('',#1441,#1442,#599,.T.);
#1786=EDGE_CURVE('',#1443,#1442,#600,.T.);
#1787=EDGE_CURVE('',#1443,#1444,#1261,.T.);
#1788=EDGE_CURVE('',#1436,#1444,#601,.T.);
#1789=EDGE_CURVE('',#1445,#1439,#602,.T.);
#1790=EDGE_CURVE('',#1446,#1445,#603,.T.);
#1791=EDGE_CURVE('',#1447,#1446,#604,.T.);
#1792=EDGE_CURVE('',#1447,#1440,#605,.T.);
#1793=EDGE_CURVE('',#1443,#1448,#606,.T.);
#1794=EDGE_CURVE('',#1448,#1449,#1262,.T.);
#1795=EDGE_CURVE('',#1449,#1444,#607,.T.);
#1796=EDGE_CURVE('',#1442,#1450,#608,.T.);
#1797=EDGE_CURVE('',#1448,#1450,#609,.T.);
#1798=EDGE_CURVE('',#1451,#1452,#1263,.T.);
#1799=EDGE_CURVE('',#1452,#1453,#610,.T.);
#1800=EDGE_CURVE('',#1453,#1454,#1264,.F.);
#1801=EDGE_CURVE('',#1454,#1451,#611,.T.);
#1802=EDGE_CURVE('',#1455,#1452,#612,.T.);
#1803=EDGE_CURVE('',#1456,#1455,#613,.T.);
#1804=EDGE_CURVE('',#1456,#1457,#614,.T.);
#1805=EDGE_CURVE('',#1458,#1457,#615,.T.);
#1806=EDGE_CURVE('',#1453,#1458,#616,.T.);
#1807=EDGE_CURVE('',#1451,#1459,#617,.T.);
#1808=EDGE_CURVE('',#1460,#1459,#1265,.T.);
#1809=EDGE_CURVE('',#1460,#1461,#618,.T.);
#1810=EDGE_CURVE('',#1461,#1462,#1266,.T.);
#1811=EDGE_CURVE('',#1462,#1463,#619,.T.);
#1812=EDGE_CURVE('',#1455,#1463,#1267,.T.);
#1813=EDGE_CURVE('',#1463,#1464,#620,.T.);
#1814=EDGE_CURVE('',#1464,#1456,#1268,.F.);
#1815=EDGE_CURVE('',#1457,#1446,#1269,.T.);
#1816=EDGE_CURVE('',#1445,#1458,#1270,.F.);
#1817=EDGE_CURVE('',#1465,#1464,#621,.T.);
#1818=EDGE_CURVE('',#1466,#1465,#1271,.T.);
#1819=EDGE_CURVE('',#1467,#1466,#622,.T.);
#1820=EDGE_CURVE('',#1468,#1467,#1272,.F.);
#1821=EDGE_CURVE('',#1468,#1435,#623,.T.);
#1822=EDGE_CURVE('',#1426,#1469,#624,.T.);
#1823=EDGE_CURVE('',#1470,#1469,#1273,.T.);
#1824=EDGE_CURVE('',#1471,#1470,#625,.T.);
#1825=EDGE_CURVE('',#1472,#1471,#1274,.T.);
#1826=EDGE_CURVE('',#1473,#1472,#626,.T.);
#1827=EDGE_CURVE('',#1474,#1473,#1275,.T.);
#1828=EDGE_CURVE('',#1475,#1474,#627,.T.);
#1829=EDGE_CURVE('',#1476,#1475,#1276,.T.);
#1830=EDGE_CURVE('',#1477,#1476,#628,.T.);
#1831=EDGE_CURVE('',#1478,#1477,#1277,.F.);
#1832=EDGE_CURVE('',#1479,#1478,#629,.T.);
#1833=EDGE_CURVE('',#1480,#1479,#1278,.T.);
#1834=EDGE_CURVE('',#1481,#1480,#630,.T.);
#1835=EDGE_CURVE('',#1482,#1481,#1279,.T.);
#1836=EDGE_CURVE('',#1483,#1482,#631,.T.);
#1837=EDGE_CURVE('',#1484,#1483,#1280,.F.);
#1838=EDGE_CURVE('',#1485,#1484,#632,.T.);
#1839=EDGE_CURVE('',#1486,#1485,#1281,.F.);
#1840=EDGE_CURVE('',#1487,#1486,#633,.T.);
#1841=EDGE_CURVE('',#1488,#1487,#1282,.T.);
#1842=EDGE_CURVE('',#1488,#1489,#634,.T.);
#1843=EDGE_CURVE('',#1489,#1490,#1283,.T.);
#1844=EDGE_CURVE('',#1490,#1491,#635,.T.);
#1845=EDGE_CURVE('',#1491,#1447,#1284,.T.);
#1846=EDGE_CURVE('',#1492,#1493,#636,.T.);
#1847=EDGE_CURVE('',#1494,#1493,#1285,.T.);
#1848=EDGE_CURVE('',#1494,#1495,#637,.T.);
#1849=EDGE_CURVE('',#1496,#1495,#1286,.T.);
#1850=EDGE_CURVE('',#1496,#1497,#638,.T.);
#1851=EDGE_CURVE('',#1498,#1497,#1287,.T.);
#1852=EDGE_CURVE('',#1498,#1499,#639,.T.);
#1853=EDGE_CURVE('',#1492,#1499,#1288,.T.);
#1854=EDGE_CURVE('',#1487,#1500,#640,.T.);
#1855=EDGE_CURVE('',#1500,#1501,#1289,.F.);
#1856=EDGE_CURVE('',#1501,#1488,#641,.T.);
#1857=EDGE_CURVE('',#1502,#1501,#642,.T.);
#1858=EDGE_CURVE('',#1503,#1502,#643,.T.);
#1859=EDGE_CURVE('',#1503,#1504,#644,.T.);
#1860=EDGE_CURVE('',#1504,#1489,#645,.T.);
#1861=EDGE_CURVE('',#1505,#1506,#1290,.T.);
#1862=EDGE_CURVE('',#1506,#1507,#646,.T.);
#1863=EDGE_CURVE('',#1507,#1508,#1291,.F.);
#1864=EDGE_CURVE('',#1508,#1505,#647,.T.);
#1865=EDGE_CURVE('',#1509,#1508,#648,.T.);
#1866=EDGE_CURVE('',#1509,#1510,#649,.T.);
#1867=EDGE_CURVE('',#1505,#1510,#650,.T.);
#1868=EDGE_CURVE('',#1511,#1512,#1292,.T.);
#1869=EDGE_CURVE('',#1512,#1513,#651,.T.);
#1870=EDGE_CURVE('',#1513,#1514,#1293,.F.);
#1871=EDGE_CURVE('',#1514,#1511,#652,.T.);
#1872=EDGE_CURVE('',#1511,#1506,#653,.T.);
#1873=EDGE_CURVE('',#1514,#1507,#654,.T.);
#1874=EDGE_CURVE('',#1430,#1515,#655,.T.);
#1875=EDGE_CURVE('',#1515,#1516,#1294,.T.);
#1876=EDGE_CURVE('',#1516,#1431,#656,.T.);
#1877=EDGE_CURVE('',#1516,#1517,#657,.T.);
#1878=EDGE_CURVE('',#1432,#1517,#658,.T.);
#1879=EDGE_CURVE('',#1517,#1518,#1295,.T.);
#1880=EDGE_CURVE('',#1518,#1433,#659,.T.);
#1881=EDGE_CURVE('',#1513,#1518,#660,.T.);
#1882=EDGE_CURVE('',#1519,#1512,#661,.T.);
#1883=EDGE_CURVE('',#1519,#1469,#662,.T.);
#1884=EDGE_CURVE('',#1459,#1468,#663,.T.);
#1885=EDGE_CURVE('',#1467,#1460,#664,.T.);
#1886=EDGE_CURVE('',#1461,#1466,#665,.T.);
#1887=EDGE_CURVE('',#1520,#1521,#1296,.T.);
#1888=EDGE_CURVE('',#1521,#1522,#666,.T.);
#1889=EDGE_CURVE('',#1522,#1523,#1297,.F.);
#1890=EDGE_CURVE('',#1523,#1520,#667,.T.);
#1891=EDGE_CURVE('',#1524,#1521,#668,.T.);
#1892=EDGE_CURVE('',#1525,#1524,#669,.T.);
#1893=EDGE_CURVE('',#1522,#1525,#670,.T.);
#1894=EDGE_CURVE('',#1510,#1526,#1298,.T.);
#1895=EDGE_CURVE('',#1526,#1527,#671,.T.);
#1896=EDGE_CURVE('',#1528,#1527,#1299,.T.);
#1897=EDGE_CURVE('',#1528,#1529,#672,.T.);
#1898=EDGE_CURVE('',#1530,#1529,#1300,.T.);
#1899=EDGE_CURVE('',#1530,#1531,#673,.T.);
#1900=EDGE_CURVE('',#1532,#1531,#1301,.T.);
#1901=EDGE_CURVE('',#1532,#1533,#674,.T.);
#1902=EDGE_CURVE('',#1534,#1533,#1302,.T.);
#1903=EDGE_CURVE('',#1534,#1535,#675,.T.);
#1904=EDGE_CURVE('',#1535,#1524,#1303,.T.);
#1905=EDGE_CURVE('',#1520,#1536,#676,.T.);
#1906=EDGE_CURVE('',#1537,#1536,#1304,.T.);
#1907=EDGE_CURVE('',#1537,#1538,#677,.T.);
#1908=EDGE_CURVE('',#1539,#1538,#1305,.T.);
#1909=EDGE_CURVE('',#1539,#1540,#678,.T.);
#1910=EDGE_CURVE('',#1541,#1540,#1306,.T.);
#1911=EDGE_CURVE('',#1541,#1542,#679,.T.);
#1912=EDGE_CURVE('',#1543,#1542,#1307,.T.);
#1913=EDGE_CURVE('',#1543,#1544,#680,.T.);
#1914=EDGE_CURVE('',#1545,#1544,#1308,.T.);
#1915=EDGE_CURVE('',#1545,#1546,#681,.T.);
#1916=EDGE_CURVE('',#1547,#1546,#1309,.T.);
#1917=EDGE_CURVE('',#1547,#1548,#682,.T.);
#1918=EDGE_CURVE('',#1549,#1548,#1310,.T.);
#1919=EDGE_CURVE('',#1549,#1550,#683,.T.);
#1920=EDGE_CURVE('',#1551,#1550,#1311,.T.);
#1921=EDGE_CURVE('',#1551,#1552,#684,.T.);
#1922=EDGE_CURVE('',#1553,#1552,#1312,.T.);
#1923=EDGE_CURVE('',#1553,#1554,#685,.T.);
#1924=EDGE_CURVE('',#1555,#1554,#1313,.T.);
#1925=EDGE_CURVE('',#1555,#1556,#686,.T.);
#1926=EDGE_CURVE('',#1557,#1556,#1314,.T.);
#1927=EDGE_CURVE('',#1557,#1558,#687,.T.);
#1928=EDGE_CURVE('',#1558,#1559,#1315,.T.);
#1929=EDGE_CURVE('',#1559,#1560,#688,.T.);
#1930=EDGE_CURVE('',#1560,#1561,#1316,.T.);
#1931=EDGE_CURVE('',#1561,#1562,#689,.T.);
#1932=EDGE_CURVE('',#1562,#1563,#1317,.T.);
#1933=EDGE_CURVE('',#1563,#1564,#690,.T.);
#1934=EDGE_CURVE('',#1564,#1519,#1318,.T.);
#1935=EDGE_CURVE('',#1565,#1566,#1319,.T.);
#1936=EDGE_CURVE('',#1565,#1537,#691,.T.);
#1937=EDGE_CURVE('',#1536,#1566,#692,.T.);
#1938=EDGE_CURVE('',#1565,#1567,#693,.T.);
#1939=EDGE_CURVE('',#1538,#1567,#694,.T.);
#1940=EDGE_CURVE('',#1568,#1569,#1320,.T.);
#1941=EDGE_CURVE('',#1568,#1494,#695,.T.);
#1942=EDGE_CURVE('',#1493,#1569,#696,.T.);
#1943=EDGE_CURVE('',#1568,#1570,#697,.T.);
#1944=EDGE_CURVE('',#1495,#1570,#698,.T.);
#1945=EDGE_CURVE('',#1571,#1570,#1321,.T.);
#1946=EDGE_CURVE('',#1571,#1496,#699,.T.);
#1947=EDGE_CURVE('',#1571,#1572,#700,.T.);
#1948=EDGE_CURVE('',#1497,#1572,#701,.T.);
#1949=EDGE_CURVE('',#1573,#1572,#1322,.T.);
#1950=EDGE_CURVE('',#1573,#1498,#702,.T.);
#1951=EDGE_CURVE('',#1573,#1574,#703,.T.);
#1952=EDGE_CURVE('',#1499,#1574,#704,.T.);
#1953=EDGE_CURVE('',#1575,#1574,#1323,.T.);
#1954=EDGE_CURVE('',#1575,#1492,#705,.T.);
#1955=EDGE_CURVE('',#1575,#1569,#706,.T.);
#1956=EDGE_CURVE('',#1527,#1576,#707,.T.);
#1957=EDGE_CURVE('',#1576,#1577,#1324,.F.);
#1958=EDGE_CURVE('',#1577,#1528,#708,.T.);
#1959=EDGE_CURVE('',#1578,#1526,#709,.T.);
#1960=EDGE_CURVE('',#1576,#1578,#710,.T.);
#1961=EDGE_CURVE('',#1579,#1580,#1325,.T.);
#1962=EDGE_CURVE('',#1579,#1530,#711,.T.);
#1963=EDGE_CURVE('',#1529,#1580,#712,.T.);
#1964=EDGE_CURVE('',#1581,#1579,#713,.T.);
#1965=EDGE_CURVE('',#1531,#1581,#714,.T.);
#1966=EDGE_CURVE('',#1533,#1582,#715,.T.);
#1967=EDGE_CURVE('',#1582,#1583,#1326,.F.);
#1968=EDGE_CURVE('',#1583,#1534,#716,.T.);
#1969=EDGE_CURVE('',#1584,#1583,#717,.T.);
#1970=EDGE_CURVE('',#1584,#1535,#718,.T.);
#1971=EDGE_CURVE('',#1585,#1581,#1327,.T.);
#1972=EDGE_CURVE('',#1585,#1532,#719,.T.);
#1973=EDGE_CURVE('',#1582,#1585,#720,.T.);
#1974=EDGE_CURVE('',#1503,#1586,#1328,.T.);
#1975=EDGE_CURVE('',#1502,#1587,#1329,.T.);
#1976=EDGE_CURVE('',#1587,#1586,#721,.T.);
#1977=EDGE_CURVE('',#1588,#1589,#1330,.T.);
#1978=EDGE_CURVE('',#1589,#1590,#722,.T.);
#1979=EDGE_CURVE('',#1591,#1590,#1331,.T.);
#1980=EDGE_CURVE('',#1591,#1592,#723,.T.);
#1981=EDGE_CURVE('',#1592,#1593,#1332,.T.);
#1982=EDGE_CURVE('',#1588,#1593,#724,.F.);
#1983=EDGE_CURVE('',#1594,#1591,#725,.T.);
#1984=EDGE_CURVE('',#1594,#1595,#726,.T.);
#1985=EDGE_CURVE('',#1592,#1595,#727,.T.);
#1986=EDGE_CURVE('',#1596,#1597,#1333,.T.);
#1987=EDGE_CURVE('',#1596,#1598,#728,.T.);
#1988=EDGE_CURVE('',#1599,#1598,#1334,.F.);
#1989=EDGE_CURVE('',#1599,#1600,#729,.T.);
#1990=EDGE_CURVE('',#1601,#1600,#1335,.F.);
#1991=EDGE_CURVE('',#1601,#1597,#730,.T.);
#1992=EDGE_CURVE('',#1602,#1596,#731,.T.);
#1993=EDGE_CURVE('',#1602,#1603,#1336,.T.);
#1994=EDGE_CURVE('',#1598,#1603,#732,.T.);
#1995=EDGE_CURVE('',#1604,#1605,#1337,.T.);
#1996=EDGE_CURVE('',#1604,#1606,#733,.T.);
#1997=EDGE_CURVE('',#1606,#1607,#1338,.T.);
#1998=EDGE_CURVE('',#1607,#1605,#734,.T.);
#1999=EDGE_CURVE('',#1604,#1586,#735,.T.);
#2000=EDGE_CURVE('',#1608,#1605,#736,.T.);
#2001=EDGE_CURVE('',#1608,#1609,#737,.T.);
#2002=EDGE_CURVE('',#1609,#1504,#1339,.T.);
#2003=EDGE_CURVE('',#1610,#1607,#738,.T.);
#2004=EDGE_CURVE('',#1610,#1608,#739,.T.);
#2005=EDGE_CURVE('',#1611,#1423,#1340,.T.);
#2006=EDGE_CURVE('',#1422,#1612,#1341,.F.);
#2007=EDGE_CURVE('',#1612,#1611,#740,.T.);
#2008=EDGE_CURVE('',#1611,#1613,#741,.T.);
#2009=EDGE_CURVE('',#1613,#1601,#742,.T.);
#2010=EDGE_CURVE('',#1600,#1421,#743,.T.);
#2011=EDGE_CURVE('',#1614,#1612,#744,.T.);
#2012=EDGE_CURVE('',#1614,#1613,#745,.T.);
#2013=EDGE_CURVE('',#1615,#1616,#1342,.T.);
#2014=EDGE_CURVE('',#1616,#1617,#746,.T.);
#2015=EDGE_CURVE('',#1617,#1618,#1343,.F.);
#2016=EDGE_CURVE('',#1618,#1615,#747,.T.);
#2017=EDGE_CURVE('',#1619,#1618,#748,.T.);
#2018=EDGE_CURVE('',#1620,#1619,#749,.T.);
#2019=EDGE_CURVE('',#1615,#1620,#750,.T.);
#2020=EDGE_CURVE('',#1621,#1619,#1344,.T.);
#2021=EDGE_CURVE('',#1621,#1622,#751,.T.);
#2022=EDGE_CURVE('',#1623,#1622,#1345,.F.);
#2023=EDGE_CURVE('',#1623,#1624,#752,.T.);
#2024=EDGE_CURVE('',#1620,#1624,#1346,.F.);
#2025=EDGE_CURVE('',#1625,#1621,#753,.T.);
#2026=EDGE_CURVE('',#1625,#1626,#754,.T.);
#2027=EDGE_CURVE('',#1622,#1626,#755,.T.);
#2028=EDGE_CURVE('',#1540,#1627,#756,.T.);
#2029=EDGE_CURVE('',#1627,#1628,#1347,.F.);
#2030=EDGE_CURVE('',#1628,#1541,#757,.T.);
#2031=EDGE_CURVE('',#1629,#1628,#758,.T.);
#2032=EDGE_CURVE('',#1542,#1629,#759,.T.);
#2033=EDGE_CURVE('',#1630,#1567,#1348,.T.);
#2034=EDGE_CURVE('',#1630,#1539,#760,.T.);
#2035=EDGE_CURVE('',#1630,#1627,#761,.T.);
#2036=EDGE_CURVE('',#1629,#1631,#1349,.F.);
#2037=EDGE_CURVE('',#1631,#1543,#762,.T.);
#2038=EDGE_CURVE('',#1632,#1633,#1350,.T.);
#2039=EDGE_CURVE('',#1632,#1545,#763,.T.);
#2040=EDGE_CURVE('',#1544,#1633,#764,.T.);
#2041=EDGE_CURVE('',#1634,#1632,#765,.T.);
#2042=EDGE_CURVE('',#1546,#1634,#766,.T.);
#2043=EDGE_CURVE('',#1634,#1635,#1351,.F.);
#2044=EDGE_CURVE('',#1635,#1547,#767,.T.);
#2045=EDGE_CURVE('',#1548,#1486,#768,.T.);
#2046=EDGE_CURVE('',#1500,#1635,#769,.T.);
#2047=EDGE_CURVE('',#1485,#1549,#770,.T.);
#2048=EDGE_CURVE('',#1550,#1484,#771,.T.);
#2049=EDGE_CURVE('',#1483,#1551,#772,.T.);
#2050=EDGE_CURVE('',#1636,#1482,#773,.T.);
#2051=EDGE_CURVE('',#1636,#1637,#774,.T.);
#2052=EDGE_CURVE('',#1552,#1637,#775,.T.);
#2053=EDGE_CURVE('',#1556,#1478,#776,.T.);
#2054=EDGE_CURVE('',#1477,#1557,#777,.T.);
#2055=EDGE_CURVE('',#1558,#1476,#778,.T.);
#2056=EDGE_CURVE('',#1638,#1639,#1352,.T.);
#2057=EDGE_CURVE('',#1638,#1555,#779,.T.);
#2058=EDGE_CURVE('',#1554,#1639,#780,.T.);
#2059=EDGE_CURVE('',#1640,#1553,#781,.T.);
#2060=EDGE_CURVE('',#1640,#1639,#782,.T.);
#2061=EDGE_CURVE('',#1640,#1637,#1353,.T.);
#2062=EDGE_CURVE('',#1641,#1642,#1354,.T.);
#2063=EDGE_CURVE('',#1641,#1480,#783,.T.);
#2064=EDGE_CURVE('',#1479,#1642,#784,.T.);
#2065=EDGE_CURVE('',#1638,#1642,#785,.T.);
#2066=EDGE_CURVE('',#1636,#1643,#1355,.T.);
#2067=EDGE_CURVE('',#1481,#1643,#786,.T.);
#2068=EDGE_CURVE('',#1641,#1643,#787,.T.);
#2069=EDGE_CURVE('',#1491,#1644,#788,.T.);
#2070=EDGE_CURVE('',#1645,#1644,#1356,.F.);
#2071=EDGE_CURVE('',#1441,#1645,#789,.T.);
#2072=EDGE_CURVE('',#1646,#1645,#790,.F.);
#2073=EDGE_CURVE('',#1609,#1646,#791,.T.);
#2074=EDGE_CURVE('',#1450,#1610,#792,.T.);
#2075=EDGE_CURVE('',#1490,#1647,#793,.T.);
#2076=EDGE_CURVE('',#1644,#1647,#794,.F.);
#2077=EDGE_CURVE('',#1647,#1646,#1357,.F.);
#2078=EDGE_CURVE('',#1648,#1649,#795,.T.);
#2079=EDGE_CURVE('',#1650,#1648,#1358,.T.);
#2080=EDGE_CURVE('',#1651,#1650,#796,.T.);
#2081=EDGE_CURVE('',#1649,#1651,#1359,.T.);
#2082=EDGE_CURVE('',#1606,#1652,#797,.T.);
#2083=EDGE_CURVE('',#1653,#1652,#798,.T.);
#2084=EDGE_CURVE('',#1653,#1654,#799,.T.);
#2085=EDGE_CURVE('',#1655,#1654,#800,.T.);
#2086=EDGE_CURVE('',#1655,#1449,#801,.T.);
#2087=EDGE_CURVE('',#1650,#1656,#802,.T.);
#2088=EDGE_CURVE('',#1657,#1656,#803,.T.);
#2089=EDGE_CURVE('',#1651,#1657,#804,.T.);
#2090=EDGE_CURVE('',#1648,#1658,#805,.T.);
#2091=EDGE_CURVE('',#1656,#1658,#1360,.T.);
#2092=EDGE_CURVE('',#1649,#1659,#806,.T.);
#2093=EDGE_CURVE('',#1658,#1659,#807,.T.);
#2094=EDGE_CURVE('',#1659,#1657,#1361,.T.);
#2095=EDGE_CURVE('',#1418,#1587,#808,.T.);
#2096=EDGE_CURVE('',#1633,#1631,#809,.T.);
#2097=EDGE_CURVE('',#1523,#1566,#810,.T.);
#2098=EDGE_CURVE('',#1525,#1584,#1362,.T.);
#2099=EDGE_CURVE('',#1580,#1577,#811,.T.);
#2100=EDGE_CURVE('',#1578,#1509,#1363,.T.);
#2101=EDGE_CURVE('',#1454,#1515,#812,.T.);
#2102=EDGE_CURVE('',#1438,#1660,#813,.T.);
#2103=EDGE_CURVE('',#1660,#1661,#1364,.T.);
#2104=EDGE_CURVE('',#1661,#1662,#814,.T.);
#2105=EDGE_CURVE('',#1662,#1663,#1365,.T.);
#2106=EDGE_CURVE('',#1663,#1664,#815,.T.);
#2107=EDGE_CURVE('',#1664,#1665,#1366,.T.);
#2108=EDGE_CURVE('',#1665,#1666,#816,.T.);
#2109=EDGE_CURVE('',#1666,#1625,#1367,.T.);
#2110=EDGE_CURVE('',#1617,#1594,#817,.T.);
#2111=EDGE_CURVE('',#1590,#1602,#818,.T.);
#2112=EDGE_CURVE('',#1597,#1614,#819,.T.);
#2113=EDGE_CURVE('',#1667,#1668,#1368,.T.);
#2114=EDGE_CURVE('',#1668,#1669,#820,.T.);
#2115=EDGE_CURVE('',#1669,#1670,#1369,.T.);
#2116=EDGE_CURVE('',#1670,#1667,#821,.T.);
#2117=EDGE_CURVE('',#1671,#1672,#822,.T.);
#2118=EDGE_CURVE('',#1672,#1673,#1370,.T.);
#2119=EDGE_CURVE('',#1673,#1674,#823,.T.);
#2120=EDGE_CURVE('',#1674,#1671,#1371,.T.);
#2121=EDGE_CURVE('',#1675,#1417,#824,.T.);
#2122=EDGE_CURVE('',#1676,#1675,#825,.T.);
#2123=EDGE_CURVE('',#1652,#1676,#1372,.T.);
#2124=EDGE_CURVE('',#1677,#1655,#1373,.T.);
#2125=EDGE_CURVE('',#1677,#1678,#826,.T.);
#2126=EDGE_CURVE('',#1679,#1678,#827,.T.);
#2127=EDGE_CURVE('',#1660,#1679,#828,.T.);
#2128=EDGE_CURVE('',#1562,#1472,#829,.T.);
#2129=EDGE_CURVE('',#1563,#1471,#830,.T.);
#2130=EDGE_CURVE('',#1561,#1473,#831,.T.);
#2131=EDGE_CURVE('',#1560,#1474,#832,.T.);
#2132=EDGE_CURVE('',#1559,#1475,#833,.T.);
#2133=EDGE_CURVE('',#1462,#1465,#834,.T.);
#2134=EDGE_CURVE('',#1564,#1470,#835,.T.);
#2135=EDGE_CURVE('',#1623,#1588,#836,.T.);
#2136=EDGE_CURVE('',#1624,#1593,#837,.T.);
#2137=EDGE_CURVE('',#1603,#1680,#838,.T.);
#2138=EDGE_CURVE('',#1681,#1602,#1374,.T.);
#2139=EDGE_CURVE('',#1682,#1681,#839,.T.);
#2140=EDGE_CURVE('',#1680,#1682,#1375,.T.);
#2141=EDGE_CURVE('',#1683,#1682,#840,.T.);
#2142=EDGE_CURVE('',#1684,#1683,#841,.T.);
#2143=EDGE_CURVE('',#1685,#1684,#842,.T.);
#2144=EDGE_CURVE('',#1685,#1686,#843,.T.);
#2145=EDGE_CURVE('',#1687,#1686,#844,.T.);
#2146=EDGE_CURVE('',#1688,#1687,#845,.T.);
#2147=EDGE_CURVE('',#1654,#1688,#1376,.T.);
#2148=EDGE_CURVE('',#1689,#1653,#1377,.T.);
#2149=EDGE_CURVE('',#1689,#1690,#846,.T.);
#2150=EDGE_CURVE('',#1680,#1690,#847,.T.);
#2151=EDGE_CURVE('',#1681,#1589,#848,.T.);
#2152=EDGE_CURVE('',#1626,#1691,#1378,.T.);
#2153=EDGE_CURVE('',#1691,#1692,#849,.T.);
#2154=EDGE_CURVE('',#1692,#1693,#1379,.T.);
#2155=EDGE_CURVE('',#1693,#1694,#850,.T.);
#2156=EDGE_CURVE('',#1694,#1695,#1380,.T.);
#2157=EDGE_CURVE('',#1695,#1696,#851,.T.);
#2158=EDGE_CURVE('',#1696,#1679,#1381,.T.);
#2159=EDGE_CURVE('',#1678,#1687,#852,.T.);
#2160=EDGE_CURVE('',#1686,#1697,#1382,.T.);
#2161=EDGE_CURVE('',#1697,#1698,#853,.T.);
#2162=EDGE_CURVE('',#1698,#1699,#1383,.T.);
#2163=EDGE_CURVE('',#1699,#1700,#854,.T.);
#2164=EDGE_CURVE('',#1700,#1701,#1384,.T.);
#2165=EDGE_CURVE('',#1701,#1702,#855,.T.);
#2166=EDGE_CURVE('',#1702,#1683,#1385,.T.);
#2167=EDGE_CURVE('',#1595,#1616,#856,.T.);
#2168=EDGE_CURVE('',#1599,#1416,#857,.T.);
#2169=EDGE_CURVE('',#1703,#1667,#858,.T.);
#2170=EDGE_CURVE('',#1704,#1703,#1386,.T.);
#2171=EDGE_CURVE('',#1704,#1668,#859,.T.);
#2172=EDGE_CURVE('',#1705,#1704,#860,.T.);
#2173=EDGE_CURVE('',#1705,#1669,#861,.T.);
#2174=EDGE_CURVE('',#1706,#1705,#1387,.T.);
#2175=EDGE_CURVE('',#1706,#1670,#862,.T.);
#2176=EDGE_CURVE('',#1703,#1706,#863,.T.);
#2177=EDGE_CURVE('',#1707,#1671,#864,.T.);
#2178=EDGE_CURVE('',#1708,#1707,#865,.T.);
#2179=EDGE_CURVE('',#1708,#1672,#866,.T.);
#2180=EDGE_CURVE('',#1709,#1708,#1388,.T.);
#2181=EDGE_CURVE('',#1709,#1673,#867,.T.);
#2182=EDGE_CURVE('',#1710,#1709,#868,.T.);
#2183=EDGE_CURVE('',#1710,#1674,#869,.T.);
#2184=EDGE_CURVE('',#1707,#1710,#1389,.T.);
#2185=EDGE_CURVE('',#1688,#1677,#870,.T.);
#2186=EDGE_CURVE('',#1676,#1689,#871,.T.);
#2187=EDGE_CURVE('',#1690,#1675,#872,.T.);
#2188=EDGE_CURVE('',#1711,#1712,#873,.T.);
#2189=EDGE_CURVE('',#1712,#1713,#874,.T.);
#2190=EDGE_CURVE('',#1713,#1714,#875,.T.);
#2191=EDGE_CURVE('',#1714,#1711,#876,.T.);
#2192=EDGE_CURVE('',#1711,#1715,#1390,.T.);
#2193=EDGE_CURVE('',#1715,#1716,#877,.T.);
#2194=EDGE_CURVE('',#1716,#1712,#1391,.T.);
#2195=EDGE_CURVE('',#1717,#1718,#878,.T.);
#2196=EDGE_CURVE('',#1718,#1716,#879,.T.);
#2197=EDGE_CURVE('',#1715,#1717,#880,.T.);
#2198=EDGE_CURVE('',#1717,#1685,#1392,.T.);
#2199=EDGE_CURVE('',#1685,#1719,#881,.T.);
#2200=EDGE_CURVE('',#1719,#1718,#1393,.T.);
#2201=EDGE_CURVE('',#1684,#1720,#882,.T.);
#2202=EDGE_CURVE('',#1720,#1719,#883,.T.);
#2203=EDGE_CURVE('',#1684,#1721,#1394,.T.);
#2204=EDGE_CURVE('',#1721,#1722,#884,.T.);
#2205=EDGE_CURVE('',#1722,#1720,#1395,.T.);
#2206=EDGE_CURVE('',#1723,#1724,#885,.T.);
#2207=EDGE_CURVE('',#1724,#1722,#886,.T.);
#2208=EDGE_CURVE('',#1721,#1723,#887,.T.);
#2209=EDGE_CURVE('',#1723,#1714,#1396,.T.);
#2210=EDGE_CURVE('',#1713,#1724,#1397,.T.);
#2211=EDGE_CURVE('',#1717,#1697,#888,.T.);
#2212=EDGE_CURVE('',#1715,#1698,#889,.T.);
#2213=EDGE_CURVE('',#1711,#1699,#890,.T.);
#2214=EDGE_CURVE('',#1714,#1700,#891,.T.);
#2215=EDGE_CURVE('',#1661,#1696,#892,.T.);
#2216=EDGE_CURVE('',#1662,#1695,#893,.T.);
#2217=EDGE_CURVE('',#1663,#1694,#894,.T.);
#2218=EDGE_CURVE('',#1664,#1693,#895,.T.);
#2219=EDGE_CURVE('',#1665,#1692,#896,.T.);
#2220=EDGE_CURVE('',#1666,#1691,#897,.T.);
#2221=EDGE_CURVE('',#1721,#1702,#898,.T.);
#2222=EDGE_CURVE('',#1723,#1701,#899,.T.);
#2223=ORIENTED_EDGE('',*,*,#1725,.F.);
#2224=ORIENTED_EDGE('',*,*,#1726,.T.);
#2225=ORIENTED_EDGE('',*,*,#1727,.T.);
#2226=ORIENTED_EDGE('',*,*,#1726,.F.);
#2227=ORIENTED_EDGE('',*,*,#1727,.F.);
#2228=ORIENTED_EDGE('',*,*,#1728,.T.);
#2229=ORIENTED_EDGE('',*,*,#1729,.F.);
#2230=ORIENTED_EDGE('',*,*,#1728,.F.);
#2231=ORIENTED_EDGE('',*,*,#1730,.F.);
#2232=ORIENTED_EDGE('',*,*,#1731,.T.);
#2233=ORIENTED_EDGE('',*,*,#1732,.T.);
#2234=ORIENTED_EDGE('',*,*,#1731,.F.);
#2235=ORIENTED_EDGE('',*,*,#1732,.F.);
#2236=ORIENTED_EDGE('',*,*,#1733,.T.);
#2237=ORIENTED_EDGE('',*,*,#1734,.F.);
#2238=ORIENTED_EDGE('',*,*,#1733,.F.);
#2239=ORIENTED_EDGE('',*,*,#1735,.F.);
#2240=ORIENTED_EDGE('',*,*,#1736,.T.);
#2241=ORIENTED_EDGE('',*,*,#1737,.T.);
#2242=ORIENTED_EDGE('',*,*,#1736,.F.);
#2243=ORIENTED_EDGE('',*,*,#1737,.F.);
#2244=ORIENTED_EDGE('',*,*,#1738,.T.);
#2245=ORIENTED_EDGE('',*,*,#1739,.F.);
#2246=ORIENTED_EDGE('',*,*,#1738,.F.);
#2247=ORIENTED_EDGE('',*,*,#1740,.F.);
#2248=ORIENTED_EDGE('',*,*,#1741,.T.);
#2249=ORIENTED_EDGE('',*,*,#1742,.T.);
#2250=ORIENTED_EDGE('',*,*,#1741,.F.);
#2251=ORIENTED_EDGE('',*,*,#1742,.F.);
#2252=ORIENTED_EDGE('',*,*,#1743,.T.);
#2253=ORIENTED_EDGE('',*,*,#1744,.F.);
#2254=ORIENTED_EDGE('',*,*,#1743,.F.);
#2255=ORIENTED_EDGE('',*,*,#1745,.F.);
#2256=ORIENTED_EDGE('',*,*,#1746,.T.);
#2257=ORIENTED_EDGE('',*,*,#1747,.T.);
#2258=ORIENTED_EDGE('',*,*,#1746,.F.);
#2259=ORIENTED_EDGE('',*,*,#1747,.F.);
#2260=ORIENTED_EDGE('',*,*,#1748,.T.);
#2261=ORIENTED_EDGE('',*,*,#1749,.F.);
#2262=ORIENTED_EDGE('',*,*,#1748,.F.);
#2263=ORIENTED_EDGE('',*,*,#1750,.F.);
#2264=ORIENTED_EDGE('',*,*,#1751,.T.);
#2265=ORIENTED_EDGE('',*,*,#1752,.T.);
#2266=ORIENTED_EDGE('',*,*,#1751,.F.);
#2267=ORIENTED_EDGE('',*,*,#1752,.F.);
#2268=ORIENTED_EDGE('',*,*,#1753,.T.);
#2269=ORIENTED_EDGE('',*,*,#1754,.F.);
#2270=ORIENTED_EDGE('',*,*,#1753,.F.);
#2271=ORIENTED_EDGE('',*,*,#1755,.T.);
#2272=ORIENTED_EDGE('',*,*,#1756,.T.);
#2273=ORIENTED_EDGE('',*,*,#1757,.F.);
#2274=ORIENTED_EDGE('',*,*,#1758,.T.);
#2275=ORIENTED_EDGE('',*,*,#1759,.T.);
#2276=ORIENTED_EDGE('',*,*,#1760,.F.);
#2277=ORIENTED_EDGE('',*,*,#1758,.F.);
#2278=ORIENTED_EDGE('',*,*,#1761,.F.);
#2279=ORIENTED_EDGE('',*,*,#1762,.F.);
#2280=ORIENTED_EDGE('',*,*,#1763,.F.);
#2281=ORIENTED_EDGE('',*,*,#1764,.F.);
#2282=ORIENTED_EDGE('',*,*,#1765,.T.);
#2283=ORIENTED_EDGE('',*,*,#1766,.T.);
#2284=ORIENTED_EDGE('',*,*,#1767,.T.);
#2285=ORIENTED_EDGE('',*,*,#1764,.T.);
#2286=ORIENTED_EDGE('',*,*,#1768,.F.);
#2287=ORIENTED_EDGE('',*,*,#1769,.T.);
#2288=ORIENTED_EDGE('',*,*,#1770,.F.);
#2289=ORIENTED_EDGE('',*,*,#1771,.T.);
#2290=ORIENTED_EDGE('',*,*,#1772,.F.);
#2291=ORIENTED_EDGE('',*,*,#1773,.T.);
#2292=ORIENTED_EDGE('',*,*,#1774,.F.);
#2293=ORIENTED_EDGE('',*,*,#1767,.F.);
#2294=ORIENTED_EDGE('',*,*,#1775,.F.);
#2295=ORIENTED_EDGE('',*,*,#1776,.F.);
#2296=ORIENTED_EDGE('',*,*,#1768,.T.);
#2297=ORIENTED_EDGE('',*,*,#1769,.F.);
#2298=ORIENTED_EDGE('',*,*,#1776,.T.);
#2299=ORIENTED_EDGE('',*,*,#1777,.T.);
#2300=ORIENTED_EDGE('',*,*,#1778,.T.);
#2301=ORIENTED_EDGE('',*,*,#1779,.F.);
#2302=ORIENTED_EDGE('',*,*,#1780,.T.);
#2303=ORIENTED_EDGE('',*,*,#1781,.T.);
#2304=ORIENTED_EDGE('',*,*,#1782,.T.);
#2305=ORIENTED_EDGE('',*,*,#1779,.T.);
#2306=ORIENTED_EDGE('',*,*,#1783,.F.);
#2307=ORIENTED_EDGE('',*,*,#1784,.T.);
#2308=ORIENTED_EDGE('',*,*,#1785,.T.);
#2309=ORIENTED_EDGE('',*,*,#1786,.F.);
#2310=ORIENTED_EDGE('',*,*,#1787,.T.);
#2311=ORIENTED_EDGE('',*,*,#1788,.F.);
#2312=ORIENTED_EDGE('',*,*,#1782,.F.);
#2313=ORIENTED_EDGE('',*,*,#1789,.F.);
#2314=ORIENTED_EDGE('',*,*,#1790,.F.);
#2315=ORIENTED_EDGE('',*,*,#1791,.F.);
#2316=ORIENTED_EDGE('',*,*,#1792,.T.);
#2317=ORIENTED_EDGE('',*,*,#1783,.T.);
#2318=ORIENTED_EDGE('',*,*,#1787,.F.);
#2319=ORIENTED_EDGE('',*,*,#1793,.T.);
#2320=ORIENTED_EDGE('',*,*,#1794,.T.);
#2321=ORIENTED_EDGE('',*,*,#1795,.T.);
#2322=ORIENTED_EDGE('',*,*,#1793,.F.);
#2323=ORIENTED_EDGE('',*,*,#1786,.T.);
#2324=ORIENTED_EDGE('',*,*,#1796,.T.);
#2325=ORIENTED_EDGE('',*,*,#1797,.F.);
#2326=ORIENTED_EDGE('',*,*,#1798,.T.);
#2327=ORIENTED_EDGE('',*,*,#1799,.T.);
#2328=ORIENTED_EDGE('',*,*,#1800,.T.);
#2329=ORIENTED_EDGE('',*,*,#1801,.T.);
#2330=ORIENTED_EDGE('',*,*,#1799,.F.);
#2331=ORIENTED_EDGE('',*,*,#1802,.F.);
#2332=ORIENTED_EDGE('',*,*,#1803,.F.);
#2333=ORIENTED_EDGE('',*,*,#1804,.T.);
#2334=ORIENTED_EDGE('',*,*,#1805,.F.);
#2335=ORIENTED_EDGE('',*,*,#1806,.F.);
#2336=ORIENTED_EDGE('',*,*,#1798,.F.);
#2337=ORIENTED_EDGE('',*,*,#1807,.T.);
#2338=ORIENTED_EDGE('',*,*,#1808,.F.);
#2339=ORIENTED_EDGE('',*,*,#1809,.T.);
#2340=ORIENTED_EDGE('',*,*,#1810,.T.);
#2341=ORIENTED_EDGE('',*,*,#1811,.T.);
#2342=ORIENTED_EDGE('',*,*,#1812,.F.);
#2343=ORIENTED_EDGE('',*,*,#1802,.T.);
#2344=ORIENTED_EDGE('',*,*,#1812,.T.);
#2345=ORIENTED_EDGE('',*,*,#1813,.T.);
#2346=ORIENTED_EDGE('',*,*,#1814,.T.);
#2347=ORIENTED_EDGE('',*,*,#1803,.T.);
#2348=ORIENTED_EDGE('',*,*,#1815,.T.);
#2349=ORIENTED_EDGE('',*,*,#1790,.T.);
#2350=ORIENTED_EDGE('',*,*,#1816,.T.);
#2351=ORIENTED_EDGE('',*,*,#1805,.T.);
#2352=ORIENTED_EDGE('',*,*,#1815,.F.);
#2353=ORIENTED_EDGE('',*,*,#1804,.F.);
#2354=ORIENTED_EDGE('',*,*,#1814,.F.);
#2355=ORIENTED_EDGE('',*,*,#1817,.F.);
#2356=ORIENTED_EDGE('',*,*,#1818,.F.);
#2357=ORIENTED_EDGE('',*,*,#1819,.F.);
#2358=ORIENTED_EDGE('',*,*,#1820,.F.);
#2359=ORIENTED_EDGE('',*,*,#1821,.T.);
#2360=ORIENTED_EDGE('',*,*,#1777,.F.);
#2361=ORIENTED_EDGE('',*,*,#1775,.T.);
#2362=ORIENTED_EDGE('',*,*,#1766,.F.);
#2363=ORIENTED_EDGE('',*,*,#1822,.T.);
#2364=ORIENTED_EDGE('',*,*,#1823,.F.);
#2365=ORIENTED_EDGE('',*,*,#1824,.F.);
#2366=ORIENTED_EDGE('',*,*,#1825,.F.);
#2367=ORIENTED_EDGE('',*,*,#1826,.F.);
#2368=ORIENTED_EDGE('',*,*,#1827,.F.);
#2369=ORIENTED_EDGE('',*,*,#1828,.F.);
#2370=ORIENTED_EDGE('',*,*,#1829,.F.);
#2371=ORIENTED_EDGE('',*,*,#1830,.F.);
#2372=ORIENTED_EDGE('',*,*,#1831,.F.);
#2373=ORIENTED_EDGE('',*,*,#1832,.F.);
#2374=ORIENTED_EDGE('',*,*,#1833,.F.);
#2375=ORIENTED_EDGE('',*,*,#1834,.F.);
#2376=ORIENTED_EDGE('',*,*,#1835,.F.);
#2377=ORIENTED_EDGE('',*,*,#1836,.F.);
#2378=ORIENTED_EDGE('',*,*,#1837,.F.);
#2379=ORIENTED_EDGE('',*,*,#1838,.F.);
#2380=ORIENTED_EDGE('',*,*,#1839,.F.);
#2381=ORIENTED_EDGE('',*,*,#1840,.F.);
#2382=ORIENTED_EDGE('',*,*,#1841,.F.);
#2383=ORIENTED_EDGE('',*,*,#1842,.T.);
#2384=ORIENTED_EDGE('',*,*,#1843,.T.);
#2385=ORIENTED_EDGE('',*,*,#1844,.T.);
#2386=ORIENTED_EDGE('',*,*,#1845,.T.);
#2387=ORIENTED_EDGE('',*,*,#1791,.T.);
#2388=ORIENTED_EDGE('',*,*,#1846,.T.);
#2389=ORIENTED_EDGE('',*,*,#1847,.F.);
#2390=ORIENTED_EDGE('',*,*,#1848,.T.);
#2391=ORIENTED_EDGE('',*,*,#1849,.F.);
#2392=ORIENTED_EDGE('',*,*,#1850,.T.);
#2393=ORIENTED_EDGE('',*,*,#1851,.F.);
#2394=ORIENTED_EDGE('',*,*,#1852,.T.);
#2395=ORIENTED_EDGE('',*,*,#1853,.F.);
#2396=ORIENTED_EDGE('',*,*,#1841,.T.);
#2397=ORIENTED_EDGE('',*,*,#1854,.T.);
#2398=ORIENTED_EDGE('',*,*,#1855,.T.);
#2399=ORIENTED_EDGE('',*,*,#1856,.T.);
#2400=ORIENTED_EDGE('',*,*,#1856,.F.);
#2401=ORIENTED_EDGE('',*,*,#1857,.F.);
#2402=ORIENTED_EDGE('',*,*,#1858,.F.);
#2403=ORIENTED_EDGE('',*,*,#1859,.T.);
#2404=ORIENTED_EDGE('',*,*,#1860,.T.);
#2405=ORIENTED_EDGE('',*,*,#1842,.F.);
#2406=ORIENTED_EDGE('',*,*,#1861,.T.);
#2407=ORIENTED_EDGE('',*,*,#1862,.T.);
#2408=ORIENTED_EDGE('',*,*,#1863,.T.);
#2409=ORIENTED_EDGE('',*,*,#1864,.T.);
#2410=ORIENTED_EDGE('',*,*,#1864,.F.);
#2411=ORIENTED_EDGE('',*,*,#1865,.F.);
#2412=ORIENTED_EDGE('',*,*,#1866,.T.);
#2413=ORIENTED_EDGE('',*,*,#1867,.F.);
#2414=ORIENTED_EDGE('',*,*,#1868,.T.);
#2415=ORIENTED_EDGE('',*,*,#1869,.T.);
#2416=ORIENTED_EDGE('',*,*,#1870,.T.);
#2417=ORIENTED_EDGE('',*,*,#1871,.T.);
#2418=ORIENTED_EDGE('',*,*,#1862,.F.);
#2419=ORIENTED_EDGE('',*,*,#1872,.F.);
#2420=ORIENTED_EDGE('',*,*,#1871,.F.);
#2421=ORIENTED_EDGE('',*,*,#1873,.T.);
#2422=ORIENTED_EDGE('',*,*,#1771,.F.);
#2423=ORIENTED_EDGE('',*,*,#1874,.T.);
#2424=ORIENTED_EDGE('',*,*,#1875,.T.);
#2425=ORIENTED_EDGE('',*,*,#1876,.T.);
#2426=ORIENTED_EDGE('',*,*,#1876,.F.);
#2427=ORIENTED_EDGE('',*,*,#1877,.T.);
#2428=ORIENTED_EDGE('',*,*,#1878,.F.);
#2429=ORIENTED_EDGE('',*,*,#1772,.T.);
#2430=ORIENTED_EDGE('',*,*,#1773,.F.);
#2431=ORIENTED_EDGE('',*,*,#1878,.T.);
#2432=ORIENTED_EDGE('',*,*,#1879,.T.);
#2433=ORIENTED_EDGE('',*,*,#1880,.T.);
#2434=ORIENTED_EDGE('',*,*,#1765,.F.);
#2435=ORIENTED_EDGE('',*,*,#1774,.T.);
#2436=ORIENTED_EDGE('',*,*,#1880,.F.);
#2437=ORIENTED_EDGE('',*,*,#1881,.F.);
#2438=ORIENTED_EDGE('',*,*,#1869,.F.);
#2439=ORIENTED_EDGE('',*,*,#1882,.F.);
#2440=ORIENTED_EDGE('',*,*,#1883,.T.);
#2441=ORIENTED_EDGE('',*,*,#1822,.F.);
#2442=ORIENTED_EDGE('',*,*,#1808,.T.);
#2443=ORIENTED_EDGE('',*,*,#1884,.T.);
#2444=ORIENTED_EDGE('',*,*,#1820,.T.);
#2445=ORIENTED_EDGE('',*,*,#1885,.T.);
#2446=ORIENTED_EDGE('',*,*,#1885,.F.);
#2447=ORIENTED_EDGE('',*,*,#1819,.T.);
#2448=ORIENTED_EDGE('',*,*,#1886,.F.);
#2449=ORIENTED_EDGE('',*,*,#1809,.F.);
#2450=ORIENTED_EDGE('',*,*,#1887,.T.);
#2451=ORIENTED_EDGE('',*,*,#1888,.T.);
#2452=ORIENTED_EDGE('',*,*,#1889,.T.);
#2453=ORIENTED_EDGE('',*,*,#1890,.T.);
#2454=ORIENTED_EDGE('',*,*,#1888,.F.);
#2455=ORIENTED_EDGE('',*,*,#1891,.F.);
#2456=ORIENTED_EDGE('',*,*,#1892,.F.);
#2457=ORIENTED_EDGE('',*,*,#1893,.F.);
#2458=ORIENTED_EDGE('',*,*,#1861,.F.);
#2459=ORIENTED_EDGE('',*,*,#1867,.T.);
#2460=ORIENTED_EDGE('',*,*,#1894,.T.);
#2461=ORIENTED_EDGE('',*,*,#1895,.T.);
#2462=ORIENTED_EDGE('',*,*,#1896,.F.);
#2463=ORIENTED_EDGE('',*,*,#1897,.T.);
#2464=ORIENTED_EDGE('',*,*,#1898,.F.);
#2465=ORIENTED_EDGE('',*,*,#1899,.T.);
#2466=ORIENTED_EDGE('',*,*,#1900,.F.);
#2467=ORIENTED_EDGE('',*,*,#1901,.T.);
#2468=ORIENTED_EDGE('',*,*,#1902,.F.);
#2469=ORIENTED_EDGE('',*,*,#1903,.T.);
#2470=ORIENTED_EDGE('',*,*,#1904,.T.);
#2471=ORIENTED_EDGE('',*,*,#1891,.T.);
#2472=ORIENTED_EDGE('',*,*,#1887,.F.);
#2473=ORIENTED_EDGE('',*,*,#1905,.T.);
#2474=ORIENTED_EDGE('',*,*,#1906,.F.);
#2475=ORIENTED_EDGE('',*,*,#1907,.T.);
#2476=ORIENTED_EDGE('',*,*,#1908,.F.);
#2477=ORIENTED_EDGE('',*,*,#1909,.T.);
#2478=ORIENTED_EDGE('',*,*,#1910,.F.);
#2479=ORIENTED_EDGE('',*,*,#1911,.T.);
#2480=ORIENTED_EDGE('',*,*,#1912,.F.);
#2481=ORIENTED_EDGE('',*,*,#1913,.T.);
#2482=ORIENTED_EDGE('',*,*,#1914,.F.);
#2483=ORIENTED_EDGE('',*,*,#1915,.T.);
#2484=ORIENTED_EDGE('',*,*,#1916,.F.);
#2485=ORIENTED_EDGE('',*,*,#1917,.T.);
#2486=ORIENTED_EDGE('',*,*,#1918,.F.);
#2487=ORIENTED_EDGE('',*,*,#1919,.T.);
#2488=ORIENTED_EDGE('',*,*,#1920,.F.);
#2489=ORIENTED_EDGE('',*,*,#1921,.T.);
#2490=ORIENTED_EDGE('',*,*,#1922,.F.);
#2491=ORIENTED_EDGE('',*,*,#1923,.T.);
#2492=ORIENTED_EDGE('',*,*,#1924,.F.);
#2493=ORIENTED_EDGE('',*,*,#1925,.T.);
#2494=ORIENTED_EDGE('',*,*,#1926,.F.);
#2495=ORIENTED_EDGE('',*,*,#1927,.T.);
#2496=ORIENTED_EDGE('',*,*,#1928,.T.);
#2497=ORIENTED_EDGE('',*,*,#1929,.T.);
#2498=ORIENTED_EDGE('',*,*,#1930,.T.);
#2499=ORIENTED_EDGE('',*,*,#1931,.T.);
#2500=ORIENTED_EDGE('',*,*,#1932,.T.);
#2501=ORIENTED_EDGE('',*,*,#1933,.T.);
#2502=ORIENTED_EDGE('',*,*,#1934,.T.);
#2503=ORIENTED_EDGE('',*,*,#1882,.T.);
#2504=ORIENTED_EDGE('',*,*,#1868,.F.);
#2505=ORIENTED_EDGE('',*,*,#1872,.T.);
#2506=ORIENTED_EDGE('',*,*,#1935,.F.);
#2507=ORIENTED_EDGE('',*,*,#1936,.T.);
#2508=ORIENTED_EDGE('',*,*,#1906,.T.);
#2509=ORIENTED_EDGE('',*,*,#1937,.T.);
#2510=ORIENTED_EDGE('',*,*,#1936,.F.);
#2511=ORIENTED_EDGE('',*,*,#1938,.T.);
#2512=ORIENTED_EDGE('',*,*,#1939,.F.);
#2513=ORIENTED_EDGE('',*,*,#1907,.F.);
#2514=ORIENTED_EDGE('',*,*,#1940,.F.);
#2515=ORIENTED_EDGE('',*,*,#1941,.T.);
#2516=ORIENTED_EDGE('',*,*,#1847,.T.);
#2517=ORIENTED_EDGE('',*,*,#1942,.T.);
#2518=ORIENTED_EDGE('',*,*,#1941,.F.);
#2519=ORIENTED_EDGE('',*,*,#1943,.T.);
#2520=ORIENTED_EDGE('',*,*,#1944,.F.);
#2521=ORIENTED_EDGE('',*,*,#1848,.F.);
#2522=ORIENTED_EDGE('',*,*,#1945,.F.);
#2523=ORIENTED_EDGE('',*,*,#1946,.T.);
#2524=ORIENTED_EDGE('',*,*,#1849,.T.);
#2525=ORIENTED_EDGE('',*,*,#1944,.T.);
#2526=ORIENTED_EDGE('',*,*,#1946,.F.);
#2527=ORIENTED_EDGE('',*,*,#1947,.T.);
#2528=ORIENTED_EDGE('',*,*,#1948,.F.);
#2529=ORIENTED_EDGE('',*,*,#1850,.F.);
#2530=ORIENTED_EDGE('',*,*,#1949,.F.);
#2531=ORIENTED_EDGE('',*,*,#1950,.T.);
#2532=ORIENTED_EDGE('',*,*,#1851,.T.);
#2533=ORIENTED_EDGE('',*,*,#1948,.T.);
#2534=ORIENTED_EDGE('',*,*,#1950,.F.);
#2535=ORIENTED_EDGE('',*,*,#1951,.T.);
#2536=ORIENTED_EDGE('',*,*,#1952,.F.);
#2537=ORIENTED_EDGE('',*,*,#1852,.F.);
#2538=ORIENTED_EDGE('',*,*,#1953,.F.);
#2539=ORIENTED_EDGE('',*,*,#1954,.T.);
#2540=ORIENTED_EDGE('',*,*,#1853,.T.);
#2541=ORIENTED_EDGE('',*,*,#1952,.T.);
#2542=ORIENTED_EDGE('',*,*,#1940,.T.);
#2543=ORIENTED_EDGE('',*,*,#1955,.F.);
#2544=ORIENTED_EDGE('',*,*,#1953,.T.);
#2545=ORIENTED_EDGE('',*,*,#1951,.F.);
#2546=ORIENTED_EDGE('',*,*,#1949,.T.);
#2547=ORIENTED_EDGE('',*,*,#1947,.F.);
#2548=ORIENTED_EDGE('',*,*,#1945,.T.);
#2549=ORIENTED_EDGE('',*,*,#1943,.F.);
#2550=ORIENTED_EDGE('',*,*,#1896,.T.);
#2551=ORIENTED_EDGE('',*,*,#1956,.T.);
#2552=ORIENTED_EDGE('',*,*,#1957,.T.);
#2553=ORIENTED_EDGE('',*,*,#1958,.T.);
#2554=ORIENTED_EDGE('',*,*,#1956,.F.);
#2555=ORIENTED_EDGE('',*,*,#1895,.F.);
#2556=ORIENTED_EDGE('',*,*,#1959,.F.);
#2557=ORIENTED_EDGE('',*,*,#1960,.F.);
#2558=ORIENTED_EDGE('',*,*,#1961,.F.);
#2559=ORIENTED_EDGE('',*,*,#1962,.T.);
#2560=ORIENTED_EDGE('',*,*,#1898,.T.);
#2561=ORIENTED_EDGE('',*,*,#1963,.T.);
#2562=ORIENTED_EDGE('',*,*,#1962,.F.);
#2563=ORIENTED_EDGE('',*,*,#1964,.F.);
#2564=ORIENTED_EDGE('',*,*,#1965,.F.);
#2565=ORIENTED_EDGE('',*,*,#1899,.F.);
#2566=ORIENTED_EDGE('',*,*,#1902,.T.);
#2567=ORIENTED_EDGE('',*,*,#1966,.T.);
#2568=ORIENTED_EDGE('',*,*,#1967,.T.);
#2569=ORIENTED_EDGE('',*,*,#1968,.T.);
#2570=ORIENTED_EDGE('',*,*,#1968,.F.);
#2571=ORIENTED_EDGE('',*,*,#1969,.F.);
#2572=ORIENTED_EDGE('',*,*,#1970,.T.);
#2573=ORIENTED_EDGE('',*,*,#1903,.F.);
#2574=ORIENTED_EDGE('',*,*,#1971,.F.);
#2575=ORIENTED_EDGE('',*,*,#1972,.T.);
#2576=ORIENTED_EDGE('',*,*,#1900,.T.);
#2577=ORIENTED_EDGE('',*,*,#1965,.T.);
#2578=ORIENTED_EDGE('',*,*,#1966,.F.);
#2579=ORIENTED_EDGE('',*,*,#1901,.F.);
#2580=ORIENTED_EDGE('',*,*,#1972,.F.);
#2581=ORIENTED_EDGE('',*,*,#1973,.F.);
#2582=ORIENTED_EDGE('',*,*,#1974,.F.);
#2583=ORIENTED_EDGE('',*,*,#1858,.T.);
#2584=ORIENTED_EDGE('',*,*,#1975,.T.);
#2585=ORIENTED_EDGE('',*,*,#1976,.T.);
#2586=ORIENTED_EDGE('',*,*,#1977,.T.);
#2587=ORIENTED_EDGE('',*,*,#1978,.T.);
#2588=ORIENTED_EDGE('',*,*,#1979,.F.);
#2589=ORIENTED_EDGE('',*,*,#1980,.T.);
#2590=ORIENTED_EDGE('',*,*,#1981,.T.);
#2591=ORIENTED_EDGE('',*,*,#1982,.F.);
#2592=ORIENTED_EDGE('',*,*,#1980,.F.);
#2593=ORIENTED_EDGE('',*,*,#1983,.F.);
#2594=ORIENTED_EDGE('',*,*,#1984,.T.);
#2595=ORIENTED_EDGE('',*,*,#1985,.F.);
#2596=ORIENTED_EDGE('',*,*,#1986,.F.);
#2597=ORIENTED_EDGE('',*,*,#1987,.T.);
#2598=ORIENTED_EDGE('',*,*,#1988,.F.);
#2599=ORIENTED_EDGE('',*,*,#1989,.T.);
#2600=ORIENTED_EDGE('',*,*,#1990,.F.);
#2601=ORIENTED_EDGE('',*,*,#1991,.T.);
#2602=ORIENTED_EDGE('',*,*,#1987,.F.);
#2603=ORIENTED_EDGE('',*,*,#1992,.F.);
#2604=ORIENTED_EDGE('',*,*,#1993,.T.);
#2605=ORIENTED_EDGE('',*,*,#1994,.F.);
#2606=ORIENTED_EDGE('',*,*,#1995,.F.);
#2607=ORIENTED_EDGE('',*,*,#1996,.T.);
#2608=ORIENTED_EDGE('',*,*,#1997,.T.);
#2609=ORIENTED_EDGE('',*,*,#1998,.T.);
#2610=ORIENTED_EDGE('',*,*,#1974,.T.);
#2611=ORIENTED_EDGE('',*,*,#1999,.F.);
#2612=ORIENTED_EDGE('',*,*,#1995,.T.);
#2613=ORIENTED_EDGE('',*,*,#2000,.F.);
#2614=ORIENTED_EDGE('',*,*,#2001,.T.);
#2615=ORIENTED_EDGE('',*,*,#2002,.T.);
#2616=ORIENTED_EDGE('',*,*,#1859,.F.);
#2617=ORIENTED_EDGE('',*,*,#1998,.F.);
#2618=ORIENTED_EDGE('',*,*,#2003,.F.);
#2619=ORIENTED_EDGE('',*,*,#2004,.T.);
#2620=ORIENTED_EDGE('',*,*,#2000,.T.);
#2621=ORIENTED_EDGE('',*,*,#2005,.T.);
#2622=ORIENTED_EDGE('',*,*,#1762,.T.);
#2623=ORIENTED_EDGE('',*,*,#2006,.T.);
#2624=ORIENTED_EDGE('',*,*,#2007,.T.);
#2625=ORIENTED_EDGE('',*,*,#2005,.F.);
#2626=ORIENTED_EDGE('',*,*,#2008,.T.);
#2627=ORIENTED_EDGE('',*,*,#2009,.T.);
#2628=ORIENTED_EDGE('',*,*,#1990,.T.);
#2629=ORIENTED_EDGE('',*,*,#2010,.T.);
#2630=ORIENTED_EDGE('',*,*,#1759,.F.);
#2631=ORIENTED_EDGE('',*,*,#1763,.T.);
#2632=ORIENTED_EDGE('',*,*,#2007,.F.);
#2633=ORIENTED_EDGE('',*,*,#2011,.F.);
#2634=ORIENTED_EDGE('',*,*,#2012,.T.);
#2635=ORIENTED_EDGE('',*,*,#2008,.F.);
#2636=ORIENTED_EDGE('',*,*,#2013,.T.);
#2637=ORIENTED_EDGE('',*,*,#2014,.T.);
#2638=ORIENTED_EDGE('',*,*,#2015,.T.);
#2639=ORIENTED_EDGE('',*,*,#2016,.T.);
#2640=ORIENTED_EDGE('',*,*,#2016,.F.);
#2641=ORIENTED_EDGE('',*,*,#2017,.F.);
#2642=ORIENTED_EDGE('',*,*,#2018,.F.);
#2643=ORIENTED_EDGE('',*,*,#2019,.F.);
#2644=ORIENTED_EDGE('',*,*,#2020,.F.);
#2645=ORIENTED_EDGE('',*,*,#2021,.T.);
#2646=ORIENTED_EDGE('',*,*,#2022,.F.);
#2647=ORIENTED_EDGE('',*,*,#2023,.T.);
#2648=ORIENTED_EDGE('',*,*,#2024,.F.);
#2649=ORIENTED_EDGE('',*,*,#2018,.T.);
#2650=ORIENTED_EDGE('',*,*,#2021,.F.);
#2651=ORIENTED_EDGE('',*,*,#2025,.F.);
#2652=ORIENTED_EDGE('',*,*,#2026,.T.);
#2653=ORIENTED_EDGE('',*,*,#2027,.F.);
#2654=ORIENTED_EDGE('',*,*,#1910,.T.);
#2655=ORIENTED_EDGE('',*,*,#2028,.T.);
#2656=ORIENTED_EDGE('',*,*,#2029,.T.);
#2657=ORIENTED_EDGE('',*,*,#2030,.T.);
#2658=ORIENTED_EDGE('',*,*,#2030,.F.);
#2659=ORIENTED_EDGE('',*,*,#2031,.F.);
#2660=ORIENTED_EDGE('',*,*,#2032,.F.);
#2661=ORIENTED_EDGE('',*,*,#1911,.F.);
#2662=ORIENTED_EDGE('',*,*,#2033,.F.);
#2663=ORIENTED_EDGE('',*,*,#2034,.T.);
#2664=ORIENTED_EDGE('',*,*,#1908,.T.);
#2665=ORIENTED_EDGE('',*,*,#1939,.T.);
#2666=ORIENTED_EDGE('',*,*,#2028,.F.);
#2667=ORIENTED_EDGE('',*,*,#1909,.F.);
#2668=ORIENTED_EDGE('',*,*,#2034,.F.);
#2669=ORIENTED_EDGE('',*,*,#2035,.T.);
#2670=ORIENTED_EDGE('',*,*,#1912,.T.);
#2671=ORIENTED_EDGE('',*,*,#2032,.T.);
#2672=ORIENTED_EDGE('',*,*,#2036,.T.);
#2673=ORIENTED_EDGE('',*,*,#2037,.T.);
#2674=ORIENTED_EDGE('',*,*,#2038,.F.);
#2675=ORIENTED_EDGE('',*,*,#2039,.T.);
#2676=ORIENTED_EDGE('',*,*,#1914,.T.);
#2677=ORIENTED_EDGE('',*,*,#2040,.T.);
#2678=ORIENTED_EDGE('',*,*,#2039,.F.);
#2679=ORIENTED_EDGE('',*,*,#2041,.F.);
#2680=ORIENTED_EDGE('',*,*,#2042,.F.);
#2681=ORIENTED_EDGE('',*,*,#1915,.F.);
#2682=ORIENTED_EDGE('',*,*,#1916,.T.);
#2683=ORIENTED_EDGE('',*,*,#2042,.T.);
#2684=ORIENTED_EDGE('',*,*,#2043,.T.);
#2685=ORIENTED_EDGE('',*,*,#2044,.T.);
#2686=ORIENTED_EDGE('',*,*,#1854,.F.);
#2687=ORIENTED_EDGE('',*,*,#1840,.T.);
#2688=ORIENTED_EDGE('',*,*,#2045,.F.);
#2689=ORIENTED_EDGE('',*,*,#1917,.F.);
#2690=ORIENTED_EDGE('',*,*,#2044,.F.);
#2691=ORIENTED_EDGE('',*,*,#2046,.F.);
#2692=ORIENTED_EDGE('',*,*,#1918,.T.);
#2693=ORIENTED_EDGE('',*,*,#2045,.T.);
#2694=ORIENTED_EDGE('',*,*,#1839,.T.);
#2695=ORIENTED_EDGE('',*,*,#2047,.T.);
#2696=ORIENTED_EDGE('',*,*,#1920,.T.);
#2697=ORIENTED_EDGE('',*,*,#2048,.T.);
#2698=ORIENTED_EDGE('',*,*,#1837,.T.);
#2699=ORIENTED_EDGE('',*,*,#2049,.T.);
#2700=ORIENTED_EDGE('',*,*,#2049,.F.);
#2701=ORIENTED_EDGE('',*,*,#1836,.T.);
#2702=ORIENTED_EDGE('',*,*,#2050,.F.);
#2703=ORIENTED_EDGE('',*,*,#2051,.T.);
#2704=ORIENTED_EDGE('',*,*,#2052,.F.);
#2705=ORIENTED_EDGE('',*,*,#1921,.F.);
#2706=ORIENTED_EDGE('',*,*,#1926,.T.);
#2707=ORIENTED_EDGE('',*,*,#2053,.T.);
#2708=ORIENTED_EDGE('',*,*,#1831,.T.);
#2709=ORIENTED_EDGE('',*,*,#2054,.T.);
#2710=ORIENTED_EDGE('',*,*,#2054,.F.);
#2711=ORIENTED_EDGE('',*,*,#1830,.T.);
#2712=ORIENTED_EDGE('',*,*,#2055,.F.);
#2713=ORIENTED_EDGE('',*,*,#1927,.F.);
#2714=ORIENTED_EDGE('',*,*,#2056,.F.);
#2715=ORIENTED_EDGE('',*,*,#2057,.T.);
#2716=ORIENTED_EDGE('',*,*,#1924,.T.);
#2717=ORIENTED_EDGE('',*,*,#2058,.T.);
#2718=ORIENTED_EDGE('',*,*,#2058,.F.);
#2719=ORIENTED_EDGE('',*,*,#1923,.F.);
#2720=ORIENTED_EDGE('',*,*,#2059,.F.);
#2721=ORIENTED_EDGE('',*,*,#2060,.T.);
#2722=ORIENTED_EDGE('',*,*,#2061,.F.);
#2723=ORIENTED_EDGE('',*,*,#2059,.T.);
#2724=ORIENTED_EDGE('',*,*,#1922,.T.);
#2725=ORIENTED_EDGE('',*,*,#2052,.T.);
#2726=ORIENTED_EDGE('',*,*,#2062,.F.);
#2727=ORIENTED_EDGE('',*,*,#2063,.T.);
#2728=ORIENTED_EDGE('',*,*,#1833,.T.);
#2729=ORIENTED_EDGE('',*,*,#2064,.T.);
#2730=ORIENTED_EDGE('',*,*,#2053,.F.);
#2731=ORIENTED_EDGE('',*,*,#1925,.F.);
#2732=ORIENTED_EDGE('',*,*,#2057,.F.);
#2733=ORIENTED_EDGE('',*,*,#2065,.T.);
#2734=ORIENTED_EDGE('',*,*,#2064,.F.);
#2735=ORIENTED_EDGE('',*,*,#1832,.T.);
#2736=ORIENTED_EDGE('',*,*,#2066,.F.);
#2737=ORIENTED_EDGE('',*,*,#2050,.T.);
#2738=ORIENTED_EDGE('',*,*,#1835,.T.);
#2739=ORIENTED_EDGE('',*,*,#2067,.T.);
#2740=ORIENTED_EDGE('',*,*,#2063,.F.);
#2741=ORIENTED_EDGE('',*,*,#2068,.T.);
#2742=ORIENTED_EDGE('',*,*,#2067,.F.);
#2743=ORIENTED_EDGE('',*,*,#1834,.T.);
#2744=ORIENTED_EDGE('',*,*,#1845,.F.);
#2745=ORIENTED_EDGE('',*,*,#2069,.T.);
#2746=ORIENTED_EDGE('',*,*,#2070,.F.);
#2747=ORIENTED_EDGE('',*,*,#2071,.F.);
#2748=ORIENTED_EDGE('',*,*,#1784,.F.);
#2749=ORIENTED_EDGE('',*,*,#1792,.F.);
#2750=ORIENTED_EDGE('',*,*,#1785,.F.);
#2751=ORIENTED_EDGE('',*,*,#2071,.T.);
#2752=ORIENTED_EDGE('',*,*,#2072,.F.);
#2753=ORIENTED_EDGE('',*,*,#2073,.F.);
#2754=ORIENTED_EDGE('',*,*,#2001,.F.);
#2755=ORIENTED_EDGE('',*,*,#2004,.F.);
#2756=ORIENTED_EDGE('',*,*,#2074,.F.);
#2757=ORIENTED_EDGE('',*,*,#1796,.F.);
#2758=ORIENTED_EDGE('',*,*,#1844,.F.);
#2759=ORIENTED_EDGE('',*,*,#2075,.T.);
#2760=ORIENTED_EDGE('',*,*,#2076,.F.);
#2761=ORIENTED_EDGE('',*,*,#2069,.F.);
#2762=ORIENTED_EDGE('',*,*,#1843,.F.);
#2763=ORIENTED_EDGE('',*,*,#1860,.F.);
#2764=ORIENTED_EDGE('',*,*,#2002,.F.);
#2765=ORIENTED_EDGE('',*,*,#2073,.T.);
#2766=ORIENTED_EDGE('',*,*,#2077,.F.);
#2767=ORIENTED_EDGE('',*,*,#2075,.F.);
#2768=ORIENTED_EDGE('',*,*,#2072,.T.);
#2769=ORIENTED_EDGE('',*,*,#2070,.T.);
#2770=ORIENTED_EDGE('',*,*,#2076,.T.);
#2771=ORIENTED_EDGE('',*,*,#2077,.T.);
#2772=ORIENTED_EDGE('',*,*,#2078,.F.);
#2773=ORIENTED_EDGE('',*,*,#2079,.F.);
#2774=ORIENTED_EDGE('',*,*,#2080,.F.);
#2775=ORIENTED_EDGE('',*,*,#2081,.F.);
#2776=ORIENTED_EDGE('',*,*,#2074,.T.);
#2777=ORIENTED_EDGE('',*,*,#2003,.T.);
#2778=ORIENTED_EDGE('',*,*,#1997,.F.);
#2779=ORIENTED_EDGE('',*,*,#2082,.T.);
#2780=ORIENTED_EDGE('',*,*,#2083,.F.);
#2781=ORIENTED_EDGE('',*,*,#2084,.T.);
#2782=ORIENTED_EDGE('',*,*,#2085,.F.);
#2783=ORIENTED_EDGE('',*,*,#2086,.T.);
#2784=ORIENTED_EDGE('',*,*,#1794,.F.);
#2785=ORIENTED_EDGE('',*,*,#1797,.T.);
#2786=ORIENTED_EDGE('',*,*,#2080,.T.);
#2787=ORIENTED_EDGE('',*,*,#2087,.T.);
#2788=ORIENTED_EDGE('',*,*,#2088,.F.);
#2789=ORIENTED_EDGE('',*,*,#2089,.F.);
#2790=ORIENTED_EDGE('',*,*,#2079,.T.);
#2791=ORIENTED_EDGE('',*,*,#2090,.T.);
#2792=ORIENTED_EDGE('',*,*,#2091,.F.);
#2793=ORIENTED_EDGE('',*,*,#2087,.F.);
#2794=ORIENTED_EDGE('',*,*,#2078,.T.);
#2795=ORIENTED_EDGE('',*,*,#2092,.T.);
#2796=ORIENTED_EDGE('',*,*,#2093,.F.);
#2797=ORIENTED_EDGE('',*,*,#2090,.F.);
#2798=ORIENTED_EDGE('',*,*,#2081,.T.);
#2799=ORIENTED_EDGE('',*,*,#2089,.T.);
#2800=ORIENTED_EDGE('',*,*,#2094,.F.);
#2801=ORIENTED_EDGE('',*,*,#2092,.F.);
#2802=ORIENTED_EDGE('',*,*,#1757,.T.);
#2803=ORIENTED_EDGE('',*,*,#2095,.T.);
#2804=ORIENTED_EDGE('',*,*,#1975,.F.);
#2805=ORIENTED_EDGE('',*,*,#1857,.T.);
#2806=ORIENTED_EDGE('',*,*,#1855,.F.);
#2807=ORIENTED_EDGE('',*,*,#2046,.T.);
#2808=ORIENTED_EDGE('',*,*,#2043,.F.);
#2809=ORIENTED_EDGE('',*,*,#2041,.T.);
#2810=ORIENTED_EDGE('',*,*,#2038,.T.);
#2811=ORIENTED_EDGE('',*,*,#2096,.T.);
#2812=ORIENTED_EDGE('',*,*,#2036,.F.);
#2813=ORIENTED_EDGE('',*,*,#2031,.T.);
#2814=ORIENTED_EDGE('',*,*,#2029,.F.);
#2815=ORIENTED_EDGE('',*,*,#2035,.F.);
#2816=ORIENTED_EDGE('',*,*,#2033,.T.);
#2817=ORIENTED_EDGE('',*,*,#1938,.F.);
#2818=ORIENTED_EDGE('',*,*,#1935,.T.);
#2819=ORIENTED_EDGE('',*,*,#2097,.F.);
#2820=ORIENTED_EDGE('',*,*,#1889,.F.);
#2821=ORIENTED_EDGE('',*,*,#1893,.T.);
#2822=ORIENTED_EDGE('',*,*,#2098,.T.);
#2823=ORIENTED_EDGE('',*,*,#1969,.T.);
#2824=ORIENTED_EDGE('',*,*,#1967,.F.);
#2825=ORIENTED_EDGE('',*,*,#1973,.T.);
#2826=ORIENTED_EDGE('',*,*,#1971,.T.);
#2827=ORIENTED_EDGE('',*,*,#1964,.T.);
#2828=ORIENTED_EDGE('',*,*,#1961,.T.);
#2829=ORIENTED_EDGE('',*,*,#2099,.T.);
#2830=ORIENTED_EDGE('',*,*,#1957,.F.);
#2831=ORIENTED_EDGE('',*,*,#1960,.T.);
#2832=ORIENTED_EDGE('',*,*,#2100,.T.);
#2833=ORIENTED_EDGE('',*,*,#1865,.T.);
#2834=ORIENTED_EDGE('',*,*,#1863,.F.);
#2835=ORIENTED_EDGE('',*,*,#1873,.F.);
#2836=ORIENTED_EDGE('',*,*,#1870,.F.);
#2837=ORIENTED_EDGE('',*,*,#1881,.T.);
#2838=ORIENTED_EDGE('',*,*,#1879,.F.);
#2839=ORIENTED_EDGE('',*,*,#1877,.F.);
#2840=ORIENTED_EDGE('',*,*,#1875,.F.);
#2841=ORIENTED_EDGE('',*,*,#2101,.F.);
#2842=ORIENTED_EDGE('',*,*,#1800,.F.);
#2843=ORIENTED_EDGE('',*,*,#1806,.T.);
#2844=ORIENTED_EDGE('',*,*,#1816,.F.);
#2845=ORIENTED_EDGE('',*,*,#1789,.T.);
#2846=ORIENTED_EDGE('',*,*,#1781,.F.);
#2847=ORIENTED_EDGE('',*,*,#2102,.T.);
#2848=ORIENTED_EDGE('',*,*,#2103,.T.);
#2849=ORIENTED_EDGE('',*,*,#2104,.T.);
#2850=ORIENTED_EDGE('',*,*,#2105,.T.);
#2851=ORIENTED_EDGE('',*,*,#2106,.T.);
#2852=ORIENTED_EDGE('',*,*,#2107,.T.);
#2853=ORIENTED_EDGE('',*,*,#2108,.T.);
#2854=ORIENTED_EDGE('',*,*,#2109,.T.);
#2855=ORIENTED_EDGE('',*,*,#2025,.T.);
#2856=ORIENTED_EDGE('',*,*,#2020,.T.);
#2857=ORIENTED_EDGE('',*,*,#2017,.T.);
#2858=ORIENTED_EDGE('',*,*,#2015,.F.);
#2859=ORIENTED_EDGE('',*,*,#2110,.T.);
#2860=ORIENTED_EDGE('',*,*,#1983,.T.);
#2861=ORIENTED_EDGE('',*,*,#1979,.T.);
#2862=ORIENTED_EDGE('',*,*,#2111,.T.);
#2863=ORIENTED_EDGE('',*,*,#1992,.T.);
#2864=ORIENTED_EDGE('',*,*,#1986,.T.);
#2865=ORIENTED_EDGE('',*,*,#2112,.T.);
#2866=ORIENTED_EDGE('',*,*,#2011,.T.);
#2867=ORIENTED_EDGE('',*,*,#2006,.F.);
#2868=ORIENTED_EDGE('',*,*,#1761,.T.);
#2869=ORIENTED_EDGE('',*,*,#1729,.T.);
#2870=ORIENTED_EDGE('',*,*,#1734,.T.);
#2871=ORIENTED_EDGE('',*,*,#1739,.T.);
#2872=ORIENTED_EDGE('',*,*,#1744,.T.);
#2873=ORIENTED_EDGE('',*,*,#1749,.T.);
#2874=ORIENTED_EDGE('',*,*,#1754,.T.);
#2875=ORIENTED_EDGE('',*,*,#2113,.T.);
#2876=ORIENTED_EDGE('',*,*,#2114,.T.);
#2877=ORIENTED_EDGE('',*,*,#2115,.T.);
#2878=ORIENTED_EDGE('',*,*,#2116,.T.);
#2879=ORIENTED_EDGE('',*,*,#2117,.T.);
#2880=ORIENTED_EDGE('',*,*,#2118,.T.);
#2881=ORIENTED_EDGE('',*,*,#2119,.T.);
#2882=ORIENTED_EDGE('',*,*,#2120,.T.);
#2883=ORIENTED_EDGE('',*,*,#1778,.F.);
#2884=ORIENTED_EDGE('',*,*,#1821,.F.);
#2885=ORIENTED_EDGE('',*,*,#1884,.F.);
#2886=ORIENTED_EDGE('',*,*,#1807,.F.);
#2887=ORIENTED_EDGE('',*,*,#1801,.F.);
#2888=ORIENTED_EDGE('',*,*,#2101,.T.);
#2889=ORIENTED_EDGE('',*,*,#1874,.F.);
#2890=ORIENTED_EDGE('',*,*,#1770,.T.);
#2891=ORIENTED_EDGE('',*,*,#1942,.F.);
#2892=ORIENTED_EDGE('',*,*,#1846,.F.);
#2893=ORIENTED_EDGE('',*,*,#1954,.F.);
#2894=ORIENTED_EDGE('',*,*,#1955,.T.);
#2895=ORIENTED_EDGE('',*,*,#1756,.F.);
#2896=ORIENTED_EDGE('',*,*,#2121,.F.);
#2897=ORIENTED_EDGE('',*,*,#2122,.F.);
#2898=ORIENTED_EDGE('',*,*,#2123,.F.);
#2899=ORIENTED_EDGE('',*,*,#2082,.F.);
#2900=ORIENTED_EDGE('',*,*,#1996,.F.);
#2901=ORIENTED_EDGE('',*,*,#1999,.T.);
#2902=ORIENTED_EDGE('',*,*,#1976,.F.);
#2903=ORIENTED_EDGE('',*,*,#2095,.F.);
#2904=ORIENTED_EDGE('',*,*,#1780,.F.);
#2905=ORIENTED_EDGE('',*,*,#1788,.T.);
#2906=ORIENTED_EDGE('',*,*,#1795,.F.);
#2907=ORIENTED_EDGE('',*,*,#2086,.F.);
#2908=ORIENTED_EDGE('',*,*,#2124,.F.);
#2909=ORIENTED_EDGE('',*,*,#2125,.T.);
#2910=ORIENTED_EDGE('',*,*,#2126,.F.);
#2911=ORIENTED_EDGE('',*,*,#2127,.F.);
#2912=ORIENTED_EDGE('',*,*,#2102,.F.);
#2913=ORIENTED_EDGE('',*,*,#2047,.F.);
#2914=ORIENTED_EDGE('',*,*,#1838,.T.);
#2915=ORIENTED_EDGE('',*,*,#2048,.F.);
#2916=ORIENTED_EDGE('',*,*,#1919,.F.);
#2917=ORIENTED_EDGE('',*,*,#1932,.F.);
#2918=ORIENTED_EDGE('',*,*,#2128,.T.);
#2919=ORIENTED_EDGE('',*,*,#1825,.T.);
#2920=ORIENTED_EDGE('',*,*,#2129,.F.);
#2921=ORIENTED_EDGE('',*,*,#1931,.F.);
#2922=ORIENTED_EDGE('',*,*,#2130,.T.);
#2923=ORIENTED_EDGE('',*,*,#1826,.T.);
#2924=ORIENTED_EDGE('',*,*,#2128,.F.);
#2925=ORIENTED_EDGE('',*,*,#1930,.F.);
#2926=ORIENTED_EDGE('',*,*,#2131,.T.);
#2927=ORIENTED_EDGE('',*,*,#1827,.T.);
#2928=ORIENTED_EDGE('',*,*,#2130,.F.);
#2929=ORIENTED_EDGE('',*,*,#1929,.F.);
#2930=ORIENTED_EDGE('',*,*,#2132,.T.);
#2931=ORIENTED_EDGE('',*,*,#1828,.T.);
#2932=ORIENTED_EDGE('',*,*,#2131,.F.);
#2933=ORIENTED_EDGE('',*,*,#1928,.F.);
#2934=ORIENTED_EDGE('',*,*,#2055,.T.);
#2935=ORIENTED_EDGE('',*,*,#1829,.T.);
#2936=ORIENTED_EDGE('',*,*,#2132,.F.);
#2937=ORIENTED_EDGE('',*,*,#1813,.F.);
#2938=ORIENTED_EDGE('',*,*,#1811,.F.);
#2939=ORIENTED_EDGE('',*,*,#2133,.T.);
#2940=ORIENTED_EDGE('',*,*,#1817,.T.);
#2941=ORIENTED_EDGE('',*,*,#1810,.F.);
#2942=ORIENTED_EDGE('',*,*,#1886,.T.);
#2943=ORIENTED_EDGE('',*,*,#1818,.T.);
#2944=ORIENTED_EDGE('',*,*,#2133,.F.);
#2945=ORIENTED_EDGE('',*,*,#1934,.F.);
#2946=ORIENTED_EDGE('',*,*,#2134,.T.);
#2947=ORIENTED_EDGE('',*,*,#1823,.T.);
#2948=ORIENTED_EDGE('',*,*,#1883,.F.);
#2949=ORIENTED_EDGE('',*,*,#1933,.F.);
#2950=ORIENTED_EDGE('',*,*,#2129,.T.);
#2951=ORIENTED_EDGE('',*,*,#1824,.T.);
#2952=ORIENTED_EDGE('',*,*,#2134,.F.);
#2953=ORIENTED_EDGE('',*,*,#2056,.T.);
#2954=ORIENTED_EDGE('',*,*,#2060,.F.);
#2955=ORIENTED_EDGE('',*,*,#2061,.T.);
#2956=ORIENTED_EDGE('',*,*,#2051,.F.);
#2957=ORIENTED_EDGE('',*,*,#2066,.T.);
#2958=ORIENTED_EDGE('',*,*,#2068,.F.);
#2959=ORIENTED_EDGE('',*,*,#2062,.T.);
#2960=ORIENTED_EDGE('',*,*,#2065,.F.);
#2961=ORIENTED_EDGE('',*,*,#2135,.T.);
#2962=ORIENTED_EDGE('',*,*,#1982,.T.);
#2963=ORIENTED_EDGE('',*,*,#2136,.F.);
#2964=ORIENTED_EDGE('',*,*,#2023,.F.);
#2965=ORIENTED_EDGE('',*,*,#2137,.F.);
#2966=ORIENTED_EDGE('',*,*,#1993,.F.);
#2967=ORIENTED_EDGE('',*,*,#2138,.F.);
#2968=ORIENTED_EDGE('',*,*,#2139,.F.);
#2969=ORIENTED_EDGE('',*,*,#2140,.F.);
#2970=ORIENTED_EDGE('',*,*,#2140,.T.);
#2971=ORIENTED_EDGE('',*,*,#2141,.F.);
#2972=ORIENTED_EDGE('',*,*,#2142,.F.);
#2973=ORIENTED_EDGE('',*,*,#2143,.F.);
#2974=ORIENTED_EDGE('',*,*,#2144,.T.);
#2975=ORIENTED_EDGE('',*,*,#2145,.F.);
#2976=ORIENTED_EDGE('',*,*,#2146,.F.);
#2977=ORIENTED_EDGE('',*,*,#2147,.F.);
#2978=ORIENTED_EDGE('',*,*,#2084,.F.);
#2979=ORIENTED_EDGE('',*,*,#2148,.F.);
#2980=ORIENTED_EDGE('',*,*,#2149,.T.);
#2981=ORIENTED_EDGE('',*,*,#2150,.F.);
#2982=ORIENTED_EDGE('',*,*,#2139,.T.);
#2983=ORIENTED_EDGE('',*,*,#2151,.T.);
#2984=ORIENTED_EDGE('',*,*,#1977,.F.);
#2985=ORIENTED_EDGE('',*,*,#2135,.F.);
#2986=ORIENTED_EDGE('',*,*,#2022,.T.);
#2987=ORIENTED_EDGE('',*,*,#2027,.T.);
#2988=ORIENTED_EDGE('',*,*,#2152,.T.);
#2989=ORIENTED_EDGE('',*,*,#2153,.T.);
#2990=ORIENTED_EDGE('',*,*,#2154,.T.);
#2991=ORIENTED_EDGE('',*,*,#2155,.T.);
#2992=ORIENTED_EDGE('',*,*,#2156,.T.);
#2993=ORIENTED_EDGE('',*,*,#2157,.T.);
#2994=ORIENTED_EDGE('',*,*,#2158,.T.);
#2995=ORIENTED_EDGE('',*,*,#2126,.T.);
#2996=ORIENTED_EDGE('',*,*,#2159,.T.);
#2997=ORIENTED_EDGE('',*,*,#2145,.T.);
#2998=ORIENTED_EDGE('',*,*,#2160,.T.);
#2999=ORIENTED_EDGE('',*,*,#2161,.T.);
#3000=ORIENTED_EDGE('',*,*,#2162,.T.);
#3001=ORIENTED_EDGE('',*,*,#2163,.T.);
#3002=ORIENTED_EDGE('',*,*,#2164,.T.);
#3003=ORIENTED_EDGE('',*,*,#2165,.T.);
#3004=ORIENTED_EDGE('',*,*,#2166,.T.);
#3005=ORIENTED_EDGE('',*,*,#2141,.T.);
#3006=ORIENTED_EDGE('',*,*,#1978,.F.);
#3007=ORIENTED_EDGE('',*,*,#2151,.F.);
#3008=ORIENTED_EDGE('',*,*,#2138,.T.);
#3009=ORIENTED_EDGE('',*,*,#2111,.F.);
#3010=ORIENTED_EDGE('',*,*,#2014,.F.);
#3011=ORIENTED_EDGE('',*,*,#2167,.F.);
#3012=ORIENTED_EDGE('',*,*,#1984,.F.);
#3013=ORIENTED_EDGE('',*,*,#2110,.F.);
#3014=ORIENTED_EDGE('',*,*,#2013,.F.);
#3015=ORIENTED_EDGE('',*,*,#2019,.T.);
#3016=ORIENTED_EDGE('',*,*,#2024,.T.);
#3017=ORIENTED_EDGE('',*,*,#2136,.T.);
#3018=ORIENTED_EDGE('',*,*,#1981,.F.);
#3019=ORIENTED_EDGE('',*,*,#1985,.T.);
#3020=ORIENTED_EDGE('',*,*,#2167,.T.);
#3021=ORIENTED_EDGE('',*,*,#1991,.F.);
#3022=ORIENTED_EDGE('',*,*,#2009,.F.);
#3023=ORIENTED_EDGE('',*,*,#2012,.F.);
#3024=ORIENTED_EDGE('',*,*,#2112,.F.);
#3025=ORIENTED_EDGE('',*,*,#2168,.T.);
#3026=ORIENTED_EDGE('',*,*,#1760,.T.);
#3027=ORIENTED_EDGE('',*,*,#2010,.F.);
#3028=ORIENTED_EDGE('',*,*,#1989,.F.);
#3029=ORIENTED_EDGE('',*,*,#2113,.F.);
#3030=ORIENTED_EDGE('',*,*,#2169,.F.);
#3031=ORIENTED_EDGE('',*,*,#2170,.F.);
#3032=ORIENTED_EDGE('',*,*,#2171,.T.);
#3033=ORIENTED_EDGE('',*,*,#2114,.F.);
#3034=ORIENTED_EDGE('',*,*,#2171,.F.);
#3035=ORIENTED_EDGE('',*,*,#2172,.F.);
#3036=ORIENTED_EDGE('',*,*,#2173,.T.);
#3037=ORIENTED_EDGE('',*,*,#2115,.F.);
#3038=ORIENTED_EDGE('',*,*,#2173,.F.);
#3039=ORIENTED_EDGE('',*,*,#2174,.F.);
#3040=ORIENTED_EDGE('',*,*,#2175,.T.);
#3041=ORIENTED_EDGE('',*,*,#2116,.F.);
#3042=ORIENTED_EDGE('',*,*,#2175,.F.);
#3043=ORIENTED_EDGE('',*,*,#2176,.F.);
#3044=ORIENTED_EDGE('',*,*,#2169,.T.);
#3045=ORIENTED_EDGE('',*,*,#2117,.F.);
#3046=ORIENTED_EDGE('',*,*,#2177,.F.);
#3047=ORIENTED_EDGE('',*,*,#2178,.F.);
#3048=ORIENTED_EDGE('',*,*,#2179,.T.);
#3049=ORIENTED_EDGE('',*,*,#2118,.F.);
#3050=ORIENTED_EDGE('',*,*,#2179,.F.);
#3051=ORIENTED_EDGE('',*,*,#2180,.F.);
#3052=ORIENTED_EDGE('',*,*,#2181,.T.);
#3053=ORIENTED_EDGE('',*,*,#2119,.F.);
#3054=ORIENTED_EDGE('',*,*,#2181,.F.);
#3055=ORIENTED_EDGE('',*,*,#2182,.F.);
#3056=ORIENTED_EDGE('',*,*,#2183,.T.);
#3057=ORIENTED_EDGE('',*,*,#2120,.F.);
#3058=ORIENTED_EDGE('',*,*,#2183,.F.);
#3059=ORIENTED_EDGE('',*,*,#2184,.F.);
#3060=ORIENTED_EDGE('',*,*,#2177,.T.);
#3061=ORIENTED_EDGE('',*,*,#1890,.F.);
#3062=ORIENTED_EDGE('',*,*,#2097,.T.);
#3063=ORIENTED_EDGE('',*,*,#1937,.F.);
#3064=ORIENTED_EDGE('',*,*,#1905,.F.);
#3065=ORIENTED_EDGE('',*,*,#2037,.F.);
#3066=ORIENTED_EDGE('',*,*,#2096,.F.);
#3067=ORIENTED_EDGE('',*,*,#2040,.F.);
#3068=ORIENTED_EDGE('',*,*,#1913,.F.);
#3069=ORIENTED_EDGE('',*,*,#2098,.F.);
#3070=ORIENTED_EDGE('',*,*,#1892,.T.);
#3071=ORIENTED_EDGE('',*,*,#1904,.F.);
#3072=ORIENTED_EDGE('',*,*,#1970,.F.);
#3073=ORIENTED_EDGE('',*,*,#1958,.F.);
#3074=ORIENTED_EDGE('',*,*,#2099,.F.);
#3075=ORIENTED_EDGE('',*,*,#1963,.F.);
#3076=ORIENTED_EDGE('',*,*,#1897,.F.);
#3077=ORIENTED_EDGE('',*,*,#2100,.F.);
#3078=ORIENTED_EDGE('',*,*,#1959,.T.);
#3079=ORIENTED_EDGE('',*,*,#1894,.F.);
#3080=ORIENTED_EDGE('',*,*,#1866,.F.);
#3081=ORIENTED_EDGE('',*,*,#2124,.T.);
#3082=ORIENTED_EDGE('',*,*,#2085,.T.);
#3083=ORIENTED_EDGE('',*,*,#2147,.T.);
#3084=ORIENTED_EDGE('',*,*,#2185,.T.);
#3085=ORIENTED_EDGE('',*,*,#2123,.T.);
#3086=ORIENTED_EDGE('',*,*,#2186,.T.);
#3087=ORIENTED_EDGE('',*,*,#2148,.T.);
#3088=ORIENTED_EDGE('',*,*,#2083,.T.);
#3089=ORIENTED_EDGE('',*,*,#2186,.F.);
#3090=ORIENTED_EDGE('',*,*,#2122,.T.);
#3091=ORIENTED_EDGE('',*,*,#2187,.F.);
#3092=ORIENTED_EDGE('',*,*,#2149,.F.);
#3093=ORIENTED_EDGE('',*,*,#2188,.T.);
#3094=ORIENTED_EDGE('',*,*,#2189,.T.);
#3095=ORIENTED_EDGE('',*,*,#2190,.T.);
#3096=ORIENTED_EDGE('',*,*,#2191,.T.);
#3097=ORIENTED_EDGE('',*,*,#2188,.F.);
#3098=ORIENTED_EDGE('',*,*,#2192,.T.);
#3099=ORIENTED_EDGE('',*,*,#2193,.T.);
#3100=ORIENTED_EDGE('',*,*,#2194,.T.);
#3101=ORIENTED_EDGE('',*,*,#2195,.T.);
#3102=ORIENTED_EDGE('',*,*,#2196,.T.);
#3103=ORIENTED_EDGE('',*,*,#2193,.F.);
#3104=ORIENTED_EDGE('',*,*,#2197,.T.);
#3105=ORIENTED_EDGE('',*,*,#2195,.F.);
#3106=ORIENTED_EDGE('',*,*,#2198,.T.);
#3107=ORIENTED_EDGE('',*,*,#2199,.T.);
#3108=ORIENTED_EDGE('',*,*,#2200,.T.);
#3109=ORIENTED_EDGE('',*,*,#2201,.T.);
#3110=ORIENTED_EDGE('',*,*,#2202,.T.);
#3111=ORIENTED_EDGE('',*,*,#2199,.F.);
#3112=ORIENTED_EDGE('',*,*,#2143,.T.);
#3113=ORIENTED_EDGE('',*,*,#2201,.F.);
#3114=ORIENTED_EDGE('',*,*,#2203,.T.);
#3115=ORIENTED_EDGE('',*,*,#2204,.T.);
#3116=ORIENTED_EDGE('',*,*,#2205,.T.);
#3117=ORIENTED_EDGE('',*,*,#2206,.T.);
#3118=ORIENTED_EDGE('',*,*,#2207,.T.);
#3119=ORIENTED_EDGE('',*,*,#2204,.F.);
#3120=ORIENTED_EDGE('',*,*,#2208,.T.);
#3121=ORIENTED_EDGE('',*,*,#2206,.F.);
#3122=ORIENTED_EDGE('',*,*,#2209,.T.);
#3123=ORIENTED_EDGE('',*,*,#2190,.F.);
#3124=ORIENTED_EDGE('',*,*,#2210,.T.);
#3125=ORIENTED_EDGE('',*,*,#2198,.F.);
#3126=ORIENTED_EDGE('',*,*,#2211,.T.);
#3127=ORIENTED_EDGE('',*,*,#2160,.F.);
#3128=ORIENTED_EDGE('',*,*,#2144,.F.);
#3129=ORIENTED_EDGE('',*,*,#2197,.F.);
#3130=ORIENTED_EDGE('',*,*,#2212,.T.);
#3131=ORIENTED_EDGE('',*,*,#2161,.F.);
#3132=ORIENTED_EDGE('',*,*,#2211,.F.);
#3133=ORIENTED_EDGE('',*,*,#2192,.F.);
#3134=ORIENTED_EDGE('',*,*,#2213,.T.);
#3135=ORIENTED_EDGE('',*,*,#2162,.F.);
#3136=ORIENTED_EDGE('',*,*,#2212,.F.);
#3137=ORIENTED_EDGE('',*,*,#2191,.F.);
#3138=ORIENTED_EDGE('',*,*,#2214,.T.);
#3139=ORIENTED_EDGE('',*,*,#2163,.F.);
#3140=ORIENTED_EDGE('',*,*,#2213,.F.);
#3141=ORIENTED_EDGE('',*,*,#2189,.F.);
#3142=ORIENTED_EDGE('',*,*,#2194,.F.);
#3143=ORIENTED_EDGE('',*,*,#2196,.F.);
#3144=ORIENTED_EDGE('',*,*,#2200,.F.);
#3145=ORIENTED_EDGE('',*,*,#2202,.F.);
#3146=ORIENTED_EDGE('',*,*,#2205,.F.);
#3147=ORIENTED_EDGE('',*,*,#2207,.F.);
#3148=ORIENTED_EDGE('',*,*,#2210,.F.);
#3149=ORIENTED_EDGE('',*,*,#1725,.T.);
#3150=ORIENTED_EDGE('',*,*,#1730,.T.);
#3151=ORIENTED_EDGE('',*,*,#1735,.T.);
#3152=ORIENTED_EDGE('',*,*,#1740,.T.);
#3153=ORIENTED_EDGE('',*,*,#1745,.T.);
#3154=ORIENTED_EDGE('',*,*,#1750,.T.);
#3155=ORIENTED_EDGE('',*,*,#2094,.T.);
#3156=ORIENTED_EDGE('',*,*,#2088,.T.);
#3157=ORIENTED_EDGE('',*,*,#2091,.T.);
#3158=ORIENTED_EDGE('',*,*,#2093,.T.);
#3159=ORIENTED_EDGE('',*,*,#2170,.T.);
#3160=ORIENTED_EDGE('',*,*,#2176,.T.);
#3161=ORIENTED_EDGE('',*,*,#2174,.T.);
#3162=ORIENTED_EDGE('',*,*,#2172,.T.);
#3163=ORIENTED_EDGE('',*,*,#2178,.T.);
#3164=ORIENTED_EDGE('',*,*,#2184,.T.);
#3165=ORIENTED_EDGE('',*,*,#2182,.T.);
#3166=ORIENTED_EDGE('',*,*,#2180,.T.);
#3167=ORIENTED_EDGE('',*,*,#2185,.F.);
#3168=ORIENTED_EDGE('',*,*,#2146,.T.);
#3169=ORIENTED_EDGE('',*,*,#2159,.F.);
#3170=ORIENTED_EDGE('',*,*,#2125,.F.);
#3171=ORIENTED_EDGE('',*,*,#2103,.F.);
#3172=ORIENTED_EDGE('',*,*,#2127,.T.);
#3173=ORIENTED_EDGE('',*,*,#2158,.F.);
#3174=ORIENTED_EDGE('',*,*,#2215,.F.);
#3175=ORIENTED_EDGE('',*,*,#2104,.F.);
#3176=ORIENTED_EDGE('',*,*,#2215,.T.);
#3177=ORIENTED_EDGE('',*,*,#2157,.F.);
#3178=ORIENTED_EDGE('',*,*,#2216,.F.);
#3179=ORIENTED_EDGE('',*,*,#2105,.F.);
#3180=ORIENTED_EDGE('',*,*,#2216,.T.);
#3181=ORIENTED_EDGE('',*,*,#2156,.F.);
#3182=ORIENTED_EDGE('',*,*,#2217,.F.);
#3183=ORIENTED_EDGE('',*,*,#2106,.F.);
#3184=ORIENTED_EDGE('',*,*,#2217,.T.);
#3185=ORIENTED_EDGE('',*,*,#2155,.F.);
#3186=ORIENTED_EDGE('',*,*,#2218,.F.);
#3187=ORIENTED_EDGE('',*,*,#2107,.F.);
#3188=ORIENTED_EDGE('',*,*,#2218,.T.);
#3189=ORIENTED_EDGE('',*,*,#2154,.F.);
#3190=ORIENTED_EDGE('',*,*,#2219,.F.);
#3191=ORIENTED_EDGE('',*,*,#2108,.F.);
#3192=ORIENTED_EDGE('',*,*,#2219,.T.);
#3193=ORIENTED_EDGE('',*,*,#2153,.F.);
#3194=ORIENTED_EDGE('',*,*,#2220,.F.);
#3195=ORIENTED_EDGE('',*,*,#2109,.F.);
#3196=ORIENTED_EDGE('',*,*,#2220,.T.);
#3197=ORIENTED_EDGE('',*,*,#2152,.F.);
#3198=ORIENTED_EDGE('',*,*,#2026,.F.);
#3199=ORIENTED_EDGE('',*,*,#2137,.T.);
#3200=ORIENTED_EDGE('',*,*,#2150,.T.);
#3201=ORIENTED_EDGE('',*,*,#2187,.T.);
#3202=ORIENTED_EDGE('',*,*,#2121,.T.);
#3203=ORIENTED_EDGE('',*,*,#1755,.F.);
#3204=ORIENTED_EDGE('',*,*,#2168,.F.);
#3205=ORIENTED_EDGE('',*,*,#1988,.T.);
#3206=ORIENTED_EDGE('',*,*,#1994,.T.);
#3207=ORIENTED_EDGE('',*,*,#2203,.F.);
#3208=ORIENTED_EDGE('',*,*,#2142,.T.);
#3209=ORIENTED_EDGE('',*,*,#2166,.F.);
#3210=ORIENTED_EDGE('',*,*,#2221,.F.);
#3211=ORIENTED_EDGE('',*,*,#2208,.F.);
#3212=ORIENTED_EDGE('',*,*,#2221,.T.);
#3213=ORIENTED_EDGE('',*,*,#2165,.F.);
#3214=ORIENTED_EDGE('',*,*,#2222,.F.);
#3215=ORIENTED_EDGE('',*,*,#2209,.F.);
#3216=ORIENTED_EDGE('',*,*,#2222,.T.);
#3217=ORIENTED_EDGE('',*,*,#2164,.F.);
#3218=ORIENTED_EDGE('',*,*,#2214,.F.);
#3219=CONICAL_SURFACE('',#3418,1.825,0.785398163397448);
#3220=CONICAL_SURFACE('',#3423,1.825,0.785398163397448);
#3221=CONICAL_SURFACE('',#3428,1.825,0.785398163397448);
#3222=CONICAL_SURFACE('',#3433,1.825,0.785398163397448);
#3223=CONICAL_SURFACE('',#3438,1.825,0.785398163397448);
#3224=CONICAL_SURFACE('',#3443,1.825,0.785398163397448);
#3225=CONICAL_SURFACE('',#3727,5.49999999999994,0.785398163397447);
#3226=CONICAL_SURFACE('',#3731,5.50000000000173,0.785398163397448);
#3227=CONICAL_SURFACE('',#3735,5.50000000000484,0.785398163397453);
#3228=CONICAL_SURFACE('',#3739,5.50000000000011,0.785398163397452);
#3229=ADVANCED_FACE('',(#202),#3219,.F.);
#3230=ADVANCED_FACE('',(#203),#127,.F.);
#3231=ADVANCED_FACE('',(#204),#3220,.F.);
#3232=ADVANCED_FACE('',(#205),#128,.F.);
#3233=ADVANCED_FACE('',(#206),#3221,.F.);
#3234=ADVANCED_FACE('',(#207),#129,.F.);
#3235=ADVANCED_FACE('',(#208),#3222,.F.);
#3236=ADVANCED_FACE('',(#209),#130,.F.);
#3237=ADVANCED_FACE('',(#210),#3223,.F.);
#3238=ADVANCED_FACE('',(#211),#131,.F.);
#3239=ADVANCED_FACE('',(#212),#3224,.F.);
#3240=ADVANCED_FACE('',(#213),#132,.F.);
#3241=ADVANCED_FACE('',(#214),#133,.F.);
#3242=ADVANCED_FACE('',(#215),#38,.T.);
#3243=ADVANCED_FACE('',(#216),#134,.F.);
#3244=ADVANCED_FACE('',(#217),#39,.F.);
#3245=ADVANCED_FACE('',(#218),#40,.F.);
#3246=ADVANCED_FACE('',(#219),#135,.F.);
#3247=ADVANCED_FACE('',(#220),#136,.F.);
#3248=ADVANCED_FACE('',(#221),#41,.T.);
#3249=ADVANCED_FACE('',(#222),#42,.F.);
#3250=ADVANCED_FACE('',(#223),#137,.F.);
#3251=ADVANCED_FACE('',(#224),#43,.F.);
#3252=ADVANCED_FACE('',(#225),#138,.T.);
#3253=ADVANCED_FACE('',(#226),#44,.T.);
#3254=ADVANCED_FACE('',(#227),#45,.T.);
#3255=ADVANCED_FACE('',(#228),#139,.T.);
#3256=ADVANCED_FACE('',(#229),#140,.T.);
#3257=ADVANCED_FACE('',(#230,#19),#46,.T.);
#3258=ADVANCED_FACE('',(#231),#141,.T.);
#3259=ADVANCED_FACE('',(#232),#47,.F.);
#3260=ADVANCED_FACE('',(#233),#142,.T.);
#3261=ADVANCED_FACE('',(#234),#48,.T.);
#3262=ADVANCED_FACE('',(#235),#143,.T.);
#3263=ADVANCED_FACE('',(#236),#49,.F.);
#3264=ADVANCED_FACE('',(#237),#144,.F.);
#3265=ADVANCED_FACE('',(#238),#50,.F.);
#3266=ADVANCED_FACE('',(#239),#145,.F.);
#3267=ADVANCED_FACE('',(#240),#51,.F.);
#3268=ADVANCED_FACE('',(#241),#146,.T.);
#3269=ADVANCED_FACE('',(#242),#52,.F.);
#3270=ADVANCED_FACE('',(#243),#147,.T.);
#3271=ADVANCED_FACE('',(#244),#53,.T.);
#3272=ADVANCED_FACE('',(#245),#54,.T.);
#3273=ADVANCED_FACE('',(#246),#148,.F.);
#3274=ADVANCED_FACE('',(#247),#55,.F.);
#3275=ADVANCED_FACE('',(#248),#149,.F.);
#3276=ADVANCED_FACE('',(#249),#56,.F.);
#3277=ADVANCED_FACE('',(#250),#150,.F.);
#3278=ADVANCED_FACE('',(#251),#57,.F.);
#3279=ADVANCED_FACE('',(#252),#151,.F.);
#3280=ADVANCED_FACE('',(#253),#58,.F.);
#3281=ADVANCED_FACE('',(#254),#152,.F.);
#3282=ADVANCED_FACE('',(#255),#59,.F.);
#3283=ADVANCED_FACE('',(#256),#153,.T.);
#3284=ADVANCED_FACE('',(#257),#60,.T.);
#3285=ADVANCED_FACE('',(#258),#154,.F.);
#3286=ADVANCED_FACE('',(#259),#61,.T.);
#3287=ADVANCED_FACE('',(#260),#155,.T.);
#3288=ADVANCED_FACE('',(#261),#62,.T.);
#3289=ADVANCED_FACE('',(#262),#156,.F.);
#3290=ADVANCED_FACE('',(#263),#63,.T.);
#3291=ADVANCED_FACE('',(#264),#157,.F.);
#3292=ADVANCED_FACE('',(#265),#158,.F.);
#3293=ADVANCED_FACE('',(#266),#64,.T.);
#3294=ADVANCED_FACE('',(#267),#159,.F.);
#3295=ADVANCED_FACE('',(#268),#65,.T.);
#3296=ADVANCED_FACE('',(#269),#160,.F.);
#3297=ADVANCED_FACE('',(#270),#66,.T.);
#3298=ADVANCED_FACE('',(#271),#67,.F.);
#3299=ADVANCED_FACE('',(#272),#161,.T.);
#3300=ADVANCED_FACE('',(#273),#68,.T.);
#3301=ADVANCED_FACE('',(#274),#69,.T.);
#3302=ADVANCED_FACE('',(#275),#162,.T.);
#3303=ADVANCED_FACE('',(#276),#70,.T.);
#3304=ADVANCED_FACE('',(#277),#163,.F.);
#3305=ADVANCED_FACE('',(#278),#71,.T.);
#3306=ADVANCED_FACE('',(#279),#164,.T.);
#3307=ADVANCED_FACE('',(#280),#72,.T.);
#3308=ADVANCED_FACE('',(#281),#165,.F.);
#3309=ADVANCED_FACE('',(#282),#73,.F.);
#3310=ADVANCED_FACE('',(#283),#166,.T.);
#3311=ADVANCED_FACE('',(#284),#167,.F.);
#3312=ADVANCED_FACE('',(#285),#74,.T.);
#3313=ADVANCED_FACE('',(#286),#168,.T.);
#3314=ADVANCED_FACE('',(#287),#75,.T.);
#3315=ADVANCED_FACE('',(#288),#169,.T.);
#3316=ADVANCED_FACE('',(#289),#170,.T.);
#3317=ADVANCED_FACE('',(#290),#76,.F.);
#3318=ADVANCED_FACE('',(#291),#171,.T.);
#3319=ADVANCED_FACE('',(#292),#77,.F.);
#3320=ADVANCED_FACE('',(#293),#172,.F.);
#3321=ADVANCED_FACE('',(#294),#78,.F.);
#3322=ADVANCED_FACE('',(#295),#173,.F.);
#3323=ADVANCED_FACE('',(#296),#174,.F.);
#3324=ADVANCED_FACE('',(#297),#79,.F.);
#3325=ADVANCED_FACE('',(#298),#175,.F.);
#3326=ADVANCED_FACE('',(#299),#80,.F.);
#3327=ADVANCED_FACE('',(#300),#176,.F.);
#3328=ADVANCED_FACE('',(#301),#81,.F.);
#3329=ADVANCED_FACE('',(#302),#82,.F.);
#3330=ADVANCED_FACE('',(#303),#177,.F.);
#3331=ADVANCED_FACE('',(#304,#20),#83,.F.);
#3332=ADVANCED_FACE('',(#305),#84,.T.);
#3333=ADVANCED_FACE('',(#306),#85,.F.);
#3334=ADVANCED_FACE('',(#307),#178,.F.);
#3335=ADVANCED_FACE('',(#308),#86,.F.);
#3336=ADVANCED_FACE('',(#309),#179,.F.);
#3337=ADVANCED_FACE('',(#310,#21,#22,#23,#24,#25,#26,#27,#28),#87,.T.);
#3338=ADVANCED_FACE('',(#311),#88,.F.);
#3339=ADVANCED_FACE('',(#312),#89,.F.);
#3340=ADVANCED_FACE('',(#313),#90,.T.);
#3341=ADVANCED_FACE('',(#314),#91,.T.);
#3342=ADVANCED_FACE('',(#315),#92,.F.);
#3343=ADVANCED_FACE('',(#316),#180,.F.);
#3344=ADVANCED_FACE('',(#317),#93,.F.);
#3345=ADVANCED_FACE('',(#318),#181,.F.);
#3346=ADVANCED_FACE('',(#319),#94,.F.);
#3347=ADVANCED_FACE('',(#320),#182,.F.);
#3348=ADVANCED_FACE('',(#321),#95,.F.);
#3349=ADVANCED_FACE('',(#322),#183,.T.);
#3350=ADVANCED_FACE('',(#323),#184,.T.);
#3351=ADVANCED_FACE('',(#324),#96,.F.);
#3352=ADVANCED_FACE('',(#325),#97,.F.);
#3353=ADVANCED_FACE('',(#326),#98,.T.);
#3354=ADVANCED_FACE('',(#327),#185,.F.);
#3355=ADVANCED_FACE('',(#328),#99,.T.);
#3356=ADVANCED_FACE('',(#329),#100,.T.);
#3357=ADVANCED_FACE('',(#330),#101,.T.);
#3358=ADVANCED_FACE('',(#331),#102,.T.);
#3359=ADVANCED_FACE('',(#332),#103,.T.);
#3360=ADVANCED_FACE('',(#333),#104,.T.);
#3361=ADVANCED_FACE('',(#334),#105,.T.);
#3362=ADVANCED_FACE('',(#335),#186,.F.);
#3363=ADVANCED_FACE('',(#336),#106,.F.);
#3364=ADVANCED_FACE('',(#337),#187,.F.);
#3365=ADVANCED_FACE('',(#338),#107,.F.);
#3366=ADVANCED_FACE('',(#339),#108,.F.);
#3367=ADVANCED_FACE('',(#340),#188,.F.);
#3368=ADVANCED_FACE('',(#341),#109,.F.);
#3369=ADVANCED_FACE('',(#342),#189,.F.);
#3370=ADVANCED_FACE('',(#343),#110,.F.);
#3371=ADVANCED_FACE('',(#344),#111,.T.);
#3372=ADVANCED_FACE('',(#345),#190,.T.);
#3373=ADVANCED_FACE('',(#346),#112,.T.);
#3374=ADVANCED_FACE('',(#347),#191,.T.);
#3375=ADVANCED_FACE('',(#348),#192,.F.);
#3376=ADVANCED_FACE('',(#349),#193,.F.);
#3377=ADVANCED_FACE('',(#350),#113,.T.);
#3378=ADVANCED_FACE('',(#351),#114,.T.);
#3379=ADVANCED_FACE('',(#352),#3225,.T.);
#3380=ADVANCED_FACE('',(#353),#115,.T.);
#3381=ADVANCED_FACE('',(#354),#3226,.T.);
#3382=ADVANCED_FACE('',(#355),#116,.T.);
#3383=ADVANCED_FACE('',(#356),#3227,.T.);
#3384=ADVANCED_FACE('',(#357),#117,.T.);
#3385=ADVANCED_FACE('',(#358),#3228,.T.);
#3386=ADVANCED_FACE('',(#359),#194,.T.);
#3387=ADVANCED_FACE('',(#360),#118,.T.);
#3388=ADVANCED_FACE('',(#361),#195,.T.);
#3389=ADVANCED_FACE('',(#362),#119,.T.);
#3390=ADVANCED_FACE('',(#363,#29,#30,#31,#32,#33,#34,#35,#36,#37),#120,
 .F.);
#3391=ADVANCED_FACE('',(#364),#121,.T.);
#3392=ADVANCED_FACE('',(#365),#196,.F.);
#3393=ADVANCED_FACE('',(#366),#122,.T.);
#3394=ADVANCED_FACE('',(#367),#197,.F.);
#3395=ADVANCED_FACE('',(#368),#123,.T.);
#3396=ADVANCED_FACE('',(#369),#198,.F.);
#3397=ADVANCED_FACE('',(#370),#124,.T.);
#3398=ADVANCED_FACE('',(#371),#199,.F.);
#3399=ADVANCED_FACE('',(#372),#125,.T.);
#3400=ADVANCED_FACE('',(#373),#200,.T.);
#3401=ADVANCED_FACE('',(#374),#126,.T.);
#3402=ADVANCED_FACE('',(#375),#201,.T.);
#3403=CLOSED_SHELL('',(#3229,#3230,#3231,#3232,#3233,#3234,#3235,#3236,
#3237,#3238,#3239,#3240,#3241,#3242,#3243,#3244,#3245,#3246,#3247,#3248,
#3249,#3250,#3251,#3252,#3253,#3254,#3255,#3256,#3257,#3258,#3259,#3260,
#3261,#3262,#3263,#3264,#3265,#3266,#3267,#3268,#3269,#3270,#3271,#3272,
#3273,#3274,#3275,#3276,#3277,#3278,#3279,#3280,#3281,#3282,#3283,#3284,
#3285,#3286,#3287,#3288,#3289,#3290,#3291,#3292,#3293,#3294,#3295,#3296,
#3297,#3298,#3299,#3300,#3301,#3302,#3303,#3304,#3305,#3306,#3307,#3308,
#3309,#3310,#3311,#3312,#3313,#3314,#3315,#3316,#3317,#3318,#3319,#3320,
#3321,#3322,#3323,#3324,#3325,#3326,#3327,#3328,#3329,#3330,#3331,#3332,
#3333,#3334,#3335,#3336,#3337,#3338,#3339,#3340,#3341,#3342,#3343,#3344,
#3345,#3346,#3347,#3348,#3349,#3350,#3351,#3352,#3353,#3354,#3355,#3356,
#3357,#3358,#3359,#3360,#3361,#3362,#3363,#3364,#3365,#3366,#3367,#3368,
#3369,#3370,#3371,#3372,#3373,#3374,#3375,#3376,#3377,#3378,#3379,#3380,
#3381,#3382,#3383,#3384,#3385,#3386,#3387,#3388,#3389,#3390,#3391,#3392,
#3393,#3394,#3395,#3396,#3397,#3398,#3399,#3400,#3401,#3402));
#3404=DERIVED_UNIT_ELEMENT(#3406,1.);
#3405=DERIVED_UNIT_ELEMENT(#5788,-3.);
#3406=(
MASS_UNIT()
NAMED_UNIT(*)
SI_UNIT(.KILO.,.GRAM.)
);
#3407=DERIVED_UNIT((#3404,#3405));
#3408=MEASURE_REPRESENTATION_ITEM('density measure',
POSITIVE_RATIO_MEASURE(7850.),#3407);
#3409=PROPERTY_DEFINITION_REPRESENTATION(#3414,#3411);
#3410=PROPERTY_DEFINITION_REPRESENTATION(#3415,#3412);
#3411=REPRESENTATION('material name',(#3413),#5785);
#3412=REPRESENTATION('density',(#3408),#5785);
#3413=DESCRIPTIVE_REPRESENTATION_ITEM('Steel','Steel');
#3414=PROPERTY_DEFINITION('material property','material name',#5800);
#3415=PROPERTY_DEFINITION('material property','density of part',#5800);
#3416=AXIS2_PLACEMENT_3D('',#4779,#3760,#3761);
#3417=AXIS2_PLACEMENT_3D('',#4780,#3762,#3763);
#3418=AXIS2_PLACEMENT_3D('',#4781,#3764,#3765);
#3419=AXIS2_PLACEMENT_3D('',#4783,#3766,#3767);
#3420=AXIS2_PLACEMENT_3D('',#4786,#3769,#3770);
#3421=AXIS2_PLACEMENT_3D('',#4787,#3771,#3772);
#3422=AXIS2_PLACEMENT_3D('',#4790,#3774,#3775);
#3423=AXIS2_PLACEMENT_3D('',#4791,#3776,#3777);
#3424=AXIS2_PLACEMENT_3D('',#4793,#3778,#3779);
#3425=AXIS2_PLACEMENT_3D('',#4796,#3781,#3782);
#3426=AXIS2_PLACEMENT_3D('',#4797,#3783,#3784);
#3427=AXIS2_PLACEMENT_3D('',#4800,#3786,#3787);
#3428=AXIS2_PLACEMENT_3D('',#4801,#3788,#3789);
#3429=AXIS2_PLACEMENT_3D('',#4803,#3790,#3791);
#3430=AXIS2_PLACEMENT_3D('',#4806,#3793,#3794);
#3431=AXIS2_PLACEMENT_3D('',#4807,#3795,#3796);
#3432=AXIS2_PLACEMENT_3D('',#4810,#3798,#3799);
#3433=AXIS2_PLACEMENT_3D('',#4811,#3800,#3801);
#3434=AXIS2_PLACEMENT_3D('',#4813,#3802,#3803);
#3435=AXIS2_PLACEMENT_3D('',#4816,#3805,#3806);
#3436=AXIS2_PLACEMENT_3D('',#4817,#3807,#3808);
#3437=AXIS2_PLACEMENT_3D('',#4820,#3810,#3811);
#3438=AXIS2_PLACEMENT_3D('',#4821,#3812,#3813);
#3439=AXIS2_PLACEMENT_3D('',#4823,#3814,#3815);
#3440=AXIS2_PLACEMENT_3D('',#4826,#3817,#3818);
#3441=AXIS2_PLACEMENT_3D('',#4827,#3819,#3820);
#3442=AXIS2_PLACEMENT_3D('',#4830,#3822,#3823);
#3443=AXIS2_PLACEMENT_3D('',#4831,#3824,#3825);
#3444=AXIS2_PLACEMENT_3D('',#4833,#3826,#3827);
#3445=AXIS2_PLACEMENT_3D('',#4836,#3829,#3830);
#3446=AXIS2_PLACEMENT_3D('',#4837,#3831,#3832);
#3447=AXIS2_PLACEMENT_3D('',#4840,#3834,#3835);
#3448=AXIS2_PLACEMENT_3D('',#4841,#3836,#3837);
#3449=AXIS2_PLACEMENT_3D('',#4844,#3838,#3839);
#3450=AXIS2_PLACEMENT_3D('',#4848,#3841,#3842);
#3451=AXIS2_PLACEMENT_3D('',#4852,#3844,#3845);
#3452=AXIS2_PLACEMENT_3D('',#4854,#3847,#3848);
#3453=AXIS2_PLACEMENT_3D('',#4860,#3852,#3853);
#3454=AXIS2_PLACEMENT_3D('',#4863,#3854,#3855);
#3455=AXIS2_PLACEMENT_3D('',#4867,#3857,#3858);
#3456=AXIS2_PLACEMENT_3D('',#4869,#3860,#3861);
#3457=AXIS2_PLACEMENT_3D('',#4873,#3863,#3864);
#3458=AXIS2_PLACEMENT_3D('',#4877,#3866,#3867);
#3459=AXIS2_PLACEMENT_3D('',#4881,#3869,#3870);
#3460=AXIS2_PLACEMENT_3D('',#4883,#3872,#3873);
#3461=AXIS2_PLACEMENT_3D('',#4887,#3876,#3877);
#3462=AXIS2_PLACEMENT_3D('',#4889,#3878,#3879);
#3463=AXIS2_PLACEMENT_3D('',#4891,#3881,#3882);
#3464=AXIS2_PLACEMENT_3D('',#4894,#3883,#3884);
#3465=AXIS2_PLACEMENT_3D('',#4898,#3886,#3887);
#3466=AXIS2_PLACEMENT_3D('',#4900,#3889,#3890);
#3467=AXIS2_PLACEMENT_3D('',#4904,#3892,#3893);
#3468=AXIS2_PLACEMENT_3D('',#4910,#3896,#3897);
#3469=AXIS2_PLACEMENT_3D('',#4912,#3899,#3900);
#3470=AXIS2_PLACEMENT_3D('',#4920,#3905,#3906);
#3471=AXIS2_PLACEMENT_3D('',#4924,#3908,#3909);
#3472=AXIS2_PLACEMENT_3D('',#4926,#3911,#3912);
#3473=AXIS2_PLACEMENT_3D('',#4930,#3915,#3916);
#3474=AXIS2_PLACEMENT_3D('',#4933,#3917,#3918);
#3475=AXIS2_PLACEMENT_3D('',#4937,#3920,#3921);
#3476=AXIS2_PLACEMENT_3D('',#4939,#3923,#3924);
#3477=AXIS2_PLACEMENT_3D('',#4949,#3930,#3931);
#3478=AXIS2_PLACEMENT_3D('',#4953,#3933,#3934);
#3479=AXIS2_PLACEMENT_3D('',#4957,#3936,#3937);
#3480=AXIS2_PLACEMENT_3D('',#4960,#3939,#3940);
#3481=AXIS2_PLACEMENT_3D('',#4961,#3941,#3942);
#3482=AXIS2_PLACEMENT_3D('',#4964,#3944,#3945);
#3483=AXIS2_PLACEMENT_3D('',#4965,#3946,#3947);
#3484=AXIS2_PLACEMENT_3D('',#4966,#3948,#3949);
#3485=AXIS2_PLACEMENT_3D('',#4967,#3950,#3951);
#3486=AXIS2_PLACEMENT_3D('',#4968,#3952,#3953);
#3487=AXIS2_PLACEMENT_3D('',#4972,#3955,#3956);
#3488=AXIS2_PLACEMENT_3D('',#4976,#3958,#3959);
#3489=AXIS2_PLACEMENT_3D('',#4981,#3962,#3963);
#3490=AXIS2_PLACEMENT_3D('',#4985,#3965,#3966);
#3491=AXIS2_PLACEMENT_3D('',#4989,#3968,#3969);
#3492=AXIS2_PLACEMENT_3D('',#4993,#3971,#3972);
#3493=AXIS2_PLACEMENT_3D('',#4997,#3974,#3975);
#3494=AXIS2_PLACEMENT_3D('',#5001,#3977,#3978);
#3495=AXIS2_PLACEMENT_3D('',#5005,#3980,#3981);
#3496=AXIS2_PLACEMENT_3D('',#5009,#3983,#3984);
#3497=AXIS2_PLACEMENT_3D('',#5013,#3986,#3987);
#3498=AXIS2_PLACEMENT_3D('',#5017,#3989,#3990);
#3499=AXIS2_PLACEMENT_3D('',#5021,#3992,#3993);
#3500=AXIS2_PLACEMENT_3D('',#5024,#3995,#3996);
#3501=AXIS2_PLACEMENT_3D('',#5029,#3998,#3999);
#3502=AXIS2_PLACEMENT_3D('',#5033,#4001,#4002);
#3503=AXIS2_PLACEMENT_3D('',#5037,#4004,#4005);
#3504=AXIS2_PLACEMENT_3D('',#5040,#4007,#4008);
#3505=AXIS2_PLACEMENT_3D('',#5041,#4009,#4010);
#3506=AXIS2_PLACEMENT_3D('',#5045,#4012,#4013);
#3507=AXIS2_PLACEMENT_3D('',#5047,#4015,#4016);
#3508=AXIS2_PLACEMENT_3D('',#5055,#4021,#4022);
#3509=AXIS2_PLACEMENT_3D('',#5058,#4023,#4024);
#3510=AXIS2_PLACEMENT_3D('',#5062,#4026,#4027);
#3511=AXIS2_PLACEMENT_3D('',#5064,#4029,#4030);
#3512=AXIS2_PLACEMENT_3D('',#5070,#4034,#4035);
#3513=AXIS2_PLACEMENT_3D('',#5073,#4036,#4037);
#3514=AXIS2_PLACEMENT_3D('',#5077,#4039,#4040);
#3515=AXIS2_PLACEMENT_3D('',#5079,#4042,#4043);
#3516=AXIS2_PLACEMENT_3D('',#5082,#4046,#4047);
#3517=AXIS2_PLACEMENT_3D('',#5086,#4049,#4050);
#3518=AXIS2_PLACEMENT_3D('',#5088,#4052,#4053);
#3519=AXIS2_PLACEMENT_3D('',#5092,#4056,#4057);
#3520=AXIS2_PLACEMENT_3D('',#5094,#4058,#4059);
#3521=AXIS2_PLACEMENT_3D('',#5096,#4061,#4062);
#3522=AXIS2_PLACEMENT_3D('',#5101,#4066,#4067);
#3523=AXIS2_PLACEMENT_3D('',#5104,#4070,#4071);
#3524=AXIS2_PLACEMENT_3D('',#5106,#4073,#4074);
#3525=AXIS2_PLACEMENT_3D('',#5109,#4075,#4076);
#3526=AXIS2_PLACEMENT_3D('',#5113,#4078,#4079);
#3527=AXIS2_PLACEMENT_3D('',#5115,#4081,#4082);
#3528=AXIS2_PLACEMENT_3D('',#5121,#4086,#4087);
#3529=AXIS2_PLACEMENT_3D('',#5123,#4088,#4089);
#3530=AXIS2_PLACEMENT_3D('',#5127,#4091,#4092);
#3531=AXIS2_PLACEMENT_3D('',#5131,#4094,#4095);
#3532=AXIS2_PLACEMENT_3D('',#5135,#4097,#4098);
#3533=AXIS2_PLACEMENT_3D('',#5139,#4100,#4101);
#3534=AXIS2_PLACEMENT_3D('',#5142,#4103,#4104);
#3535=AXIS2_PLACEMENT_3D('',#5146,#4106,#4107);
#3536=AXIS2_PLACEMENT_3D('',#5150,#4109,#4110);
#3537=AXIS2_PLACEMENT_3D('',#5154,#4112,#4113);
#3538=AXIS2_PLACEMENT_3D('',#5158,#4115,#4116);
#3539=AXIS2_PLACEMENT_3D('',#5162,#4118,#4119);
#3540=AXIS2_PLACEMENT_3D('',#5166,#4121,#4122);
#3541=AXIS2_PLACEMENT_3D('',#5170,#4124,#4125);
#3542=AXIS2_PLACEMENT_3D('',#5174,#4127,#4128);
#3543=AXIS2_PLACEMENT_3D('',#5178,#4130,#4131);
#3544=AXIS2_PLACEMENT_3D('',#5182,#4133,#4134);
#3545=AXIS2_PLACEMENT_3D('',#5186,#4136,#4137);
#3546=AXIS2_PLACEMENT_3D('',#5190,#4139,#4140);
#3547=AXIS2_PLACEMENT_3D('',#5194,#4142,#4143);
#3548=AXIS2_PLACEMENT_3D('',#5198,#4145,#4146);
#3549=AXIS2_PLACEMENT_3D('',#5201,#4148,#4149);
#3550=AXIS2_PLACEMENT_3D('',#5202,#4150,#4151);
#3551=AXIS2_PLACEMENT_3D('',#5205,#4152,#4153);
#3552=AXIS2_PLACEMENT_3D('',#5208,#4156,#4157);
#3553=AXIS2_PLACEMENT_3D('',#5212,#4160,#4161);
#3554=AXIS2_PLACEMENT_3D('',#5215,#4162,#4163);
#3555=AXIS2_PLACEMENT_3D('',#5218,#4166,#4167);
#3556=AXIS2_PLACEMENT_3D('',#5222,#4170,#4171);
#3557=AXIS2_PLACEMENT_3D('',#5224,#4172,#4173);
#3558=AXIS2_PLACEMENT_3D('',#5226,#4175,#4176);
#3559=AXIS2_PLACEMENT_3D('',#5230,#4179,#4180);
#3560=AXIS2_PLACEMENT_3D('',#5232,#4181,#4182);
#3561=AXIS2_PLACEMENT_3D('',#5234,#4184,#4185);
#3562=AXIS2_PLACEMENT_3D('',#5238,#4188,#4189);
#3563=AXIS2_PLACEMENT_3D('',#5240,#4190,#4191);
#3564=AXIS2_PLACEMENT_3D('',#5242,#4193,#4194);
#3565=AXIS2_PLACEMENT_3D('',#5244,#4196,#4197);
#3566=AXIS2_PLACEMENT_3D('',#5248,#4199,#4200);
#3567=AXIS2_PLACEMENT_3D('',#5250,#4202,#4203);
#3568=AXIS2_PLACEMENT_3D('',#5254,#4206,#4207);
#3569=AXIS2_PLACEMENT_3D('',#5257,#4208,#4209);
#3570=AXIS2_PLACEMENT_3D('',#5260,#4212,#4213);
#3571=AXIS2_PLACEMENT_3D('',#5264,#4216,#4217);
#3572=AXIS2_PLACEMENT_3D('',#5268,#4219,#4220);
#3573=AXIS2_PLACEMENT_3D('',#5270,#4222,#4223);
#3574=AXIS2_PLACEMENT_3D('',#5274,#4226,#4227);
#3575=AXIS2_PLACEMENT_3D('',#5276,#4228,#4229);
#3576=AXIS2_PLACEMENT_3D('',#5278,#4231,#4232);
#3577=AXIS2_PLACEMENT_3D('',#5280,#4234,#4235);
#3578=AXIS2_PLACEMENT_3D('',#5282,#4236,#4237);
#3579=AXIS2_PLACEMENT_3D('',#5284,#4238,#4239);
#3580=AXIS2_PLACEMENT_3D('',#5286,#4241,#4242);
#3581=AXIS2_PLACEMENT_3D('',#5289,#4243,#4244);
#3582=AXIS2_PLACEMENT_3D('',#5293,#4246,#4247);
#3583=AXIS2_PLACEMENT_3D('',#5297,#4249,#4250);
#3584=AXIS2_PLACEMENT_3D('',#5299,#4252,#4253);
#3585=AXIS2_PLACEMENT_3D('',#5305,#4257,#4258);
#3586=AXIS2_PLACEMENT_3D('',#5308,#4259,#4260);
#3587=AXIS2_PLACEMENT_3D('',#5312,#4262,#4263);
#3588=AXIS2_PLACEMENT_3D('',#5316,#4265,#4266);
#3589=AXIS2_PLACEMENT_3D('',#5318,#4268,#4269);
#3590=AXIS2_PLACEMENT_3D('',#5322,#4271,#4272);
#3591=AXIS2_PLACEMENT_3D('',#5324,#4274,#4275);
#3592=AXIS2_PLACEMENT_3D('',#5327,#4276,#4277);
#3593=AXIS2_PLACEMENT_3D('',#5331,#4279,#4280);
#3594=AXIS2_PLACEMENT_3D('',#5333,#4282,#4283);
#3595=AXIS2_PLACEMENT_3D('',#5339,#4287,#4288);
#3596=AXIS2_PLACEMENT_3D('',#5340,#4289,#4290);
#3597=AXIS2_PLACEMENT_3D('',#5344,#4293,#4294);
#3598=AXIS2_PLACEMENT_3D('',#5346,#4295,#4296);
#3599=AXIS2_PLACEMENT_3D('',#5348,#4297,#4298);
#3600=AXIS2_PLACEMENT_3D('',#5350,#4300,#4301);
#3601=AXIS2_PLACEMENT_3D('',#5355,#4305,#4306);
#3602=AXIS2_PLACEMENT_3D('',#5359,#4309,#4310);
#3603=AXIS2_PLACEMENT_3D('',#5362,#4311,#4312);
#3604=AXIS2_PLACEMENT_3D('',#5366,#4314,#4315);
#3605=AXIS2_PLACEMENT_3D('',#5368,#4317,#4318);
#3606=AXIS2_PLACEMENT_3D('',#5374,#4322,#4323);
#3607=AXIS2_PLACEMENT_3D('',#5376,#4324,#4325);
#3608=AXIS2_PLACEMENT_3D('',#5380,#4327,#4328);
#3609=AXIS2_PLACEMENT_3D('',#5383,#4330,#4331);
#3610=AXIS2_PLACEMENT_3D('',#5384,#4332,#4333);
#3611=AXIS2_PLACEMENT_3D('',#5390,#4337,#4338);
#3612=AXIS2_PLACEMENT_3D('',#5394,#4340,#4341);
#3613=AXIS2_PLACEMENT_3D('',#5396,#4343,#4344);
#3614=AXIS2_PLACEMENT_3D('',#5400,#4347,#4348);
#3615=AXIS2_PLACEMENT_3D('',#5402,#4349,#4350);
#3616=AXIS2_PLACEMENT_3D('',#5404,#4352,#4353);
#3617=AXIS2_PLACEMENT_3D('',#5406,#4355,#4356);
#3618=AXIS2_PLACEMENT_3D('',#5408,#4357,#4358);
#3619=AXIS2_PLACEMENT_3D('',#5410,#4360,#4361);
#3620=AXIS2_PLACEMENT_3D('',#5413,#4362,#4363);
#3621=AXIS2_PLACEMENT_3D('',#5416,#4366,#4367);
#3622=AXIS2_PLACEMENT_3D('',#5420,#4370,#4371);
#3623=AXIS2_PLACEMENT_3D('',#5422,#4372,#4373);
#3624=AXIS2_PLACEMENT_3D('',#5424,#4375,#4376);
#3625=AXIS2_PLACEMENT_3D('',#5427,#4379,#4380);
#3626=AXIS2_PLACEMENT_3D('',#5429,#4382,#4383);
#3627=AXIS2_PLACEMENT_3D('',#5432,#4386,#4387);
#3628=AXIS2_PLACEMENT_3D('',#5438,#4391,#4392);
#3629=AXIS2_PLACEMENT_3D('',#5441,#4395,#4396);
#3630=AXIS2_PLACEMENT_3D('',#5443,#4398,#4399);
#3631=AXIS2_PLACEMENT_3D('',#5446,#4400,#4401);
#3632=AXIS2_PLACEMENT_3D('',#5449,#4404,#4405);
#3633=AXIS2_PLACEMENT_3D('',#5453,#4408,#4409);
#3634=AXIS2_PLACEMENT_3D('',#5454,#4410,#4411);
#3635=AXIS2_PLACEMENT_3D('',#5455,#4412,#4413);
#3636=AXIS2_PLACEMENT_3D('',#5458,#4414,#4415);
#3637=AXIS2_PLACEMENT_3D('',#5461,#4418,#4419);
#3638=AXIS2_PLACEMENT_3D('',#5463,#4421,#4422);
#3639=AXIS2_PLACEMENT_3D('',#5465,#4423,#4424);
#3640=AXIS2_PLACEMENT_3D('',#5467,#4426,#4427);
#3641=AXIS2_PLACEMENT_3D('',#5469,#4429,#4430);
#3642=AXIS2_PLACEMENT_3D('',#5473,#4432,#4433);
#3643=AXIS2_PLACEMENT_3D('',#5475,#4435,#4436);
#3644=AXIS2_PLACEMENT_3D('',#5480,#4440,#4441);
#3645=AXIS2_PLACEMENT_3D('',#5484,#4444,#4445);
#3646=AXIS2_PLACEMENT_3D('',#5485,#4446,#4447);
#3647=AXIS2_PLACEMENT_3D('',#5486,#4448,#4449);
#3648=AXIS2_PLACEMENT_3D('',#5491,#4451,#4452);
#3649=AXIS2_PLACEMENT_3D('',#5494,#4454,#4455);
#3650=AXIS2_PLACEMENT_3D('',#5495,#4456,#4457);
#3651=AXIS2_PLACEMENT_3D('',#5505,#4463,#4464);
#3652=AXIS2_PLACEMENT_3D('',#5511,#4468,#4469);
#3653=AXIS2_PLACEMENT_3D('',#5514,#4471,#4472);
#3654=AXIS2_PLACEMENT_3D('',#5515,#4473,#4474);
#3655=AXIS2_PLACEMENT_3D('',#5519,#4477,#4478);
#3656=AXIS2_PLACEMENT_3D('',#5520,#4479,#4480);
#3657=AXIS2_PLACEMENT_3D('',#5521,#4481,#4482);
#3658=AXIS2_PLACEMENT_3D('',#5525,#4486,#4487);
#3659=AXIS2_PLACEMENT_3D('',#5527,#4489,#4490);
#3660=AXIS2_PLACEMENT_3D('',#5532,#4493,#4494);
#3661=AXIS2_PLACEMENT_3D('',#5536,#4496,#4497);
#3662=AXIS2_PLACEMENT_3D('',#5540,#4499,#4500);
#3663=AXIS2_PLACEMENT_3D('',#5543,#4502,#4503);
#3664=AXIS2_PLACEMENT_3D('',#5549,#4507,#4508);
#3665=AXIS2_PLACEMENT_3D('',#5553,#4510,#4511);
#3666=AXIS2_PLACEMENT_3D('',#5559,#4514,#4515);
#3667=AXIS2_PLACEMENT_3D('',#5562,#4517,#4518);
#3668=AXIS2_PLACEMENT_3D('',#5563,#4519,#4520);
#3669=AXIS2_PLACEMENT_3D('',#5564,#4521,#4522);
#3670=AXIS2_PLACEMENT_3D('',#5565,#4523,#4524);
#3671=AXIS2_PLACEMENT_3D('',#5570,#4527,#4528);
#3672=AXIS2_PLACEMENT_3D('',#5571,#4529,#4530);
#3673=AXIS2_PLACEMENT_3D('',#5573,#4531,#4532);
#3674=AXIS2_PLACEMENT_3D('',#5579,#4536,#4537);
#3675=AXIS2_PLACEMENT_3D('',#5580,#4538,#4539);
#3676=AXIS2_PLACEMENT_3D('',#5583,#4542,#4543);
#3677=AXIS2_PLACEMENT_3D('',#5585,#4545,#4546);
#3678=AXIS2_PLACEMENT_3D('',#5587,#4548,#4549);
#3679=AXIS2_PLACEMENT_3D('',#5589,#4551,#4552);
#3680=AXIS2_PLACEMENT_3D('',#5590,#4553,#4554);
#3681=AXIS2_PLACEMENT_3D('',#5592,#4556,#4557);
#3682=AXIS2_PLACEMENT_3D('',#5593,#4558,#4559);
#3683=AXIS2_PLACEMENT_3D('',#5595,#4561,#4562);
#3684=AXIS2_PLACEMENT_3D('',#5596,#4563,#4564);
#3685=AXIS2_PLACEMENT_3D('',#5597,#4565,#4566);
#3686=AXIS2_PLACEMENT_3D('',#5600,#4569,#4570);
#3687=AXIS2_PLACEMENT_3D('',#5604,#4572,#4573);
#3688=AXIS2_PLACEMENT_3D('',#5607,#4575,#4576);
#3689=AXIS2_PLACEMENT_3D('',#5608,#4577,#4578);
#3690=AXIS2_PLACEMENT_3D('',#5621,#4585,#4586);
#3691=AXIS2_PLACEMENT_3D('',#5623,#4587,#4588);
#3692=AXIS2_PLACEMENT_3D('',#5627,#4591,#4592);
#3693=AXIS2_PLACEMENT_3D('',#5630,#4594,#4595);
#3694=AXIS2_PLACEMENT_3D('',#5634,#4597,#4598);
#3695=AXIS2_PLACEMENT_3D('',#5638,#4600,#4601);
#3696=AXIS2_PLACEMENT_3D('',#5641,#4603,#4604);
#3697=AXIS2_PLACEMENT_3D('',#5644,#4606,#4607);
#3698=AXIS2_PLACEMENT_3D('',#5648,#4609,#4610);
#3699=AXIS2_PLACEMENT_3D('',#5652,#4612,#4613);
#3700=AXIS2_PLACEMENT_3D('',#5655,#4615,#4616);
#3701=AXIS2_PLACEMENT_3D('',#5656,#4617,#4618);
#3702=AXIS2_PLACEMENT_3D('',#5657,#4619,#4620);
#3703=AXIS2_PLACEMENT_3D('',#5659,#4622,#4623);
#3704=AXIS2_PLACEMENT_3D('',#5660,#4624,#4625);
#3705=AXIS2_PLACEMENT_3D('',#5661,#4626,#4627);
#3706=AXIS2_PLACEMENT_3D('',#5663,#4629,#4630);
#3707=AXIS2_PLACEMENT_3D('',#5667,#4632,#4633);
#3708=AXIS2_PLACEMENT_3D('',#5669,#4635,#4636);
#3709=AXIS2_PLACEMENT_3D('',#5673,#4639,#4640);
#3710=AXIS2_PLACEMENT_3D('',#5675,#4641,#4642);
#3711=AXIS2_PLACEMENT_3D('',#5677,#4644,#4645);
#3712=AXIS2_PLACEMENT_3D('',#5679,#4647,#4648);
#3713=AXIS2_PLACEMENT_3D('',#5685,#4652,#4653);
#3714=AXIS2_PLACEMENT_3D('',#5687,#4654,#4655);
#3715=AXIS2_PLACEMENT_3D('',#5689,#4657,#4658);
#3716=AXIS2_PLACEMENT_3D('',#5693,#4661,#4662);
#3717=AXIS2_PLACEMENT_3D('',#5694,#4663,#4664);
#3718=AXIS2_PLACEMENT_3D('',#5695,#4665,#4666);
#3719=AXIS2_PLACEMENT_3D('',#5696,#4667,#4668);
#3720=AXIS2_PLACEMENT_3D('',#5697,#4669,#4670);
#3721=AXIS2_PLACEMENT_3D('',#5698,#4671,#4672);
#3722=AXIS2_PLACEMENT_3D('',#5699,#4673,#4674);
#3723=AXIS2_PLACEMENT_3D('',#5700,#4675,#4676);
#3724=AXIS2_PLACEMENT_3D('',#5702,#4678,#4679);
#3725=AXIS2_PLACEMENT_3D('',#5704,#4681,#4682);
#3726=AXIS2_PLACEMENT_3D('',#5706,#4684,#4685);
#3727=AXIS2_PLACEMENT_3D('',#5715,#4690,#4691);
#3728=AXIS2_PLACEMENT_3D('',#5717,#4692,#4693);
#3729=AXIS2_PLACEMENT_3D('',#5720,#4695,#4696);
#3730=AXIS2_PLACEMENT_3D('',#5721,#4697,#4698);
#3731=AXIS2_PLACEMENT_3D('',#5727,#4702,#4703);
#3732=AXIS2_PLACEMENT_3D('',#5728,#4704,#4705);
#3733=AXIS2_PLACEMENT_3D('',#5731,#4707,#4708);
#3734=AXIS2_PLACEMENT_3D('',#5732,#4709,#4710);
#3735=AXIS2_PLACEMENT_3D('',#5736,#4713,#4714);
#3736=AXIS2_PLACEMENT_3D('',#5738,#4715,#4716);
#3737=AXIS2_PLACEMENT_3D('',#5741,#4718,#4719);
#3738=AXIS2_PLACEMENT_3D('',#5742,#4720,#4721);
#3739=AXIS2_PLACEMENT_3D('',#5748,#4725,#4726);
#3740=AXIS2_PLACEMENT_3D('',#5749,#4727,#4728);
#3741=AXIS2_PLACEMENT_3D('',#5750,#4729,#4730);
#3742=AXIS2_PLACEMENT_3D('',#5751,#4731,#4732);
#3743=AXIS2_PLACEMENT_3D('',#5753,#4734,#4735);
#3744=AXIS2_PLACEMENT_3D('',#5755,#4737,#4738);
#3745=AXIS2_PLACEMENT_3D('',#5757,#4740,#4741);
#3746=AXIS2_PLACEMENT_3D('',#5759,#4743,#4744);
#3747=AXIS2_PLACEMENT_3D('',#5760,#4745,#4746);
#3748=AXIS2_PLACEMENT_3D('',#5761,#4747,#4748);
#3749=AXIS2_PLACEMENT_3D('',#5763,#4750,#4751);
#3750=AXIS2_PLACEMENT_3D('',#5765,#4753,#4754);
#3751=AXIS2_PLACEMENT_3D('',#5767,#4756,#4757);
#3752=AXIS2_PLACEMENT_3D('',#5769,#4759,#4760);
#3753=AXIS2_PLACEMENT_3D('',#5771,#4762,#4763);
#3754=AXIS2_PLACEMENT_3D('',#5773,#4765,#4766);
#3755=AXIS2_PLACEMENT_3D('',#5774,#4767,#4768);
#3756=AXIS2_PLACEMENT_3D('',#5775,#4769,#4770);
#3757=AXIS2_PLACEMENT_3D('',#5777,#4772,#4773);
#3758=AXIS2_PLACEMENT_3D('',#5779,#4775,#4776);
#3759=AXIS2_PLACEMENT_3D('',#5780,#4777,#4778);
#3760=DIRECTION('axis',(0.,0.,1.));
#3761=DIRECTION('refdir',(1.,0.,0.));
#3762=DIRECTION('axis',(0.,0.,1.));
#3763=DIRECTION('refdir',(1.,0.,0.));
#3764=DIRECTION('center_axis',(0.,-1.,0.));
#3765=DIRECTION('ref_axis',(1.22464679914735E-16,0.,1.));
#3766=DIRECTION('center_axis',(0.,1.,0.));
#3767=DIRECTION('ref_axis',(1.22464679914735E-16,0.,1.));
#3768=DIRECTION('',(1.73191211247099E-16,0.707106781186548,0.707106781186547));
#3769=DIRECTION('center_axis',(0.,1.,0.));
#3770=DIRECTION('ref_axis',(1.22464679914735E-16,0.,1.));
#3771=DIRECTION('center_axis',(0.,1.,0.));
#3772=DIRECTION('ref_axis',(1.22464679914735E-16,0.,1.));
#3773=DIRECTION('',(0.,1.,0.));
#3774=DIRECTION('center_axis',(0.,-1.,0.));
#3775=DIRECTION('ref_axis',(1.22464679914735E-16,0.,1.));
#3776=DIRECTION('center_axis',(0.,-1.,0.));
#3777=DIRECTION('ref_axis',(1.22464679914735E-16,0.,1.));
#3778=DIRECTION('center_axis',(0.,1.,0.));
#3779=DIRECTION('ref_axis',(1.22464679914735E-16,0.,1.));
#3780=DIRECTION('',(1.73191211247099E-16,0.707106781186548,0.707106781186547));
#3781=DIRECTION('center_axis',(0.,1.,0.));
#3782=DIRECTION('ref_axis',(1.22464679914735E-16,0.,1.));
#3783=DIRECTION('center_axis',(0.,1.,0.));
#3784=DIRECTION('ref_axis',(1.22464679914735E-16,0.,1.));
#3785=DIRECTION('',(0.,1.,0.));
#3786=DIRECTION('center_axis',(0.,-1.,0.));
#3787=DIRECTION('ref_axis',(1.22464679914735E-16,0.,1.));
#3788=DIRECTION('center_axis',(0.,-1.,0.));
#3789=DIRECTION('ref_axis',(1.22464679914735E-16,0.,1.));
#3790=DIRECTION('center_axis',(0.,1.,0.));
#3791=DIRECTION('ref_axis',(1.22464679914735E-16,0.,1.));
#3792=DIRECTION('',(1.73191211247099E-16,0.707106781186548,0.707106781186547));
#3793=DIRECTION('center_axis',(0.,1.,0.));
#3794=DIRECTION('ref_axis',(1.22464679914735E-16,0.,1.));
#3795=DIRECTION('center_axis',(0.,1.,0.));
#3796=DIRECTION('ref_axis',(1.22464679914735E-16,0.,1.));
#3797=DIRECTION('',(0.,1.,0.));
#3798=DIRECTION('center_axis',(0.,-1.,0.));
#3799=DIRECTION('ref_axis',(1.22464679914735E-16,0.,1.));
#3800=DIRECTION('center_axis',(0.,-1.,0.));
#3801=DIRECTION('ref_axis',(1.22464679914735E-16,0.,1.));
#3802=DIRECTION('center_axis',(0.,1.,0.));
#3803=DIRECTION('ref_axis',(1.22464679914735E-16,0.,1.));
#3804=DIRECTION('',(1.73191211247099E-16,0.707106781186548,0.707106781186547));
#3805=DIRECTION('center_axis',(0.,1.,0.));
#3806=DIRECTION('ref_axis',(1.22464679914735E-16,0.,1.));
#3807=DIRECTION('center_axis',(0.,1.,0.));
#3808=DIRECTION('ref_axis',(1.22464679914735E-16,0.,1.));
#3809=DIRECTION('',(0.,1.,0.));
#3810=DIRECTION('center_axis',(0.,-1.,0.));
#3811=DIRECTION('ref_axis',(1.22464679914735E-16,0.,1.));
#3812=DIRECTION('center_axis',(0.,-1.,0.));
#3813=DIRECTION('ref_axis',(1.22464679914735E-16,0.,1.));
#3814=DIRECTION('center_axis',(0.,1.,0.));
#3815=DIRECTION('ref_axis',(1.22464679914735E-16,0.,1.));
#3816=DIRECTION('',(1.73191211247099E-16,0.707106781186548,0.707106781186547));
#3817=DIRECTION('center_axis',(0.,1.,0.));
#3818=DIRECTION('ref_axis',(1.22464679914735E-16,0.,1.));
#3819=DIRECTION('center_axis',(0.,1.,0.));
#3820=DIRECTION('ref_axis',(1.22464679914735E-16,0.,1.));
#3821=DIRECTION('',(0.,1.,0.));
#3822=DIRECTION('center_axis',(0.,-1.,0.));
#3823=DIRECTION('ref_axis',(1.22464679914735E-16,0.,1.));
#3824=DIRECTION('center_axis',(0.,-1.,0.));
#3825=DIRECTION('ref_axis',(1.22464679914735E-16,0.,1.));
#3826=DIRECTION('center_axis',(0.,1.,0.));
#3827=DIRECTION('ref_axis',(1.22464679914735E-16,0.,1.));
#3828=DIRECTION('',(1.73191211247099E-16,0.707106781186548,0.707106781186547));
#3829=DIRECTION('center_axis',(0.,1.,0.));
#3830=DIRECTION('ref_axis',(1.22464679914735E-16,0.,1.));
#3831=DIRECTION('center_axis',(0.,1.,0.));
#3832=DIRECTION('ref_axis',(1.22464679914735E-16,0.,1.));
#3833=DIRECTION('',(0.,1.,0.));
#3834=DIRECTION('center_axis',(0.,-1.,0.));
#3835=DIRECTION('ref_axis',(1.22464679914735E-16,0.,1.));
#3836=DIRECTION('center_axis',(0.,1.,0.));
#3837=DIRECTION('ref_axis',(0.707106781186694,0.,-0.707106781186401));
#3838=DIRECTION('center_axis',(0.,1.,0.));
#3839=DIRECTION('ref_axis',(0.707106781186694,0.,-0.707106781186401));
#3840=DIRECTION('',(0.,-1.,0.));
#3841=DIRECTION('center_axis',(0.,1.,0.));
#3842=DIRECTION('ref_axis',(0.707106781186694,0.,-0.707106781186401));
#3843=DIRECTION('',(0.,1.,0.));
#3844=DIRECTION('center_axis',(0.,1.,0.));
#3845=DIRECTION('ref_axis',(0.707106781186694,0.,-0.707106781186401));
#3846=DIRECTION('',(0.,-1.,0.));
#3847=DIRECTION('center_axis',(-1.,0.,-4.00706893302427E-13));
#3848=DIRECTION('ref_axis',(-4.00706893302427E-13,0.,1.));
#3849=DIRECTION('',(4.00706893302427E-13,0.,-1.));
#3850=DIRECTION('',(0.,-1.,0.));
#3851=DIRECTION('',(-4.00706893302427E-13,0.,1.));
#3852=DIRECTION('center_axis',(0.,-1.,0.));
#3853=DIRECTION('ref_axis',(-0.707106781186689,0.,0.707106781186406));
#3854=DIRECTION('center_axis',(0.,1.,0.));
#3855=DIRECTION('ref_axis',(-0.707106781186689,0.,0.707106781186406));
#3856=DIRECTION('',(0.,1.,0.));
#3857=DIRECTION('center_axis',(0.,1.,0.));
#3858=DIRECTION('ref_axis',(-0.707106781186689,0.,0.707106781186406));
#3859=DIRECTION('',(0.,-1.,0.));
#3860=DIRECTION('center_axis',(0.,-1.,0.));
#3861=DIRECTION('ref_axis',(0.,0.,-1.));
#3862=DIRECTION('',(-1.,0.,-2.1338132320301E-15));
#3863=DIRECTION('center_axis',(0.,1.,0.));
#3864=DIRECTION('ref_axis',(0.707106781186545,0.,0.70710678118655));
#3865=DIRECTION('',(-3.32501654574764E-16,0.,1.));
#3866=DIRECTION('center_axis',(0.,1.,0.));
#3867=DIRECTION('ref_axis',(0.70710678118655,0.,-0.707106781186545));
#3868=DIRECTION('',(1.,0.,0.));
#3869=DIRECTION('center_axis',(0.,1.,0.));
#3870=DIRECTION('ref_axis',(-0.707106781186404,0.,-0.707106781186691));
#3871=DIRECTION('',(8.49246027882736E-16,0.,-1.));
#3872=DIRECTION('center_axis',(-2.1338132320301E-15,0.,1.));
#3873=DIRECTION('ref_axis',(-1.,0.,-2.1338132320301E-15));
#3874=DIRECTION('',(-1.,0.,-2.1338132320301E-15));
#3875=DIRECTION('',(0.,1.,0.));
#3876=DIRECTION('center_axis',(0.,-1.,0.));
#3877=DIRECTION('ref_axis',(0.707106781186545,0.,0.70710678118655));
#3878=DIRECTION('center_axis',(0.,1.,0.));
#3879=DIRECTION('ref_axis',(0.707106781186545,0.,0.70710678118655));
#3880=DIRECTION('',(0.,-1.,0.));
#3881=DIRECTION('center_axis',(0.,-1.,0.));
#3882=DIRECTION('ref_axis',(-0.707106781186544,0.,-0.707106781186551));
#3883=DIRECTION('center_axis',(0.,1.,0.));
#3884=DIRECTION('ref_axis',(-0.707106781186544,0.,-0.707106781186551));
#3885=DIRECTION('',(0.,1.,0.));
#3886=DIRECTION('center_axis',(0.,1.,0.));
#3887=DIRECTION('ref_axis',(-0.707106781186544,0.,-0.707106781186551));
#3888=DIRECTION('',(0.,-1.,0.));
#3889=DIRECTION('center_axis',(0.,1.,0.));
#3890=DIRECTION('ref_axis',(-1.,0.,0.));
#3891=DIRECTION('',(0.,0.,-1.));
#3892=DIRECTION('center_axis',(0.,-1.,0.));
#3893=DIRECTION('ref_axis',(1.69534939196877E-5,0.,-0.999999999856289));
#3894=DIRECTION('',(1.,0.,3.88192209010875E-12));
#3895=DIRECTION('',(-2.59701292309978E-16,0.,1.));
#3896=DIRECTION('center_axis',(0.,1.,0.));
#3897=DIRECTION('ref_axis',(0.707106781186553,0.,-0.707106781186543));
#3898=DIRECTION('',(1.,0.,1.07284412974643E-14));
#3899=DIRECTION('center_axis',(-1.,0.,0.));
#3900=DIRECTION('ref_axis',(0.,0.,-1.));
#3901=DIRECTION('',(0.,0.,-1.));
#3902=DIRECTION('',(0.,-1.,0.));
#3903=DIRECTION('',(0.,0.,-1.));
#3904=DIRECTION('',(0.,-1.,0.));
#3905=DIRECTION('center_axis',(0.,-1.,0.));
#3906=DIRECTION('ref_axis',(0.707106781186553,0.,-0.707106781186543));
#3907=DIRECTION('',(0.,1.,0.));
#3908=DIRECTION('center_axis',(0.,1.,0.));
#3909=DIRECTION('ref_axis',(0.707106781186553,0.,-0.707106781186543));
#3910=DIRECTION('',(0.,-1.,0.));
#3911=DIRECTION('center_axis',(1.,0.,2.59701292309978E-16));
#3912=DIRECTION('ref_axis',(-2.59701292309978E-16,0.,1.));
#3913=DIRECTION('',(0.,1.,0.));
#3914=DIRECTION('',(-2.59701292309978E-16,0.,1.));
#3915=DIRECTION('center_axis',(0.,1.,0.));
#3916=DIRECTION('ref_axis',(-0.707106781186548,0.,-0.707106781186548));
#3917=DIRECTION('center_axis',(0.,-1.,0.));
#3918=DIRECTION('ref_axis',(-0.707106781186548,0.,-0.707106781186548));
#3919=DIRECTION('',(0.,-1.,0.));
#3920=DIRECTION('center_axis',(0.,-1.,0.));
#3921=DIRECTION('ref_axis',(-0.707106781186548,0.,-0.707106781186548));
#3922=DIRECTION('',(0.,1.,0.));
#3923=DIRECTION('center_axis',(-1.10332722944115E-16,0.,-1.));
#3924=DIRECTION('ref_axis',(-1.,0.,1.10332722944115E-16));
#3925=DIRECTION('',(-1.,0.,1.10332722944115E-16));
#3926=DIRECTION('',(0.,1.,0.));
#3927=DIRECTION('',(1.,0.,-1.10332722944115E-16));
#3928=DIRECTION('',(0.,1.,0.));
#3929=DIRECTION('',(1.,0.,-1.10332722944115E-16));
#3930=DIRECTION('center_axis',(0.,1.,0.));
#3931=DIRECTION('ref_axis',(-1.,0.,0.));
#3932=DIRECTION('',(-3.32501654574764E-16,0.,1.));
#3933=DIRECTION('center_axis',(0.,-1.,0.));
#3934=DIRECTION('ref_axis',(-0.7071067811865,0.,0.707106781186595));
#3935=DIRECTION('',(1.,0.,-1.3283734920155E-13));
#3936=DIRECTION('center_axis',(0.,1.,0.));
#3937=DIRECTION('ref_axis',(-1.04279636573117E-6,0.,0.999999999999456));
#3938=DIRECTION('',(1.41090418197156E-13,0.,-1.));
#3939=DIRECTION('center_axis',(0.,-1.,0.));
#3940=DIRECTION('ref_axis',(0.707106781186599,0.,-0.707106781186496));
#3941=DIRECTION('center_axis',(0.,-1.,0.));
#3942=DIRECTION('ref_axis',(0.707106781186599,0.,-0.707106781186496));
#3943=DIRECTION('',(0.,-1.,0.));
#3944=DIRECTION('center_axis',(0.,-1.,0.));
#3945=DIRECTION('ref_axis',(0.707106781186599,0.,-0.707106781186496));
#3946=DIRECTION('center_axis',(0.,-1.,0.));
#3947=DIRECTION('ref_axis',(0.707106781186548,0.,-0.707106781186547));
#3948=DIRECTION('center_axis',(0.,-1.,0.));
#3949=DIRECTION('ref_axis',(0.707106781186548,0.,-0.707106781186547));
#3950=DIRECTION('center_axis',(0.,-1.,0.));
#3951=DIRECTION('ref_axis',(0.707106781186548,0.,-0.707106781186547));
#3952=DIRECTION('center_axis',(0.,1.,0.));
#3953=DIRECTION('ref_axis',(-1.,0.,0.));
#3954=DIRECTION('',(1.41090418197156E-13,0.,-1.));
#3955=DIRECTION('center_axis',(0.,1.,0.));
#3956=DIRECTION('ref_axis',(-1.04279636573117E-6,0.,0.999999999999456));
#3957=DIRECTION('',(1.,0.,-1.3283734920155E-13));
#3958=DIRECTION('center_axis',(0.,-1.,0.));
#3959=DIRECTION('ref_axis',(-0.7071067811865,0.,0.707106781186595));
#3960=DIRECTION('',(-3.32501654574764E-16,0.,1.));
#3961=DIRECTION('',(8.49246027882736E-16,0.,-1.));
#3962=DIRECTION('center_axis',(0.,1.,0.));
#3963=DIRECTION('ref_axis',(-1.0427963859171E-6,0.,0.999999999999456));
#3964=DIRECTION('',(1.,0.,-5.8395958737982E-12));
#3965=DIRECTION('center_axis',(0.,-1.,0.));
#3966=DIRECTION('ref_axis',(7.48213559232639E-7,0.,-0.99999999999972));
#3967=DIRECTION('',(1.06237260768312E-12,0.,-1.));
#3968=DIRECTION('center_axis',(0.,-1.,0.));
#3969=DIRECTION('ref_axis',(-0.99999999999972,0.,-7.48215473580513E-7));
#3970=DIRECTION('',(-1.,0.,-2.79741235986806E-15));
#3971=DIRECTION('center_axis',(0.,-1.,0.));
#3972=DIRECTION('ref_axis',(-7.48219784008947E-7,0.,0.99999999999972));
#3973=DIRECTION('',(1.8059808754027E-8,0.,1.));
#3974=DIRECTION('center_axis',(0.,-1.,0.));
#3975=DIRECTION('ref_axis',(-0.707106787571657,0.,-0.707106774801438));
#3976=DIRECTION('',(1.,0.,0.));
#3977=DIRECTION('center_axis',(0.,1.,0.));
#3978=DIRECTION('ref_axis',(-0.707106781186543,0.,0.707106781186552));
#3979=DIRECTION('',(1.11022302462516E-15,0.,1.));
#3980=DIRECTION('center_axis',(0.,1.,0.));
#3981=DIRECTION('ref_axis',(-0.707106781186552,0.,-0.707106781186543));
#3982=DIRECTION('',(-1.,0.,0.));
#3983=DIRECTION('center_axis',(0.,-1.,0.));
#3984=DIRECTION('ref_axis',(-0.707106774801446,0.,0.707106787571649));
#3985=DIRECTION('',(1.8059808754027E-8,0.,1.));
#3986=DIRECTION('center_axis',(0.,-1.,0.));
#3987=DIRECTION('ref_axis',(-0.707106787571651,0.,-0.707106774801444));
#3988=DIRECTION('',(1.,0.,-1.10332722944115E-16));
#3989=DIRECTION('center_axis',(0.,-1.,0.));
#3990=DIRECTION('ref_axis',(-0.707106781186544,0.,-0.707106781186551));
#3991=DIRECTION('',(0.,0.,1.));
#3992=DIRECTION('center_axis',(0.,-1.,0.));
#3993=DIRECTION('ref_axis',(3.57621162766198E-7,0.,0.999999999999936));
#3994=DIRECTION('',(-1.,0.,-5.77943816370989E-12));
#3995=DIRECTION('center_axis',(0.,-1.,0.));
#3996=DIRECTION('ref_axis',(1.69534939196877E-5,0.,-0.999999999856289));
#3997=DIRECTION('',(0.,0.,1.));
#3998=DIRECTION('center_axis',(0.,1.,0.));
#3999=DIRECTION('ref_axis',(0.707106781186543,0.,0.707106781186552));
#4000=DIRECTION('',(-1.,0.,0.));
#4001=DIRECTION('center_axis',(0.,1.,0.));
#4002=DIRECTION('ref_axis',(-0.707106781186548,0.,0.707106781186548));
#4003=DIRECTION('',(1.11022302462516E-15,0.,-1.));
#4004=DIRECTION('center_axis',(0.,1.,0.));
#4005=DIRECTION('ref_axis',(-0.707106781186548,0.,-0.707106781186548));
#4006=DIRECTION('',(1.,0.,0.));
#4007=DIRECTION('center_axis',(0.,1.,0.));
#4008=DIRECTION('ref_axis',(0.707106781186552,0.,-0.707106781186543));
#4009=DIRECTION('center_axis',(0.,1.,0.));
#4010=DIRECTION('ref_axis',(-0.707106781186544,0.,-0.707106781186551));
#4011=DIRECTION('',(0.,-1.,0.));
#4012=DIRECTION('center_axis',(0.,-1.,0.));
#4013=DIRECTION('ref_axis',(-0.707106781186544,0.,-0.707106781186551));
#4014=DIRECTION('',(0.,1.,0.));
#4015=DIRECTION('center_axis',(1.,0.,0.));
#4016=DIRECTION('ref_axis',(0.,0.,1.));
#4017=DIRECTION('',(0.,0.,1.));
#4018=DIRECTION('',(0.,1.,0.));
#4019=DIRECTION('',(0.,0.,1.));
#4020=DIRECTION('',(0.,1.,0.));
#4021=DIRECTION('center_axis',(0.,-1.,0.));
#4022=DIRECTION('ref_axis',(-0.721020563821261,0.,-0.69291366456931));
#4023=DIRECTION('center_axis',(0.,-1.,0.));
#4024=DIRECTION('ref_axis',(-0.721020563821261,0.,-0.69291366456931));
#4025=DIRECTION('',(0.,-1.,0.));
#4026=DIRECTION('center_axis',(0.,-1.,0.));
#4027=DIRECTION('ref_axis',(-0.721020563821261,0.,-0.69291366456931));
#4028=DIRECTION('',(0.,1.,0.));
#4029=DIRECTION('center_axis',(-0.999210002214441,0.,0.039741306906256));
#4030=DIRECTION('ref_axis',(0.039741306906256,0.,0.999210002214441));
#4031=DIRECTION('',(-0.039741306906256,0.,-0.999210002214441));
#4032=DIRECTION('',(0.,1.,0.));
#4033=DIRECTION('',(0.039741306906256,0.,0.999210002214441));
#4034=DIRECTION('center_axis',(0.,-1.,0.));
#4035=DIRECTION('ref_axis',(0.707106781186692,0.,-0.707106781186403));
#4036=DIRECTION('center_axis',(0.,-1.,0.));
#4037=DIRECTION('ref_axis',(0.707106781186692,0.,-0.707106781186403));
#4038=DIRECTION('',(0.,-1.,0.));
#4039=DIRECTION('center_axis',(0.,-1.,0.));
#4040=DIRECTION('ref_axis',(0.707106781186692,0.,-0.707106781186403));
#4041=DIRECTION('',(0.,1.,0.));
#4042=DIRECTION('center_axis',(2.22044694909562E-15,0.,1.));
#4043=DIRECTION('ref_axis',(-1.,0.,2.22044694909562E-15));
#4044=DIRECTION('',(-1.,0.,2.22044694909562E-15));
#4045=DIRECTION('',(-1.,0.,2.22044694909562E-15));
#4046=DIRECTION('center_axis',(0.,-1.,0.));
#4047=DIRECTION('ref_axis',(0.70710678118655,0.,-0.707106781186545));
#4048=DIRECTION('',(0.,1.,0.));
#4049=DIRECTION('center_axis',(0.,1.,0.));
#4050=DIRECTION('ref_axis',(0.70710678118655,0.,-0.707106781186545));
#4051=DIRECTION('',(0.,-1.,0.));
#4052=DIRECTION('center_axis',(0.,0.,-1.));
#4053=DIRECTION('ref_axis',(1.,0.,0.));
#4054=DIRECTION('',(-1.,0.,0.));
#4055=DIRECTION('',(0.,1.,0.));
#4056=DIRECTION('center_axis',(0.,-1.,0.));
#4057=DIRECTION('ref_axis',(-0.707106781186404,0.,-0.707106781186691));
#4058=DIRECTION('center_axis',(0.,1.,0.));
#4059=DIRECTION('ref_axis',(-0.707106781186404,0.,-0.707106781186691));
#4060=DIRECTION('',(0.,-1.,0.));
#4061=DIRECTION('center_axis',(-1.,0.,-4.04269801793057E-13));
#4062=DIRECTION('ref_axis',(4.04269801793057E-13,0.,-1.));
#4063=DIRECTION('',(8.49246027882736E-16,0.,-1.));
#4064=DIRECTION('',(4.04269801793057E-13,0.,-1.));
#4065=DIRECTION('',(0.,-1.,0.));
#4066=DIRECTION('center_axis',(0.,-1.,0.));
#4067=DIRECTION('ref_axis',(-0.7071067811865,0.,0.707106781186595));
#4068=DIRECTION('',(0.,-1.,0.));
#4069=DIRECTION('',(0.,1.,0.));
#4070=DIRECTION('center_axis',(-1.3283734920155E-13,0.,-1.));
#4071=DIRECTION('ref_axis',(1.,0.,-1.3283734920155E-13));
#4072=DIRECTION('',(0.,-1.,0.));
#4073=DIRECTION('center_axis',(0.,1.,0.));
#4074=DIRECTION('ref_axis',(0.721020563821271,0.,-0.6929136645693));
#4075=DIRECTION('center_axis',(0.,-1.,0.));
#4076=DIRECTION('ref_axis',(0.721020563821271,0.,-0.6929136645693));
#4077=DIRECTION('',(0.,-1.,0.));
#4078=DIRECTION('center_axis',(0.,-1.,0.));
#4079=DIRECTION('ref_axis',(0.721020563821271,0.,-0.6929136645693));
#4080=DIRECTION('',(0.,1.,0.));
#4081=DIRECTION('center_axis',(0.999210002214441,0.,0.0397413069062563));
#4082=DIRECTION('ref_axis',(0.0397413069062563,0.,-0.999210002214441));
#4083=DIRECTION('',(0.0397413069062563,0.,-0.999210002214441));
#4084=DIRECTION('',(0.,1.,0.));
#4085=DIRECTION('',(-0.0397413069062563,0.,0.999210002214441));
#4086=DIRECTION('center_axis',(0.,1.,0.));
#4087=DIRECTION('ref_axis',(-1.,0.,0.));
#4088=DIRECTION('center_axis',(0.,1.,0.));
#4089=DIRECTION('ref_axis',(-0.999996232325604,0.,-0.00274505639229516));
#4090=DIRECTION('',(1.,0.,3.20064295387432E-16));
#4091=DIRECTION('center_axis',(0.,-1.,0.));
#4092=DIRECTION('ref_axis',(0.707106781186548,0.,0.707106781186548));
#4093=DIRECTION('',(0.,0.,-1.));
#4094=DIRECTION('center_axis',(0.,1.,0.));
#4095=DIRECTION('ref_axis',(-0.707106781186552,0.,-0.707106781186543));
#4096=DIRECTION('',(1.,0.,-1.72197856880637E-14));
#4097=DIRECTION('center_axis',(0.,1.,0.));
#4098=DIRECTION('ref_axis',(0.707106781186527,0.,-0.707106781186568));
#4099=DIRECTION('',(3.99680288865015E-14,0.,1.));
#4100=DIRECTION('center_axis',(0.,-1.,0.));
#4101=DIRECTION('ref_axis',(-0.707106781186531,0.,0.707106781186564));
#4102=DIRECTION('',(1.,0.,-1.60032147693716E-16));
#4103=DIRECTION('center_axis',(0.,1.,0.));
#4104=DIRECTION('ref_axis',(0.,0.,1.));
#4105=DIRECTION('',(-1.,0.,0.));
#4106=DIRECTION('center_axis',(0.,1.,0.));
#4107=DIRECTION('ref_axis',(-0.707106781186543,0.,0.707106781186552));
#4108=DIRECTION('',(0.,0.,-1.));
#4109=DIRECTION('center_axis',(0.,1.,0.));
#4110=DIRECTION('ref_axis',(-0.707106781186543,0.,-0.707106781186552));
#4111=DIRECTION('',(1.,0.,0.));
#4112=DIRECTION('center_axis',(0.,-1.,0.));
#4113=DIRECTION('ref_axis',(0.707106781186529,0.,0.707106781186566));
#4114=DIRECTION('',(0.,0.,-1.));
#4115=DIRECTION('center_axis',(0.,-1.,0.));
#4116=DIRECTION('ref_axis',(0.707106781186544,0.,-0.707106781186551));
#4117=DIRECTION('',(-1.,0.,1.1842378929335E-16));
#4118=DIRECTION('center_axis',(0.,1.,0.));
#4119=DIRECTION('ref_axis',(-0.707106781186544,0.,0.707106781186551));
#4120=DIRECTION('',(0.,0.,-1.));
#4121=DIRECTION('center_axis',(0.,-1.,0.));
#4122=DIRECTION('ref_axis',(0.707106781186544,0.,-0.707106781186551));
#4123=DIRECTION('',(-1.,0.,1.10332722944115E-16));
#4124=DIRECTION('center_axis',(0.,-1.,0.));
#4125=DIRECTION('ref_axis',(-0.707106787571651,0.,-0.707106774801444));
#4126=DIRECTION('',(1.8059808754027E-8,0.,1.));
#4127=DIRECTION('center_axis',(0.,-1.,0.));
#4128=DIRECTION('ref_axis',(-0.707106774801446,0.,0.707106787571649));
#4129=DIRECTION('',(1.,0.,0.));
#4130=DIRECTION('center_axis',(0.,1.,0.));
#4131=DIRECTION('ref_axis',(0.707106781186545,0.,-0.70710678118655));
#4132=DIRECTION('',(0.,0.,1.));
#4133=DIRECTION('center_axis',(0.,1.,0.));
#4134=DIRECTION('ref_axis',(0.707106781186552,0.,0.707106781186543));
#4135=DIRECTION('',(-1.,0.,0.));
#4136=DIRECTION('center_axis',(0.,-1.,0.));
#4137=DIRECTION('ref_axis',(-0.707106787571657,0.,-0.707106774801438));
#4138=DIRECTION('',(1.8059808754027E-8,0.,1.));
#4139=DIRECTION('center_axis',(0.,-1.,0.));
#4140=DIRECTION('ref_axis',(-7.48219784008947E-7,0.,0.99999999999972));
#4141=DIRECTION('',(-1.,0.,-2.79741235986806E-15));
#4142=DIRECTION('center_axis',(0.,-1.,0.));
#4143=DIRECTION('ref_axis',(-0.99999999999972,0.,-7.48215473580513E-7));
#4144=DIRECTION('',(1.06237260768312E-12,0.,-1.));
#4145=DIRECTION('center_axis',(0.,-1.,0.));
#4146=DIRECTION('ref_axis',(7.48213559232639E-7,0.,-0.99999999999972));
#4147=DIRECTION('',(1.,0.,-5.8395958737982E-12));
#4148=DIRECTION('center_axis',(0.,1.,0.));
#4149=DIRECTION('ref_axis',(-1.0427963859171E-6,0.,0.999999999999456));
#4150=DIRECTION('center_axis',(0.,-1.,0.));
#4151=DIRECTION('ref_axis',(-0.707106781186543,0.,0.707106781186552));
#4152=DIRECTION('center_axis',(0.,1.,0.));
#4153=DIRECTION('ref_axis',(-0.707106781186543,0.,0.707106781186552));
#4154=DIRECTION('',(0.,1.,0.));
#4155=DIRECTION('',(0.,-1.,0.));
#4156=DIRECTION('center_axis',(-1.,0.,0.));
#4157=DIRECTION('ref_axis',(0.,0.,-1.));
#4158=DIRECTION('',(0.,0.,-1.));
#4159=DIRECTION('',(0.,-1.,0.));
#4160=DIRECTION('center_axis',(0.,-1.,0.));
#4161=DIRECTION('ref_axis',(0.707106781186543,0.,0.707106781186552));
#4162=DIRECTION('center_axis',(0.,1.,0.));
#4163=DIRECTION('ref_axis',(0.707106781186543,0.,0.707106781186552));
#4164=DIRECTION('',(0.,1.,0.));
#4165=DIRECTION('',(0.,-1.,0.));
#4166=DIRECTION('center_axis',(0.,0.,1.));
#4167=DIRECTION('ref_axis',(-1.,0.,0.));
#4168=DIRECTION('',(-1.,0.,0.));
#4169=DIRECTION('',(0.,-1.,0.));
#4170=DIRECTION('center_axis',(0.,-1.,0.));
#4171=DIRECTION('ref_axis',(-0.707106781186548,0.,0.707106781186548));
#4172=DIRECTION('center_axis',(0.,1.,0.));
#4173=DIRECTION('ref_axis',(-0.707106781186548,0.,0.707106781186548));
#4174=DIRECTION('',(0.,1.,0.));
#4175=DIRECTION('center_axis',(-1.,0.,-1.11022302462516E-15));
#4176=DIRECTION('ref_axis',(1.11022302462516E-15,0.,-1.));
#4177=DIRECTION('',(1.11022302462516E-15,0.,-1.));
#4178=DIRECTION('',(0.,-1.,0.));
#4179=DIRECTION('center_axis',(0.,-1.,0.));
#4180=DIRECTION('ref_axis',(-0.707106781186548,0.,-0.707106781186548));
#4181=DIRECTION('center_axis',(0.,1.,0.));
#4182=DIRECTION('ref_axis',(-0.707106781186548,0.,-0.707106781186548));
#4183=DIRECTION('',(0.,1.,0.));
#4184=DIRECTION('center_axis',(0.,0.,-1.));
#4185=DIRECTION('ref_axis',(1.,0.,0.));
#4186=DIRECTION('',(1.,0.,0.));
#4187=DIRECTION('',(0.,-1.,0.));
#4188=DIRECTION('center_axis',(0.,-1.,0.));
#4189=DIRECTION('ref_axis',(0.707106781186552,0.,-0.707106781186543));
#4190=DIRECTION('center_axis',(0.,1.,0.));
#4191=DIRECTION('ref_axis',(0.707106781186552,0.,-0.707106781186543));
#4192=DIRECTION('',(0.,1.,0.));
#4193=DIRECTION('center_axis',(0.,-1.,0.));
#4194=DIRECTION('ref_axis',(0.,0.,-1.));
#4195=DIRECTION('',(0.,0.,1.));
#4196=DIRECTION('center_axis',(0.,1.,0.));
#4197=DIRECTION('ref_axis',(0.707106781186548,0.,0.707106781186548));
#4198=DIRECTION('',(0.,-1.,0.));
#4199=DIRECTION('center_axis',(0.,-1.,0.));
#4200=DIRECTION('ref_axis',(0.707106781186548,0.,0.707106781186548));
#4201=DIRECTION('',(0.,1.,0.));
#4202=DIRECTION('center_axis',(-3.20064295387432E-16,0.,1.));
#4203=DIRECTION('ref_axis',(1.,0.,3.20064295387432E-16));
#4204=DIRECTION('',(0.,1.,0.));
#4205=DIRECTION('',(-1.,0.,-3.20064295387432E-16));
#4206=DIRECTION('center_axis',(0.,1.,0.));
#4207=DIRECTION('ref_axis',(-0.707106781186552,0.,-0.707106781186543));
#4208=DIRECTION('center_axis',(0.,1.,0.));
#4209=DIRECTION('ref_axis',(-0.707106781186552,0.,-0.707106781186543));
#4210=DIRECTION('',(0.,1.,0.));
#4211=DIRECTION('',(0.,-1.,0.));
#4212=DIRECTION('center_axis',(1.72197856880637E-14,0.,1.));
#4213=DIRECTION('ref_axis',(1.,0.,-1.72197856880637E-14));
#4214=DIRECTION('',(-1.,0.,1.72197856880637E-14));
#4215=DIRECTION('',(0.,-1.,0.));
#4216=DIRECTION('center_axis',(0.,1.,0.));
#4217=DIRECTION('ref_axis',(-0.707106781186531,0.,0.707106781186564));
#4218=DIRECTION('',(0.,-1.,0.));
#4219=DIRECTION('center_axis',(0.,-1.,0.));
#4220=DIRECTION('ref_axis',(-0.707106781186531,0.,0.707106781186564));
#4221=DIRECTION('',(0.,1.,0.));
#4222=DIRECTION('center_axis',(1.60032147693716E-16,0.,1.));
#4223=DIRECTION('ref_axis',(1.,0.,-1.60032147693716E-16));
#4224=DIRECTION('',(-1.,0.,1.60032147693716E-16));
#4225=DIRECTION('',(0.,1.,0.));
#4226=DIRECTION('center_axis',(0.,1.,0.));
#4227=DIRECTION('ref_axis',(0.707106781186527,0.,-0.707106781186568));
#4228=DIRECTION('center_axis',(0.,1.,0.));
#4229=DIRECTION('ref_axis',(0.707106781186527,0.,-0.707106781186568));
#4230=DIRECTION('',(0.,1.,0.));
#4231=DIRECTION('center_axis',(-1.,0.,3.99680288865015E-14));
#4232=DIRECTION('ref_axis',(3.99680288865015E-14,0.,1.));
#4233=DIRECTION('',(-3.99680288865015E-14,0.,-1.));
#4234=DIRECTION('center_axis',(0.,-1.,0.));
#4235=DIRECTION('ref_axis',(0.707106781186553,0.,-0.707106781186543));
#4236=DIRECTION('center_axis',(0.,1.,0.));
#4237=DIRECTION('ref_axis',(0.707106781186553,0.,-0.707106781186543));
#4238=DIRECTION('center_axis',(0.,1.,0.));
#4239=DIRECTION('ref_axis',(0.707106781186553,0.,-0.707106781186543));
#4240=DIRECTION('',(0.,-1.,0.));
#4241=DIRECTION('center_axis',(0.,1.,0.));
#4242=DIRECTION('ref_axis',(0.707106781186692,0.,-0.707106781186403));
#4243=DIRECTION('center_axis',(0.,1.,0.));
#4244=DIRECTION('ref_axis',(0.707106781186692,0.,-0.707106781186403));
#4245=DIRECTION('',(0.,-1.,0.));
#4246=DIRECTION('center_axis',(0.,1.,0.));
#4247=DIRECTION('ref_axis',(0.707106781186692,0.,-0.707106781186403));
#4248=DIRECTION('',(0.,1.,0.));
#4249=DIRECTION('center_axis',(0.,1.,0.));
#4250=DIRECTION('ref_axis',(0.707106781186692,0.,-0.707106781186403));
#4251=DIRECTION('',(0.,-1.,0.));
#4252=DIRECTION('center_axis',(-1.,0.,-3.94083638867677E-13));
#4253=DIRECTION('ref_axis',(-3.94083638867677E-13,0.,1.));
#4254=DIRECTION('',(3.94083638867677E-13,0.,-1.));
#4255=DIRECTION('',(0.,1.,0.));
#4256=DIRECTION('',(-3.94083638867677E-13,0.,1.));
#4257=DIRECTION('center_axis',(0.,-1.,0.));
#4258=DIRECTION('ref_axis',(-0.7071067811864,0.,-0.707106781186695));
#4259=DIRECTION('center_axis',(0.,1.,0.));
#4260=DIRECTION('ref_axis',(-0.7071067811864,0.,-0.707106781186695));
#4261=DIRECTION('',(0.,1.,0.));
#4262=DIRECTION('center_axis',(0.,1.,0.));
#4263=DIRECTION('ref_axis',(-0.7071067811864,0.,-0.707106781186695));
#4264=DIRECTION('',(0.,1.,0.));
#4265=DIRECTION('center_axis',(0.,1.,0.));
#4266=DIRECTION('ref_axis',(-0.7071067811864,0.,-0.707106781186695));
#4267=DIRECTION('',(0.,-1.,0.));
#4268=DIRECTION('center_axis',(-1.07353203209053E-14,0.,1.));
#4269=DIRECTION('ref_axis',(1.,0.,1.07353203209053E-14));
#4270=DIRECTION('',(-1.,0.,-1.07353203209053E-14));
#4271=DIRECTION('center_axis',(1.07353203209053E-14,0.,-1.));
#4272=DIRECTION('ref_axis',(1.,-5.20417042793094E-15,0.));
#4273=DIRECTION('',(1.,0.,1.07353203209053E-14));
#4274=DIRECTION('center_axis',(0.,-1.,0.));
#4275=DIRECTION('ref_axis',(-0.707106781186544,0.,-0.707106781186551));
#4276=DIRECTION('center_axis',(0.,1.,0.));
#4277=DIRECTION('ref_axis',(-0.707106781186544,0.,-0.707106781186551));
#4278=DIRECTION('',(0.,1.,0.));
#4279=DIRECTION('center_axis',(0.,1.,0.));
#4280=DIRECTION('ref_axis',(-0.707106781186544,0.,-0.707106781186551));
#4281=DIRECTION('',(0.,-1.,0.));
#4282=DIRECTION('center_axis',(0.,1.,0.));
#4283=DIRECTION('ref_axis',(-1.,0.,0.));
#4284=DIRECTION('',(1.,0.,-2.11027653393887E-13));
#4285=DIRECTION('',(0.,0.,-1.));
#4286=DIRECTION('',(1.,0.,3.88192209010875E-12));
#4287=DIRECTION('center_axis',(0.,-1.,0.));
#4288=DIRECTION('ref_axis',(3.57621162766198E-7,0.,0.999999999999936));
#4289=DIRECTION('center_axis',(-1.,0.,0.));
#4290=DIRECTION('ref_axis',(0.,0.,-1.));
#4291=DIRECTION('',(0.,0.,-1.));
#4292=DIRECTION('',(0.,-1.,0.));
#4293=DIRECTION('center_axis',(0.,1.,0.));
#4294=DIRECTION('ref_axis',(-0.707106781186828,0.,0.707106781186267));
#4295=DIRECTION('center_axis',(0.,-1.,0.));
#4296=DIRECTION('ref_axis',(-0.707106781186828,0.,0.707106781186267));
#4297=DIRECTION('center_axis',(0.,-1.,0.));
#4298=DIRECTION('ref_axis',(-0.707106781186828,0.,0.707106781186267));
#4299=DIRECTION('',(0.,1.,0.));
#4300=DIRECTION('center_axis',(0.,1.,0.));
#4301=DIRECTION('ref_axis',(0.,0.,1.));
#4302=DIRECTION('',(1.,0.,3.99602226308639E-13));
#4303=DIRECTION('',(4.07330147737179E-13,0.,-1.));
#4304=DIRECTION('',(-1.,0.,-4.02455846426613E-13));
#4305=DIRECTION('center_axis',(-3.99602226308639E-13,0.,1.));
#4306=DIRECTION('ref_axis',(1.,0.,3.99602226308639E-13));
#4307=DIRECTION('',(-1.,0.,-3.99602226308639E-13));
#4308=DIRECTION('',(0.,1.,0.));
#4309=DIRECTION('center_axis',(0.,1.,0.));
#4310=DIRECTION('ref_axis',(0.707106781186265,0.,0.70710678118683));
#4311=DIRECTION('center_axis',(0.,-1.,0.));
#4312=DIRECTION('ref_axis',(0.707106781186265,0.,0.70710678118683));
#4313=DIRECTION('',(0.,-1.,0.));
#4314=DIRECTION('center_axis',(0.,-1.,0.));
#4315=DIRECTION('ref_axis',(0.707106781186265,0.,0.70710678118683));
#4316=DIRECTION('',(0.,1.,0.));
#4317=DIRECTION('center_axis',(1.,0.,3.87460384432925E-13));
#4318=DIRECTION('ref_axis',(3.87460384432925E-13,0.,-1.));
#4319=DIRECTION('',(-3.87568764958796E-13,0.,1.));
#4320=DIRECTION('',(0.,-1.,0.));
#4321=DIRECTION('',(3.87460384432925E-13,0.,-1.));
#4322=DIRECTION('center_axis',(0.,-1.,0.));
#4323=DIRECTION('ref_axis',(-0.707106781186407,0.,-0.707106781186688));
#4324=DIRECTION('center_axis',(0.,1.,0.));
#4325=DIRECTION('ref_axis',(-0.707106781186407,0.,-0.707106781186688));
#4326=DIRECTION('',(0.,1.,0.));
#4327=DIRECTION('center_axis',(0.,1.,0.));
#4328=DIRECTION('ref_axis',(-0.707106781186407,0.,-0.707106781186688));
#4329=DIRECTION('',(0.,1.,0.));
#4330=DIRECTION('center_axis',(0.,1.,0.));
#4331=DIRECTION('ref_axis',(-0.707106781186407,0.,-0.707106781186688));
#4332=DIRECTION('center_axis',(-1.07353203209053E-14,0.,1.));
#4333=DIRECTION('ref_axis',(1.,0.,1.07353203209053E-14));
#4334=DIRECTION('',(-1.,0.,-1.07353203209053E-14));
#4335=DIRECTION('',(0.,1.,0.));
#4336=DIRECTION('',(1.,0.,1.07353203209053E-14));
#4337=DIRECTION('center_axis',(0.,-1.,0.));
#4338=DIRECTION('ref_axis',(0.707106781186529,0.,0.707106781186566));
#4339=DIRECTION('',(0.,-1.,0.));
#4340=DIRECTION('center_axis',(0.,-1.,0.));
#4341=DIRECTION('ref_axis',(0.707106781186529,0.,0.707106781186566));
#4342=DIRECTION('',(0.,1.,0.));
#4343=DIRECTION('center_axis',(1.,0.,0.));
#4344=DIRECTION('ref_axis',(0.,0.,-1.));
#4345=DIRECTION('',(0.,0.,1.));
#4346=DIRECTION('',(0.,-1.,0.));
#4347=DIRECTION('center_axis',(0.,-1.,0.));
#4348=DIRECTION('ref_axis',(-0.707106781186543,0.,-0.707106781186552));
#4349=DIRECTION('center_axis',(0.,1.,0.));
#4350=DIRECTION('ref_axis',(-0.707106781186543,0.,-0.707106781186552));
#4351=DIRECTION('',(0.,1.,0.));
#4352=DIRECTION('center_axis',(0.,0.,-1.));
#4353=DIRECTION('ref_axis',(1.,6.93889390390722E-17,0.));
#4354=DIRECTION('',(1.,0.,0.));
#4355=DIRECTION('center_axis',(0.,1.,0.));
#4356=DIRECTION('ref_axis',(0.707106781186544,0.,-0.707106781186551));
#4357=DIRECTION('center_axis',(0.,-1.,0.));
#4358=DIRECTION('ref_axis',(0.707106781186544,0.,-0.707106781186551));
#4359=DIRECTION('',(0.,1.,0.));
#4360=DIRECTION('center_axis',(0.,1.,0.));
#4361=DIRECTION('ref_axis',(-0.707106781186544,0.,0.707106781186551));
#4362=DIRECTION('center_axis',(0.,1.,0.));
#4363=DIRECTION('ref_axis',(-0.707106781186544,0.,0.707106781186551));
#4364=DIRECTION('',(0.,1.,0.));
#4365=DIRECTION('',(0.,-1.,0.));
#4366=DIRECTION('center_axis',(1.,0.,0.));
#4367=DIRECTION('ref_axis',(0.,0.,-1.));
#4368=DIRECTION('',(0.,0.,1.));
#4369=DIRECTION('',(0.,-1.,0.));
#4370=DIRECTION('center_axis',(0.,1.,0.));
#4371=DIRECTION('ref_axis',(0.707106781186544,0.,-0.707106781186551));
#4372=DIRECTION('center_axis',(0.,-1.,0.));
#4373=DIRECTION('ref_axis',(0.707106781186544,0.,-0.707106781186551));
#4374=DIRECTION('',(0.,1.,0.));
#4375=DIRECTION('center_axis',(-1.10332722944115E-16,0.,-1.));
#4376=DIRECTION('ref_axis',(-1.,0.,1.10332722944115E-16));
#4377=DIRECTION('',(0.,-1.,0.));
#4378=DIRECTION('',(1.,0.,-1.10332722944115E-16));
#4379=DIRECTION('center_axis',(0.,1.,0.));
#4380=DIRECTION('ref_axis',(-0.707106787571651,0.,-0.707106774801444));
#4381=DIRECTION('',(0.,1.,0.));
#4382=DIRECTION('center_axis',(0.,-1.,0.));
#4383=DIRECTION('ref_axis',(-0.707106774801446,0.,0.707106787571649));
#4384=DIRECTION('',(0.,-1.,0.));
#4385=DIRECTION('',(0.,1.,0.));
#4386=DIRECTION('center_axis',(0.,0.,-1.));
#4387=DIRECTION('ref_axis',(1.,0.,0.));
#4388=DIRECTION('',(0.,1.,0.));
#4389=DIRECTION('',(1.,0.,0.));
#4390=DIRECTION('',(0.,-1.,0.));
#4391=DIRECTION('center_axis',(0.,1.,0.));
#4392=DIRECTION('ref_axis',(-0.707106787571657,0.,-0.707106774801438));
#4393=DIRECTION('',(0.,-1.,0.));
#4394=DIRECTION('',(0.,1.,0.));
#4395=DIRECTION('center_axis',(1.,0.,-1.8059808754027E-8));
#4396=DIRECTION('ref_axis',(1.8059808754027E-8,0.,1.));
#4397=DIRECTION('',(0.,-1.,0.));
#4398=DIRECTION('center_axis',(0.,-1.,0.));
#4399=DIRECTION('ref_axis',(0.707106781186552,0.,0.707106781186543));
#4400=DIRECTION('center_axis',(0.,1.,0.));
#4401=DIRECTION('ref_axis',(0.707106781186552,0.,0.707106781186543));
#4402=DIRECTION('',(0.,1.,0.));
#4403=DIRECTION('',(0.,-1.,0.));
#4404=DIRECTION('center_axis',(1.,0.,0.));
#4405=DIRECTION('ref_axis',(0.,0.,1.));
#4406=DIRECTION('',(0.,1.,0.));
#4407=DIRECTION('',(0.,0.,1.));
#4408=DIRECTION('center_axis',(0.,-1.,0.));
#4409=DIRECTION('ref_axis',(0.707106781186545,0.,-0.70710678118655));
#4410=DIRECTION('center_axis',(0.,1.,0.));
#4411=DIRECTION('ref_axis',(0.707106781186545,0.,-0.70710678118655));
#4412=DIRECTION('center_axis',(0.,-1.,0.));
#4413=DIRECTION('ref_axis',(-0.707106781186543,0.,0.707106781186552));
#4414=DIRECTION('center_axis',(0.,1.,0.));
#4415=DIRECTION('ref_axis',(-0.707106781186543,0.,0.707106781186552));
#4416=DIRECTION('',(0.,1.,0.));
#4417=DIRECTION('',(0.,-1.,0.));
#4418=DIRECTION('center_axis',(0.,0.,1.));
#4419=DIRECTION('ref_axis',(-1.,0.,0.));
#4420=DIRECTION('',(-1.,0.,0.));
#4421=DIRECTION('center_axis',(0.,-1.,0.));
#4422=DIRECTION('ref_axis',(-0.707106781186552,0.,-0.707106781186543));
#4423=DIRECTION('center_axis',(0.,1.,0.));
#4424=DIRECTION('ref_axis',(-0.707106781186552,0.,-0.707106781186543));
#4425=DIRECTION('',(0.,-1.,0.));
#4426=DIRECTION('center_axis',(-1.,0.,1.11022302462516E-15));
#4427=DIRECTION('ref_axis',(-1.11022302462516E-15,0.,-1.));
#4428=DIRECTION('',(-1.11022302462516E-15,0.,-1.));
#4429=DIRECTION('center_axis',(0.,-1.,0.));
#4430=DIRECTION('ref_axis',(-0.999999999946472,0.,-1.03468128814415E-5));
#4431=DIRECTION('',(0.,-1.,0.));
#4432=DIRECTION('center_axis',(0.,-1.,0.));
#4433=DIRECTION('ref_axis',(1.69534939196877E-5,0.,-0.999999999856289));
#4434=DIRECTION('',(0.,-1.,0.));
#4435=DIRECTION('center_axis',(3.88192209010875E-12,0.,-1.));
#4436=DIRECTION('ref_axis',(1.,0.,3.88192209010875E-12));
#4437=DIRECTION('',(1.,0.,3.88192209010875E-12));
#4438=DIRECTION('',(0.,-1.,0.));
#4439=DIRECTION('',(1.,0.,3.88192209010875E-12));
#4440=DIRECTION('center_axis',(-5.77943816370989E-12,0.,1.));
#4441=DIRECTION('ref_axis',(-1.,0.,-5.77943816370989E-12));
#4442=DIRECTION('',(0.,-1.,0.));
#4443=DIRECTION('',(-1.,0.,-5.77943816370989E-12));
#4444=DIRECTION('center_axis',(0.,-1.,0.));
#4445=DIRECTION('ref_axis',(3.57621162766198E-7,0.,0.999999999999936));
#4446=DIRECTION('center_axis',(0.,-1.,0.));
#4447=DIRECTION('ref_axis',(3.57621162766198E-7,0.,0.999999999999936));
#4448=DIRECTION('center_axis',(0.,-1.,0.));
#4449=DIRECTION('ref_axis',(0.,0.,-1.));
#4450=DIRECTION('',(1.,0.,-3.70074341541718E-16));
#4451=DIRECTION('center_axis',(0.,1.,0.));
#4452=DIRECTION('ref_axis',(1.77635683940025E-15,0.,-1.));
#4453=DIRECTION('',(-1.,0.,9.25185853854294E-16));
#4454=DIRECTION('center_axis',(0.,1.,0.));
#4455=DIRECTION('ref_axis',(3.5527136788005E-15,0.,1.));
#4456=DIRECTION('center_axis',(0.,1.,0.));
#4457=DIRECTION('ref_axis',(1.,0.,0.));
#4458=DIRECTION('',(-1.,0.,-1.07353203209053E-14));
#4459=DIRECTION('',(0.,0.,1.));
#4460=DIRECTION('',(-1.,0.,0.));
#4461=DIRECTION('',(0.,0.,-1.));
#4462=DIRECTION('',(-1.,0.,-1.07353203209053E-14));
#4463=DIRECTION('center_axis',(-9.25185853854294E-16,0.,-1.));
#4464=DIRECTION('ref_axis',(1.,0.,-9.25185853854294E-16));
#4465=DIRECTION('',(0.,-1.,0.));
#4466=DIRECTION('',(-1.,0.,9.25185853854294E-16));
#4467=DIRECTION('',(0.,-1.,0.));
#4468=DIRECTION('center_axis',(0.,-1.,0.));
#4469=DIRECTION('ref_axis',(1.77635683940025E-15,0.,-1.));
#4470=DIRECTION('',(0.,-1.,0.));
#4471=DIRECTION('center_axis',(0.,1.,0.));
#4472=DIRECTION('ref_axis',(1.77635683940025E-15,0.,-1.));
#4473=DIRECTION('center_axis',(3.70074341541718E-16,0.,1.));
#4474=DIRECTION('ref_axis',(-1.,0.,3.70074341541718E-16));
#4475=DIRECTION('',(0.,-1.,0.));
#4476=DIRECTION('',(1.,0.,-3.70074341541718E-16));
#4477=DIRECTION('center_axis',(0.,-1.,0.));
#4478=DIRECTION('ref_axis',(3.5527136788005E-15,0.,1.));
#4479=DIRECTION('center_axis',(0.,1.,0.));
#4480=DIRECTION('ref_axis',(3.5527136788005E-15,0.,1.));
#4481=DIRECTION('center_axis',(0.,1.,0.));
#4482=DIRECTION('ref_axis',(1.,0.,0.));
#4483=DIRECTION('',(-1.,0.,-1.07353203209053E-14));
#4484=DIRECTION('',(1.,0.,-1.1842378929335E-16));
#4485=DIRECTION('',(-1.,0.,0.));
#4486=DIRECTION('center_axis',(0.,-1.,0.));
#4487=DIRECTION('ref_axis',(0.,0.,1.));
#4488=DIRECTION('',(0.,0.,1.));
#4489=DIRECTION('center_axis',(0.,-1.,0.));
#4490=DIRECTION('ref_axis',(-0.999996232325604,0.,-0.00274505639229516));
#4491=DIRECTION('',(-3.32501654574764E-16,0.,1.));
#4492=DIRECTION('',(-1.,0.,-1.07353203209053E-14));
#4493=DIRECTION('center_axis',(0.,1.,0.));
#4494=DIRECTION('ref_axis',(5.55111512312511E-17,0.,-1.));
#4495=DIRECTION('',(1.68098197553982E-14,0.,1.));
#4496=DIRECTION('center_axis',(0.,1.,0.));
#4497=DIRECTION('ref_axis',(-1.,0.,0.));
#4498=DIRECTION('',(1.,0.,-7.54066008748254E-14));
#4499=DIRECTION('center_axis',(0.,1.,0.));
#4500=DIRECTION('ref_axis',(1.49213974509621E-13,0.,1.));
#4501=DIRECTION('',(3.43349509897188E-14,0.,-1.));
#4502=DIRECTION('center_axis',(0.,1.,0.));
#4503=DIRECTION('ref_axis',(1.,0.,3.80251385933932E-15));
#4504=DIRECTION('',(-1.,0.,-4.0249054089614E-13));
#4505=DIRECTION('',(-1.,0.,-1.07353203209053E-14));
#4506=DIRECTION('',(-4.07330147737179E-13,0.,1.));
#4507=DIRECTION('center_axis',(0.,-1.,0.));
#4508=DIRECTION('ref_axis',(0.,0.,1.));
#4509=DIRECTION('',(1.,0.,0.));
#4510=DIRECTION('center_axis',(0.,-1.,0.));
#4511=DIRECTION('ref_axis',(0.,0.,-1.));
#4512=DIRECTION('',(-1.,0.,-2.08166817117217E-16));
#4513=DIRECTION('',(1.,0.,0.));
#4514=DIRECTION('center_axis',(0.,-1.,0.));
#4515=DIRECTION('ref_axis',(0.,0.,-1.));
#4516=DIRECTION('',(-1.,0.,2.4980018054066E-16));
#4517=DIRECTION('center_axis',(0.,-1.,0.));
#4518=DIRECTION('ref_axis',(1.48029736620166E-15,0.,1.));
#4519=DIRECTION('center_axis',(1.,0.,3.32501654574764E-16));
#4520=DIRECTION('ref_axis',(-3.32501654574764E-16,0.,1.));
#4521=DIRECTION('center_axis',(1.,0.,0.));
#4522=DIRECTION('ref_axis',(0.,0.,1.));
#4523=DIRECTION('center_axis',(-1.07353203209053E-14,0.,1.));
#4524=DIRECTION('ref_axis',(1.,0.,1.07353203209053E-14));
#4525=DIRECTION('',(1.,0.,1.07353203209053E-14));
#4526=DIRECTION('',(0.,1.,0.));
#4527=DIRECTION('center_axis',(-1.07353203209053E-14,0.,1.));
#4528=DIRECTION('ref_axis',(0.707106781186546,-0.707106781186549,0.));
#4529=DIRECTION('center_axis',(-1.07353203209053E-14,0.,1.));
#4530=DIRECTION('ref_axis',(1.,0.,1.07353203209053E-14));
#4531=DIRECTION('center_axis',(-1.07353203209053E-14,0.,1.));
#4532=DIRECTION('ref_axis',(-0.707106781186546,-0.707106781186549,0.));
#4533=DIRECTION('',(0.,1.,0.));
#4534=DIRECTION('',(1.,0.,1.07353203209053E-14));
#4535=DIRECTION('',(0.,1.,0.));
#4536=DIRECTION('center_axis',(1.,0.,-1.8059808754027E-8));
#4537=DIRECTION('ref_axis',(1.8059808754027E-8,0.,1.));
#4538=DIRECTION('center_axis',(0.,-1.,0.));
#4539=DIRECTION('ref_axis',(7.48213559232639E-7,0.,-0.99999999999972));
#4540=DIRECTION('',(0.,-1.,0.));
#4541=DIRECTION('',(0.,-1.,0.));
#4542=DIRECTION('center_axis',(-1.,0.,-1.06237260768312E-12));
#4543=DIRECTION('ref_axis',(1.06237260768312E-12,0.,-1.));
#4544=DIRECTION('',(0.,-1.,0.));
#4545=DIRECTION('center_axis',(0.,-1.,0.));
#4546=DIRECTION('ref_axis',(-0.99999999999972,0.,-7.48215473580513E-7));
#4547=DIRECTION('',(0.,-1.,0.));
#4548=DIRECTION('center_axis',(-2.79741235986806E-15,0.,1.));
#4549=DIRECTION('ref_axis',(-1.,0.,-2.79741235986806E-15));
#4550=DIRECTION('',(0.,-1.,0.));
#4551=DIRECTION('center_axis',(0.,-1.,0.));
#4552=DIRECTION('ref_axis',(-7.48219784008947E-7,0.,0.99999999999972));
#4553=DIRECTION('center_axis',(-1.,0.,-1.41090418197156E-13));
#4554=DIRECTION('ref_axis',(1.41090418197156E-13,0.,-1.));
#4555=DIRECTION('',(0.,-1.,0.));
#4556=DIRECTION('center_axis',(0.,-1.,0.));
#4557=DIRECTION('ref_axis',(-1.04279636573117E-6,0.,0.999999999999456));
#4558=DIRECTION('center_axis',(0.,-1.,0.));
#4559=DIRECTION('ref_axis',(-1.0427963859171E-6,0.,0.999999999999456));
#4560=DIRECTION('',(0.,-1.,0.));
#4561=DIRECTION('center_axis',(-5.8395958737982E-12,0.,-1.));
#4562=DIRECTION('ref_axis',(1.,0.,-5.8395958737982E-12));
#4563=DIRECTION('center_axis',(0.,-1.,0.));
#4564=DIRECTION('ref_axis',(0.,0.,-1.));
#4565=DIRECTION('center_axis',(3.94129173741939E-13,0.,-1.));
#4566=DIRECTION('ref_axis',(-1.,0.,-3.94129173741939E-13));
#4567=DIRECTION('',(-1.,0.,-3.94129173741939E-13));
#4568=DIRECTION('',(-1.,0.,-3.94129173741939E-13));
#4569=DIRECTION('center_axis',(0.,0.,1.));
#4570=DIRECTION('ref_axis',(1.,-5.20417042793094E-15,0.));
#4571=DIRECTION('',(0.,0.,-1.));
#4572=DIRECTION('center_axis',(1.07353203209053E-14,0.,-1.));
#4573=DIRECTION('ref_axis',(1.,-5.20417042793094E-15,0.));
#4574=DIRECTION('',(0.,0.,1.));
#4575=DIRECTION('center_axis',(0.,0.,1.));
#4576=DIRECTION('ref_axis',(1.,-5.20417042793094E-15,0.));
#4577=DIRECTION('center_axis',(0.,0.,-1.));
#4578=DIRECTION('ref_axis',(-1.,0.,0.));
#4579=DIRECTION('',(-1.,0.,5.51632294337992E-15));
#4580=DIRECTION('',(0.,1.,0.));
#4581=DIRECTION('',(1.,0.,0.));
#4582=DIRECTION('',(0.,1.,0.));
#4583=DIRECTION('',(-1.,0.,5.51632294337992E-15));
#4584=DIRECTION('',(0.,1.,0.));
#4585=DIRECTION('center_axis',(0.,0.,-1.));
#4586=DIRECTION('ref_axis',(-0.707106781186546,-0.707106781186549,0.));
#4587=DIRECTION('center_axis',(0.,0.,-1.));
#4588=DIRECTION('ref_axis',(0.707106781186546,-0.707106781186549,0.));
#4589=DIRECTION('',(0.,1.,0.));
#4590=DIRECTION('',(-1.,0.,5.51632294337992E-15));
#4591=DIRECTION('center_axis',(0.,1.,0.));
#4592=DIRECTION('ref_axis',(-1.,0.,0.));
#4593=DIRECTION('',(1.,0.,1.07353203209053E-14));
#4594=DIRECTION('center_axis',(0.,-1.,0.));
#4595=DIRECTION('ref_axis',(1.,0.,3.80251385933932E-15));
#4596=DIRECTION('',(-3.43349509897188E-14,0.,1.));
#4597=DIRECTION('center_axis',(0.,-1.,0.));
#4598=DIRECTION('ref_axis',(1.49213974509621E-13,0.,1.));
#4599=DIRECTION('',(-1.,0.,7.54066008748254E-14));
#4600=DIRECTION('center_axis',(0.,-1.,0.));
#4601=DIRECTION('ref_axis',(-1.,0.,0.));
#4602=DIRECTION('',(-1.68098197553982E-14,0.,-1.));
#4603=DIRECTION('center_axis',(0.,-1.,0.));
#4604=DIRECTION('ref_axis',(5.55111512312511E-17,0.,-1.));
#4605=DIRECTION('',(0.,0.,-1.));
#4606=DIRECTION('center_axis',(0.,1.,0.));
#4607=DIRECTION('ref_axis',(1.11717895180154E-6,0.,-0.999999999999376));
#4608=DIRECTION('',(-5.31416871701333E-14,0.,1.));
#4609=DIRECTION('center_axis',(0.,1.,0.));
#4610=DIRECTION('ref_axis',(-0.999999999999998,0.,6.67981359114831E-8));
#4611=DIRECTION('',(1.,0.,2.9858988302494E-14));
#4612=DIRECTION('center_axis',(0.,1.,0.));
#4613=DIRECTION('ref_axis',(9.91755596165449E-8,0.,0.999999999999995));
#4614=DIRECTION('',(1.43062307857946E-15,0.,-1.));
#4615=DIRECTION('center_axis',(0.,1.,0.));
#4616=DIRECTION('ref_axis',(0.999999999999195,0.,1.26893186476822E-6));
#4617=DIRECTION('center_axis',(-1.07353203209053E-14,0.,1.));
#4618=DIRECTION('ref_axis',(1.,0.,1.07353203209053E-14));
#4619=DIRECTION('center_axis',(-4.0249054089614E-13,0.,1.));
#4620=DIRECTION('ref_axis',(1.,0.,4.0249054089614E-13));
#4621=DIRECTION('',(1.,0.,4.0249054089614E-13));
#4622=DIRECTION('center_axis',(0.,1.,0.));
#4623=DIRECTION('ref_axis',(0.,0.,1.));
#4624=DIRECTION('center_axis',(1.,0.,4.07330147737179E-13));
#4625=DIRECTION('ref_axis',(4.07330147737179E-13,0.,-1.));
#4626=DIRECTION('center_axis',(4.02455846426614E-13,0.,-1.));
#4627=DIRECTION('ref_axis',(-1.,0.,-4.02455846426613E-13));
#4628=DIRECTION('',(-1.,0.,-4.02455846426613E-13));
#4629=DIRECTION('center_axis',(0.,1.,0.));
#4630=DIRECTION('ref_axis',(0.,0.,1.));
#4631=DIRECTION('',(0.,1.,0.));
#4632=DIRECTION('center_axis',(0.,1.,0.));
#4633=DIRECTION('ref_axis',(0.,0.,1.));
#4634=DIRECTION('',(0.,1.,0.));
#4635=DIRECTION('center_axis',(0.,0.,-1.));
#4636=DIRECTION('ref_axis',(-1.,0.,0.));
#4637=DIRECTION('',(-1.,0.,0.));
#4638=DIRECTION('',(0.,1.,0.));
#4639=DIRECTION('center_axis',(0.,1.,0.));
#4640=DIRECTION('ref_axis',(0.,0.,-1.));
#4641=DIRECTION('center_axis',(0.,1.,0.));
#4642=DIRECTION('ref_axis',(0.,0.,-1.));
#4643=DIRECTION('',(0.,1.,0.));
#4644=DIRECTION('center_axis',(-2.08166817117217E-16,0.,1.));
#4645=DIRECTION('ref_axis',(1.,0.,2.08166817117217E-16));
#4646=DIRECTION('',(1.,0.,2.08166817117217E-16));
#4647=DIRECTION('center_axis',(0.,0.,-1.));
#4648=DIRECTION('ref_axis',(-1.,0.,0.));
#4649=DIRECTION('',(0.,1.,0.));
#4650=DIRECTION('',(-1.,0.,0.));
#4651=DIRECTION('',(0.,1.,0.));
#4652=DIRECTION('center_axis',(0.,1.,0.));
#4653=DIRECTION('ref_axis',(0.,0.,-1.));
#4654=DIRECTION('center_axis',(0.,1.,0.));
#4655=DIRECTION('ref_axis',(0.,0.,-1.));
#4656=DIRECTION('',(0.,1.,0.));
#4657=DIRECTION('center_axis',(2.4980018054066E-16,0.,1.));
#4658=DIRECTION('ref_axis',(1.,0.,-2.4980018054066E-16));
#4659=DIRECTION('',(1.,0.,-2.4980018054066E-16));
#4660=DIRECTION('',(0.,1.,0.));
#4661=DIRECTION('center_axis',(0.,1.,0.));
#4662=DIRECTION('ref_axis',(1.48029736620166E-15,0.,1.));
#4663=DIRECTION('center_axis',(0.,1.,0.));
#4664=DIRECTION('ref_axis',(1.48029736620166E-15,0.,1.));
#4665=DIRECTION('center_axis',(0.,0.,1.));
#4666=DIRECTION('ref_axis',(-1.,0.,0.));
#4667=DIRECTION('center_axis',(-1.1842378929335E-16,0.,-1.));
#4668=DIRECTION('ref_axis',(-1.,0.,1.1842378929335E-16));
#4669=DIRECTION('center_axis',(0.,1.,0.));
#4670=DIRECTION('ref_axis',(0.,0.,1.));
#4671=DIRECTION('center_axis',(1.,0.,0.));
#4672=DIRECTION('ref_axis',(0.,0.,-1.));
#4673=DIRECTION('center_axis',(0.,1.,0.));
#4674=DIRECTION('ref_axis',(-0.999996232325604,0.,-0.00274505639229516));
#4675=DIRECTION('center_axis',(0.,0.,1.));
#4676=DIRECTION('ref_axis',(-0.707106781186546,-0.707106781186549,0.));
#4677=DIRECTION('',(0.,0.,1.));
#4678=DIRECTION('center_axis',(0.,0.,-1.));
#4679=DIRECTION('ref_axis',(0.707106781186546,-0.707106781186549,0.));
#4680=DIRECTION('',(0.,0.,-1.));
#4681=DIRECTION('center_axis',(-1.,0.,0.));
#4682=DIRECTION('ref_axis',(0.,0.,1.));
#4683=DIRECTION('',(0.,0.,1.));
#4684=DIRECTION('center_axis',(-6.69906115705078E-17,-0.707106781186546,
0.707106781186549));
#4685=DIRECTION('ref_axis',(1.,0.,9.473903143468E-17));
#4686=DIRECTION('',(1.76635401602385E-15,-0.707106781188392,-0.707106781184703));
#4687=DIRECTION('',(1.,0.,9.473903143468E-17));
#4688=DIRECTION('',(0.,0.707106781186542,0.707106781186552));
#4689=DIRECTION('',(-1.,0.,-9.473903143468E-17));
#4690=DIRECTION('center_axis',(0.,1.,0.));
#4691=DIRECTION('ref_axis',(-0.999999999999998,0.,6.67983046653837E-8));
#4692=DIRECTION('center_axis',(0.,-1.,0.));
#4693=DIRECTION('ref_axis',(-0.999999999999998,0.,6.67983046653838E-8));
#4694=DIRECTION('',(0.707106781186545,-0.707106781186549,-4.72335373408424E-8));
#4695=DIRECTION('center_axis',(0.,1.,0.));
#4696=DIRECTION('ref_axis',(-0.999999999999998,0.,6.67983046653837E-8));
#4697=DIRECTION('center_axis',(-0.707106781186547,-0.707106781186548,-7.26054316154351E-17));
#4698=DIRECTION('ref_axis',(-1.02679586092501E-16,0.,1.));
#4699=DIRECTION('',(0.707106781185151,-0.707106781187944,2.94392336003789E-16));
#4700=DIRECTION('',(-1.02679586092501E-16,0.,1.));
#4701=DIRECTION('',(1.02679586092501E-16,0.,-1.));
#4702=DIRECTION('center_axis',(0.,1.,0.));
#4703=DIRECTION('ref_axis',(1.1171788287057E-6,0.,-0.999999999999376));
#4704=DIRECTION('center_axis',(0.,-1.,0.));
#4705=DIRECTION('ref_axis',(1.1171788287057E-6,0.,-0.999999999999376));
#4706=DIRECTION('',(-7.89964725510655E-7,-0.707106781186548,0.707106781186106));
#4707=DIRECTION('center_axis',(0.,1.,0.));
#4708=DIRECTION('ref_axis',(1.1171788287057E-6,0.,-0.999999999999376));
#4709=DIRECTION('center_axis',(0.,-0.707106781186547,-0.707106781186548));
#4710=DIRECTION('ref_axis',(-1.,0.,0.));
#4711=DIRECTION('',(0.,-0.707106781186204,0.707106781186891));
#4712=DIRECTION('',(-1.,0.,0.));
#4713=DIRECTION('center_axis',(0.,1.,0.));
#4714=DIRECTION('ref_axis',(0.999999999999195,0.,1.2689319119527E-6));
#4715=DIRECTION('center_axis',(0.,-1.,0.));
#4716=DIRECTION('ref_axis',(0.999999999999195,0.,1.2689319119527E-6));
#4717=DIRECTION('',(-0.707106781185979,-0.707106781186547,-8.9727035977378E-7));
#4718=DIRECTION('center_axis',(0.,1.,0.));
#4719=DIRECTION('ref_axis',(0.999999999999195,0.,1.2689319119527E-6));
#4720=DIRECTION('center_axis',(0.707106781186543,-0.707106781186553,0.));
#4721=DIRECTION('ref_axis',(0.,0.,-1.));
#4722=DIRECTION('',(-0.707106781186515,-0.70710678118658,0.));
#4723=DIRECTION('',(0.,0.,-1.));
#4724=DIRECTION('',(0.,0.,1.));
#4725=DIRECTION('center_axis',(0.,1.,0.));
#4726=DIRECTION('ref_axis',(9.91755655377327E-8,0.,0.999999999999995));
#4727=DIRECTION('center_axis',(0.,-1.,0.));
#4728=DIRECTION('ref_axis',(9.91755655377328E-8,0.,0.999999999999995));
#4729=DIRECTION('center_axis',(0.,1.,0.));
#4730=DIRECTION('ref_axis',(9.91755655377328E-8,0.,0.999999999999995));
#4731=DIRECTION('center_axis',(0.,1.,0.));
#4732=DIRECTION('ref_axis',(1.1171788287057E-6,0.,-0.999999999999376));
#4733=DIRECTION('',(0.,1.,0.));
#4734=DIRECTION('center_axis',(-1.,0.,-1.02679586092501E-16));
#4735=DIRECTION('ref_axis',(-1.02679586092501E-16,0.,1.));
#4736=DIRECTION('',(0.,1.,0.));
#4737=DIRECTION('center_axis',(0.,1.,0.));
#4738=DIRECTION('ref_axis',(-0.999999999999998,0.,6.67983046653838E-8));
#4739=DIRECTION('',(0.,1.,0.));
#4740=DIRECTION('center_axis',(-9.473903143468E-17,0.,1.));
#4741=DIRECTION('ref_axis',(1.,0.,9.473903143468E-17));
#4742=DIRECTION('',(0.,1.,0.));
#4743=DIRECTION('center_axis',(0.,1.,0.));
#4744=DIRECTION('ref_axis',(1.,0.,0.));
#4745=DIRECTION('center_axis',(1.,0.,0.));
#4746=DIRECTION('ref_axis',(0.,0.,-1.));
#4747=DIRECTION('center_axis',(0.,1.,0.));
#4748=DIRECTION('ref_axis',(5.55111512312511E-17,0.,-1.));
#4749=DIRECTION('',(0.,1.,0.));
#4750=DIRECTION('center_axis',(1.,0.,-1.68098197553982E-14));
#4751=DIRECTION('ref_axis',(-1.68098197553982E-14,0.,-1.));
#4752=DIRECTION('',(0.,1.,0.));
#4753=DIRECTION('center_axis',(0.,1.,0.));
#4754=DIRECTION('ref_axis',(-1.,0.,0.));
#4755=DIRECTION('',(0.,1.,0.));
#4756=DIRECTION('center_axis',(-7.54066008748254E-14,0.,-1.));
#4757=DIRECTION('ref_axis',(-1.,0.,7.54066008748254E-14));
#4758=DIRECTION('',(0.,1.,0.));
#4759=DIRECTION('center_axis',(0.,1.,0.));
#4760=DIRECTION('ref_axis',(1.49213974509621E-13,0.,1.));
#4761=DIRECTION('',(0.,1.,0.));
#4762=DIRECTION('center_axis',(-1.,0.,-3.43349509897188E-14));
#4763=DIRECTION('ref_axis',(-3.43349509897188E-14,0.,1.));
#4764=DIRECTION('',(0.,1.,0.));
#4765=DIRECTION('center_axis',(0.,1.,0.));
#4766=DIRECTION('ref_axis',(1.,0.,3.80251385933932E-15));
#4767=DIRECTION('center_axis',(0.,1.,0.));
#4768=DIRECTION('ref_axis',(-1.,0.,0.));
#4769=DIRECTION('center_axis',(0.,1.,0.));
#4770=DIRECTION('ref_axis',(0.999999999999195,0.,1.2689319119527E-6));
#4771=DIRECTION('',(0.,1.,0.));
#4772=DIRECTION('center_axis',(1.,0.,0.));
#4773=DIRECTION('ref_axis',(0.,0.,-1.));
#4774=DIRECTION('',(0.,1.,0.));
#4775=DIRECTION('center_axis',(0.,1.,0.));
#4776=DIRECTION('ref_axis',(9.91755655377328E-8,0.,0.999999999999995));
#4777=DIRECTION('',(1.22464679914735E-16,0.,1.));
#4778=DIRECTION('',(-1.,0.,1.22464679914735E-16));
#4779=CARTESIAN_POINT('',(0.,0.,0.));
#4780=CARTESIAN_POINT('',(0.,0.,0.));
#4781=CARTESIAN_POINT('Origin',(-1.99999999999999,0.375,73.5));
#4782=CARTESIAN_POINT('',(-1.99999999999999,0.,71.3));
#4783=CARTESIAN_POINT('Origin',(-1.99999999999999,0.,73.5));
#4784=CARTESIAN_POINT('',(-1.99999999999999,0.750000000000002,72.05));
#4785=CARTESIAN_POINT('',(-1.99999999999999,0.375,71.675));
#4786=CARTESIAN_POINT('Origin',(-1.99999999999999,0.75,73.5));
#4787=CARTESIAN_POINT('Origin',(-1.99999999999999,2.64,73.5));
#4788=CARTESIAN_POINT('',(-1.99999999999999,1.6,72.05));
#4789=CARTESIAN_POINT('',(-1.99999999999999,2.64,72.05));
#4790=CARTESIAN_POINT('Origin',(-1.99999999999999,1.6,73.5));
#4791=CARTESIAN_POINT('Origin',(55.5,0.375,-1.00000000000042));
#4792=CARTESIAN_POINT('',(55.5,-6.93889390390723E-17,-3.20000000000042));
#4793=CARTESIAN_POINT('Origin',(55.5,0.,-1.00000000000042));
#4794=CARTESIAN_POINT('',(55.5,0.750000000000002,-2.45000000000042));
#4795=CARTESIAN_POINT('',(55.5,0.375,-2.82500000000042));
#4796=CARTESIAN_POINT('Origin',(55.5,0.75,-1.00000000000042));
#4797=CARTESIAN_POINT('Origin',(55.5,2.64,-1.00000000000042));
#4798=CARTESIAN_POINT('',(55.5,1.6,-2.45000000000042));
#4799=CARTESIAN_POINT('',(55.5,2.64,-2.45000000000042));
#4800=CARTESIAN_POINT('Origin',(55.5,1.6,-1.00000000000042));
#4801=CARTESIAN_POINT('Origin',(173.5,0.375,-1.00000000006728));
#4802=CARTESIAN_POINT('',(173.5,-6.93889390390723E-17,-3.20000000006728));
#4803=CARTESIAN_POINT('Origin',(173.5,0.,-1.00000000006728));
#4804=CARTESIAN_POINT('',(173.5,0.750000000000007,-2.45000000006727));
#4805=CARTESIAN_POINT('',(173.5,0.375,-2.82500000006728));
#4806=CARTESIAN_POINT('Origin',(173.5,0.75,-1.00000000006728));
#4807=CARTESIAN_POINT('Origin',(173.5,2.64,-1.00000000006728));
#4808=CARTESIAN_POINT('',(173.5,1.6,-2.45000000006728));
#4809=CARTESIAN_POINT('',(173.5,2.64,-2.45000000006728));
#4810=CARTESIAN_POINT('Origin',(173.5,1.6,-1.00000000006728));
#4811=CARTESIAN_POINT('Origin',(116.,0.375,-0.999999999999996));
#4812=CARTESIAN_POINT('',(116.,-7.21644966006352E-15,-3.2));
#4813=CARTESIAN_POINT('Origin',(116.,0.,-0.999999999999996));
#4814=CARTESIAN_POINT('',(116.,0.75,-2.45));
#4815=CARTESIAN_POINT('',(116.,0.375,-2.825));
#4816=CARTESIAN_POINT('Origin',(116.,0.75,-0.999999999999996));
#4817=CARTESIAN_POINT('Origin',(116.,2.64,-0.999999999999996));
#4818=CARTESIAN_POINT('',(116.,1.6,-2.45));
#4819=CARTESIAN_POINT('',(116.,2.64,-2.45));
#4820=CARTESIAN_POINT('Origin',(116.,1.6,-0.999999999999996));
#4821=CARTESIAN_POINT('Origin',(-1.99999999999999,0.375,-1.00000000000073));
#4822=CARTESIAN_POINT('',(-1.99999999999999,-6.93889390390723E-17,-3.20000000000073));
#4823=CARTESIAN_POINT('Origin',(-1.99999999999999,0.,-1.00000000000073));
#4824=CARTESIAN_POINT('',(-1.99999999999999,0.75,-2.45000000000073));
#4825=CARTESIAN_POINT('',(-1.99999999999999,0.375,-2.82500000000073));
#4826=CARTESIAN_POINT('Origin',(-1.99999999999999,0.75,-1.00000000000073));
#4827=CARTESIAN_POINT('Origin',(-1.99999999999999,2.64,-1.00000000000073));
#4828=CARTESIAN_POINT('',(-1.99999999999999,1.6,-2.45000000000073));
#4829=CARTESIAN_POINT('',(-1.99999999999999,2.64,-2.45000000000073));
#4830=CARTESIAN_POINT('Origin',(-1.99999999999999,1.6,-1.00000000000073));
#4831=CARTESIAN_POINT('Origin',(173.5,0.375,73.5));
#4832=CARTESIAN_POINT('',(173.5,1.11022302462516E-15,71.3));
#4833=CARTESIAN_POINT('Origin',(173.5,0.,73.5));
#4834=CARTESIAN_POINT('',(173.5,0.750000000000007,72.05));
#4835=CARTESIAN_POINT('',(173.5,0.375,71.675));
#4836=CARTESIAN_POINT('Origin',(173.5,0.75,73.5));
#4837=CARTESIAN_POINT('Origin',(173.5,2.64,73.5));
#4838=CARTESIAN_POINT('',(173.5,1.6,72.05));
#4839=CARTESIAN_POINT('',(173.5,2.64,72.05));
#4840=CARTESIAN_POINT('Origin',(173.5,1.6,73.5));
#4841=CARTESIAN_POINT('Origin',(95.5139886575367,1.6,-4.50000000000029));
#4842=CARTESIAN_POINT('',(96.6320226462859,3.1,-5.50000000000099));
#4843=CARTESIAN_POINT('',(95.5139886575367,3.1,-6.00000000000029));
#4844=CARTESIAN_POINT('Origin',(95.5139886575367,3.1,-4.50000000000029));
#4845=CARTESIAN_POINT('',(95.5139886575367,1.6,-6.00000000000029));
#4846=CARTESIAN_POINT('',(95.5139886575367,1.6,-6.00000000000029));
#4847=CARTESIAN_POINT('',(97.0139886575367,1.6,-4.49999999999969));
#4848=CARTESIAN_POINT('Origin',(95.5139886575367,1.6,-4.50000000000029));
#4849=CARTESIAN_POINT('',(97.0139886575367,4.8,-4.49999999999969));
#4850=CARTESIAN_POINT('',(97.0139886575367,1.6,-4.49999999999969));
#4851=CARTESIAN_POINT('',(96.6320226462859,4.8,-5.50000000000099));
#4852=CARTESIAN_POINT('Origin',(95.5139886575367,4.8,-4.50000000000029));
#4853=CARTESIAN_POINT('',(96.6320226462859,1.6,-5.50000000000099));
#4854=CARTESIAN_POINT('Origin',(97.0139886575371,1.6,-5.50000000000084));
#4855=CARTESIAN_POINT('',(97.0139886575355,1.6,-1.63600000000063));
#4856=CARTESIAN_POINT('',(97.0139886575287,1.6,15.3749999999837));
#4857=CARTESIAN_POINT('',(97.0139886575355,4.8,-1.63600000000063));
#4858=CARTESIAN_POINT('',(97.0139886575355,1.6,-1.63600000000063));
#4859=CARTESIAN_POINT('',(97.0139886575354,4.8,-1.47700000000068));
#4860=CARTESIAN_POINT('Origin',(8.7719886575313,4.8,54.0680000000006));
#4861=CARTESIAN_POINT('',(7.27198865753589,1.,54.068));
#4862=CARTESIAN_POINT('',(8.7719886575313,1.,55.5680000000006));
#4863=CARTESIAN_POINT('Origin',(8.7719886575313,1.,54.0680000000006));
#4864=CARTESIAN_POINT('',(7.27198865753588,3.2,54.068));
#4865=CARTESIAN_POINT('',(7.2719886575313,4.8,54.068));
#4866=CARTESIAN_POINT('',(8.7719886575313,3.2,55.5680000000006));
#4867=CARTESIAN_POINT('Origin',(8.7719886575313,3.2,54.0680000000006));
#4868=CARTESIAN_POINT('',(8.7719886575313,4.8,55.5680000000006));
#4869=CARTESIAN_POINT('Origin',(17.6779886575349,1.,46.5680000000006));
#4870=CARTESIAN_POINT('',(26.5839886575339,1.,55.5680000000007));
#4871=CARTESIAN_POINT('',(28.0839886575339,1.,55.5680000000007));
#4872=CARTESIAN_POINT('',(28.0839886575339,1.,54.0680000000007));
#4873=CARTESIAN_POINT('Origin',(26.5839886575339,1.,54.0680000000007));
#4874=CARTESIAN_POINT('',(28.0839886575339,1.,39.0680000000006));
#4875=CARTESIAN_POINT('',(28.0839886575339,1.,45.5680000000007));
#4876=CARTESIAN_POINT('',(26.5839886575339,1.,37.5680000000006));
#4877=CARTESIAN_POINT('Origin',(26.5839886575339,1.,39.0680000000006));
#4878=CARTESIAN_POINT('',(8.77198865753736,1.,37.5680000000006));
#4879=CARTESIAN_POINT('',(28.0839886575339,1.,37.5680000000006));
#4880=CARTESIAN_POINT('',(7.2719886575359,1.,39.068));
#4881=CARTESIAN_POINT('Origin',(8.77198865753736,1.,39.0680000000006));
#4882=CARTESIAN_POINT('',(7.27198865753589,1.,45.5680000000006));
#4883=CARTESIAN_POINT('Origin',(28.0839886575339,4.8,55.5680000000007));
#4884=CARTESIAN_POINT('',(26.5839886575339,3.2,55.5680000000007));
#4885=CARTESIAN_POINT('',(42.0579886575364,3.2,55.5680000000007));
#4886=CARTESIAN_POINT('',(26.5839886575339,4.8,55.5680000000007));
#4887=CARTESIAN_POINT('Origin',(26.5839886575339,4.8,54.0680000000007));
#4888=CARTESIAN_POINT('',(28.0839886575339,3.2,54.0680000000007));
#4889=CARTESIAN_POINT('Origin',(26.5839886575339,3.2,54.0680000000007));
#4890=CARTESIAN_POINT('',(28.0839886575339,4.8,54.0680000000007));
#4891=CARTESIAN_POINT('Origin',(77.8499886575349,3.2,-4.50000000000048));
#4892=CARTESIAN_POINT('',(77.8499886575349,1.2,-6.00000000000048));
#4893=CARTESIAN_POINT('',(76.3499886575349,1.2,-4.50000000000048));
#4894=CARTESIAN_POINT('Origin',(77.8499886575349,1.2,-4.50000000000048));
#4895=CARTESIAN_POINT('',(77.8499886575349,1.6,-6.00000000000048));
#4896=CARTESIAN_POINT('',(77.8499886575349,3.2,-6.00000000000048));
#4897=CARTESIAN_POINT('',(76.3499886575349,1.6,-4.50000000000048));
#4898=CARTESIAN_POINT('Origin',(77.8499886575349,1.6,-4.50000000000048));
#4899=CARTESIAN_POINT('',(76.3499886575349,3.2,-4.50000000000048));
#4900=CARTESIAN_POINT('Origin',(78.0749886575349,1.2,10.8500000000001));
#4901=CARTESIAN_POINT('',(76.3499886575349,1.2,19.0301444050699));
#4902=CARTESIAN_POINT('',(76.3499886575349,1.2,-4.99999999999942));
#4903=CARTESIAN_POINT('',(79.7500988552454,1.2,18.0699999999586));
#4904=CARTESIAN_POINT('Origin',(79.7499886575349,1.2,24.569999999998));
#4905=CARTESIAN_POINT('',(79.7999886575349,1.2,18.0699999999588));
#4906=CARTESIAN_POINT('',(78.9125437563762,1.2,18.0699999999553));
#4907=CARTESIAN_POINT('',(79.7999886575349,1.2,-4.50000000000048));
#4908=CARTESIAN_POINT('',(79.7999886575349,1.2,27.7000000000006));
#4909=CARTESIAN_POINT('',(78.2999886575349,1.2,-6.00000000000048));
#4910=CARTESIAN_POINT('Origin',(78.2999886575349,1.2,-4.50000000000048));
#4911=CARTESIAN_POINT('',(82.6499886575349,1.2,-6.00000000000043));
#4912=CARTESIAN_POINT('Origin',(76.3499886575349,4.8,26.2000000000006));
#4913=CARTESIAN_POINT('',(76.3499886575349,1.6,6.99999999999999));
#4914=CARTESIAN_POINT('',(76.3499886575349,1.6,31.2249999999822));
#4915=CARTESIAN_POINT('',(76.3499886575349,3.2,6.99999999999999));
#4916=CARTESIAN_POINT('',(76.3499886575349,3.2,6.99999999999999));
#4917=CARTESIAN_POINT('',(76.3499886575349,3.2,19.0301444050699));
#4918=CARTESIAN_POINT('',(76.3499886575349,3.2,29.2515000000006));
#4919=CARTESIAN_POINT('',(76.3499886575349,4.8,19.0301444050699));
#4920=CARTESIAN_POINT('Origin',(78.2999886575349,3.2,-4.50000000000048));
#4921=CARTESIAN_POINT('',(79.7999886575349,1.6,-4.50000000000048));
#4922=CARTESIAN_POINT('',(79.7999886575349,3.2,-4.50000000000048));
#4923=CARTESIAN_POINT('',(78.2999886575349,1.6,-6.00000000000048));
#4924=CARTESIAN_POINT('Origin',(78.2999886575349,1.6,-4.50000000000048));
#4925=CARTESIAN_POINT('',(78.2999886575349,3.2,-6.00000000000048));
#4926=CARTESIAN_POINT('Origin',(79.7999886575349,4.8,-5.99999999999942));
#4927=CARTESIAN_POINT('',(79.7999886575349,1.6,18.0699999999588));
#4928=CARTESIAN_POINT('',(79.7999886575349,4.8,18.0699999999588));
#4929=CARTESIAN_POINT('',(79.7999886575349,1.6,15.1249999999822));
#4930=CARTESIAN_POINT('Origin',(29.5839886575339,3.2,7.));
#4931=CARTESIAN_POINT('',(28.0839886575339,4.8,7.));
#4932=CARTESIAN_POINT('',(29.5839886575339,4.8,5.49999999999999));
#4933=CARTESIAN_POINT('Origin',(29.5839886575339,4.8,7.));
#4934=CARTESIAN_POINT('',(29.5839886575339,1.6,5.49999999999999));
#4935=CARTESIAN_POINT('',(29.5839886575339,3.2,5.49999999999999));
#4936=CARTESIAN_POINT('',(28.0839886575339,1.6,7.));
#4937=CARTESIAN_POINT('Origin',(29.5839886575339,1.6,7.));
#4938=CARTESIAN_POINT('',(28.0839886575339,3.2,7.));
#4939=CARTESIAN_POINT('Origin',(150.5,1.6,5.49999999999998));
#4940=CARTESIAN_POINT('',(64.1919886575364,4.8,5.49999999999999));
#4941=CARTESIAN_POINT('',(150.5,4.8,5.49999999999998));
#4942=CARTESIAN_POINT('',(64.1919886575364,3.2,5.49999999999999));
#4943=CARTESIAN_POINT('',(64.1919886575364,3.2,5.49999999999999));
#4944=CARTESIAN_POINT('',(74.8499886575349,3.2,5.49999999999999));
#4945=CARTESIAN_POINT('',(103.265994328769,3.2,5.49999999999998));
#4946=CARTESIAN_POINT('',(74.8499886575349,1.6,5.49999999999999));
#4947=CARTESIAN_POINT('',(74.8499886575349,3.2,5.49999999999999));
#4948=CARTESIAN_POINT('',(118.125000000001,1.6,5.49999999999998));
#4949=CARTESIAN_POINT('Origin',(85.7500000000001,4.8,40.75));
#4950=CARTESIAN_POINT('',(28.0839886575339,4.8,16.4739999999979));
#4951=CARTESIAN_POINT('',(28.0839886575339,4.8,23.125));
#4952=CARTESIAN_POINT('',(29.5839886575341,4.8,17.9739999999979));
#4953=CARTESIAN_POINT('Origin',(29.5839886575339,4.8,16.4739999999979));
#4954=CARTESIAN_POINT('',(64.9219891789331,4.8,17.9739999999932));
#4955=CARTESIAN_POINT('',(47.395994328766,4.8,17.9739999999955));
#4956=CARTESIAN_POINT('',(65.6919886575368,4.8,17.2040000000005));
#4957=CARTESIAN_POINT('Origin',(64.9219899818849,4.8,17.2040013243406));
#4958=CARTESIAN_POINT('',(65.6919886575364,4.8,7.0000000000002));
#4959=CARTESIAN_POINT('',(65.6919886575333,4.8,28.9769999999988));
#4960=CARTESIAN_POINT('Origin',(64.1919886575364,4.8,6.99999999999999));
#4961=CARTESIAN_POINT('Origin',(64.1919886575364,3.2,6.99999999999999));
#4962=CARTESIAN_POINT('',(65.6919886575364,3.2,7.0000000000002));
#4963=CARTESIAN_POINT('',(65.6919886575364,3.2,7.0000000000002));
#4964=CARTESIAN_POINT('Origin',(64.1919886575364,3.2,6.99999999999999));
#4965=CARTESIAN_POINT('Origin',(74.8499886575349,3.2,6.99999999999999));
#4966=CARTESIAN_POINT('Origin',(74.8499886575349,3.2,6.99999999999999));
#4967=CARTESIAN_POINT('Origin',(74.8499886575349,1.6,6.99999999999999));
#4968=CARTESIAN_POINT('Origin',(56.0319886575389,3.2,32.3030000000006));
#4969=CARTESIAN_POINT('',(65.6919886575368,3.2,17.2040000000005));
#4970=CARTESIAN_POINT('',(65.691988657538,3.2,-4.64000015068835));
#4971=CARTESIAN_POINT('',(64.9219891789331,3.2,17.9739999999932));
#4972=CARTESIAN_POINT('Origin',(64.9219899818849,3.2,17.2040013243406));
#4973=CARTESIAN_POINT('',(29.5839886575341,3.2,17.9739999999979));
#4974=CARTESIAN_POINT('',(64.9219891789331,3.2,17.9739999999932));
#4975=CARTESIAN_POINT('',(28.0839886575339,3.2,16.4739999999979));
#4976=CARTESIAN_POINT('Origin',(29.5839886575339,3.2,16.4739999999979));
#4977=CARTESIAN_POINT('',(28.0839886575339,3.2,18.9015000000003));
#4978=CARTESIAN_POINT('',(7.27198865753678,3.2,45.1440000000005));
#4979=CARTESIAN_POINT('',(7.27198865753589,3.2,43.9355000000006));
#4980=CARTESIAN_POINT('',(6.50198917893311,3.2,45.9139999999932));
#4981=CARTESIAN_POINT('Origin',(6.50198998188495,3.2,45.1440013243407));
#4982=CARTESIAN_POINT('',(5.2319886575319,3.2,45.9140000000006));
#4983=CARTESIAN_POINT('',(6.50198917893311,3.2,45.9139999999932));
#4984=CARTESIAN_POINT('',(3.46198865754516,3.2,47.6840005213988));
#4985=CARTESIAN_POINT('Origin',(5.23198733319489,3.2,47.6839986756507));
#4986=CARTESIAN_POINT('',(3.4619886575349,3.2,57.3360000000003));
#4987=CARTESIAN_POINT('',(3.46198865754516,3.2,47.6840005213988));
#4988=CARTESIAN_POINT('',(5.23198917892918,3.2,59.1060000000004));
#4989=CARTESIAN_POINT('Origin',(5.23198733319489,3.2,57.3360013243407));
#4990=CARTESIAN_POINT('',(106.831988657535,3.2,59.1060000000007));
#4991=CARTESIAN_POINT('',(5.23198917892918,3.2,59.1060000000004));
#4992=CARTESIAN_POINT('',(108.601988657543,3.2,57.3359994786064));
#4993=CARTESIAN_POINT('Origin',(106.831989981883,3.2,57.3360013243407));
#4994=CARTESIAN_POINT('',(108.601988416264,3.2,43.9760000270903));
#4995=CARTESIAN_POINT('',(108.601988657543,3.2,57.3359994786064));
#4996=CARTESIAN_POINT('',(110.101988416264,3.2,42.4760000000006));
#4997=CARTESIAN_POINT('Origin',(110.101988416264,3.2,43.9760000000006));
#4998=CARTESIAN_POINT('',(104.267988657535,3.2,42.4760000000006));
#4999=CARTESIAN_POINT('',(99.399988657537,3.2,42.4760000000006));
#5000=CARTESIAN_POINT('',(102.767988657535,3.2,40.9760000000006));
#5001=CARTESIAN_POINT('Origin',(104.267988657535,3.2,40.9760000000006));
#5002=CARTESIAN_POINT('',(102.767988657535,3.2,27.9760000000006));
#5003=CARTESIAN_POINT('',(102.767988657535,3.2,37.3895000000006));
#5004=CARTESIAN_POINT('',(104.267988657535,3.2,26.4760000000006));
#5005=CARTESIAN_POINT('Origin',(104.267988657535,3.2,27.9760000000006));
#5006=CARTESIAN_POINT('',(110.101988073127,3.2,26.4760000000006));
#5007=CARTESIAN_POINT('',(79.399988657537,3.2,26.4760000000006));
#5008=CARTESIAN_POINT('',(108.601988073127,3.2,24.9760000270903));
#5009=CARTESIAN_POINT('Origin',(110.101988073127,3.2,24.9760000000006));
#5010=CARTESIAN_POINT('',(108.601987748484,3.2,7.0000000270897));
#5011=CARTESIAN_POINT('',(108.601988657543,3.2,57.3359994786064));
#5012=CARTESIAN_POINT('',(110.101987748484,3.2,5.49999999999999));
#5013=CARTESIAN_POINT('Origin',(110.101987748484,3.2,6.99999999999999));
#5014=CARTESIAN_POINT('',(96.6499886575349,3.2,5.49999999999999));
#5015=CARTESIAN_POINT('',(103.265994328769,3.2,5.49999999999998));
#5016=CARTESIAN_POINT('',(95.1499886575349,3.2,6.99999999999999));
#5017=CARTESIAN_POINT('Origin',(96.6499886575349,3.2,6.99999999999999));
#5018=CARTESIAN_POINT('',(95.1499886575349,3.2,19.0301444061443));
#5019=CARTESIAN_POINT('',(95.1499886575349,3.2,18.9015000000003));
#5020=CARTESIAN_POINT('',(91.7499909820984,3.2,31.0700000000418));
#5021=CARTESIAN_POINT('Origin',(91.7499886575609,3.2,24.569999999998));
#5022=CARTESIAN_POINT('',(79.749964346678,3.2,31.0699999999725));
#5023=CARTESIAN_POINT('',(73.8909898198222,3.2,31.0699999999386));
#5024=CARTESIAN_POINT('Origin',(79.7499886575349,3.2,24.569999999998));
#5025=CARTESIAN_POINT('',(66.4919886575349,3.2,49.5020000000007));
#5026=CARTESIAN_POINT('',(66.4919886575349,3.2,54.5020000000006));
#5027=CARTESIAN_POINT('',(66.4919886575349,3.2,40.1525000000006));
#5028=CARTESIAN_POINT('',(64.9919886575349,3.2,56.0020000000007));
#5029=CARTESIAN_POINT('Origin',(64.9919886575349,3.2,54.5020000000006));
#5030=CARTESIAN_POINT('',(41.9919886575349,3.2,56.0020000000007));
#5031=CARTESIAN_POINT('',(61.2619886575369,3.2,56.0020000000007));
#5032=CARTESIAN_POINT('',(40.4919886575349,3.2,54.5020000000007));
#5033=CARTESIAN_POINT('Origin',(41.9919886575349,3.2,54.5020000000007));
#5034=CARTESIAN_POINT('',(40.4919886575349,3.2,49.5020000000007));
#5035=CARTESIAN_POINT('',(40.4919886575349,3.2,44.1525000000006));
#5036=CARTESIAN_POINT('',(41.9919886575349,3.2,48.0020000000007));
#5037=CARTESIAN_POINT('Origin',(41.9919886575349,3.2,49.5020000000007));
#5038=CARTESIAN_POINT('',(64.9919886575349,3.2,48.0020000000007));
#5039=CARTESIAN_POINT('',(48.2619886575369,3.2,48.0020000000007));
#5040=CARTESIAN_POINT('Origin',(64.9919886575349,3.2,49.5020000000007));
#5041=CARTESIAN_POINT('Origin',(96.6499886575349,3.2,6.99999999999999));
#5042=CARTESIAN_POINT('',(96.6499886575349,1.6,5.49999999999999));
#5043=CARTESIAN_POINT('',(96.6499886575349,3.2,5.49999999999999));
#5044=CARTESIAN_POINT('',(95.1499886575349,1.6,6.99999999999999));
#5045=CARTESIAN_POINT('Origin',(96.6499886575349,1.6,6.99999999999999));
#5046=CARTESIAN_POINT('',(95.1499886575349,3.2,6.99999999999999));
#5047=CARTESIAN_POINT('Origin',(95.1499886575349,4.8,5.49999999999999));
#5048=CARTESIAN_POINT('',(95.1499886575349,1.6,-4.50000000000031));
#5049=CARTESIAN_POINT('',(95.1499886575349,1.6,15.1250000670371));
#5050=CARTESIAN_POINT('',(95.1499886575349,1.2,-4.50000000000031));
#5051=CARTESIAN_POINT('',(95.1499886575349,3.2,-4.50000000000031));
#5052=CARTESIAN_POINT('',(95.1499886575349,1.2,19.0301444061443));
#5053=CARTESIAN_POINT('',(95.1499886575349,1.2,26.2000000000006));
#5054=CARTESIAN_POINT('',(95.1499886575349,4.8,19.0301444061443));
#5055=CARTESIAN_POINT('Origin',(2.64788806293286,3.2,44.75));
#5056=CARTESIAN_POINT('',(1.14907305961119,4.8,44.8096119603594));
#5057=CARTESIAN_POINT('',(2.64788806293285,4.8,43.25));
#5058=CARTESIAN_POINT('Origin',(2.64788806293286,4.8,44.75));
#5059=CARTESIAN_POINT('',(2.64788806293286,1.6,43.25));
#5060=CARTESIAN_POINT('',(2.64788806293285,3.2,43.25));
#5061=CARTESIAN_POINT('',(1.14907305961119,1.6,44.8096119603594));
#5062=CARTESIAN_POINT('Origin',(2.64788806293286,1.6,44.75));
#5063=CARTESIAN_POINT('',(1.14907305961119,3.2,44.8096119603594));
#5064=CARTESIAN_POINT('Origin',(0.500000000000071,1.6,28.4900607472796));
#5065=CARTESIAN_POINT('',(2.25001318686047,1.6,72.490392302627));
#5066=CARTESIAN_POINT('',(0.721393959054168,1.6,34.0565374320685));
#5067=CARTESIAN_POINT('',(2.25001318686047,4.8,72.490392302627));
#5068=CARTESIAN_POINT('',(2.25001318686047,1.6,72.490392302627));
#5069=CARTESIAN_POINT('',(0.500000000000071,4.8,28.4900607472796));
#5070=CARTESIAN_POINT('Origin',(5.77198865753507,4.8,44.75));
#5071=CARTESIAN_POINT('',(5.77198865753506,4.8,43.25));
#5072=CARTESIAN_POINT('',(7.27198865753507,4.8,44.7500000000006));
#5073=CARTESIAN_POINT('Origin',(5.77198865753507,4.8,44.75));
#5074=CARTESIAN_POINT('',(7.27198865753507,1.6,44.7500000000006));
#5075=CARTESIAN_POINT('',(7.27198865753507,4.8,44.7500000000006));
#5076=CARTESIAN_POINT('',(5.77198865753506,1.6,43.25));
#5077=CARTESIAN_POINT('Origin',(5.77198865753507,1.6,44.75));
#5078=CARTESIAN_POINT('',(5.77198865753506,4.8,43.25));
#5079=CARTESIAN_POINT('Origin',(7.99999351593385,4.8,43.25));
#5080=CARTESIAN_POINT('',(46.874996757967,4.8,43.2499999999999));
#5081=CARTESIAN_POINT('',(46.874996757967,1.6,43.2499999999999));
#5082=CARTESIAN_POINT('Origin',(26.5839886575339,4.8,39.0680000000006));
#5083=CARTESIAN_POINT('',(28.0839886575339,1.6,39.0680000000006));
#5084=CARTESIAN_POINT('',(28.0839886575339,4.8,39.0680000000006));
#5085=CARTESIAN_POINT('',(26.5839886575339,1.6,37.5680000000006));
#5086=CARTESIAN_POINT('Origin',(26.5839886575339,1.6,39.0680000000006));
#5087=CARTESIAN_POINT('',(26.5839886575339,4.8,37.5680000000006));
#5088=CARTESIAN_POINT('Origin',(7.2719886575359,4.8,37.5680000000006));
#5089=CARTESIAN_POINT('',(8.77198865753736,1.6,37.5680000000006));
#5090=CARTESIAN_POINT('',(11.2194914931515,1.6,37.5680000000006));
#5091=CARTESIAN_POINT('',(8.77198865753736,4.8,37.5680000000006));
#5092=CARTESIAN_POINT('Origin',(8.77198865753736,4.8,39.0680000000006));
#5093=CARTESIAN_POINT('',(7.2719886575359,1.6,39.068));
#5094=CARTESIAN_POINT('Origin',(8.77198865753736,1.6,39.0680000000006));
#5095=CARTESIAN_POINT('',(7.27198865753737,4.8,39.068));
#5096=CARTESIAN_POINT('Origin',(7.27198865753491,4.8,45.1440000000005));
#5097=CARTESIAN_POINT('',(7.2719886575359,1.6,45.9089999999822));
#5098=CARTESIAN_POINT('',(7.27198865753678,4.8,45.1440000000005));
#5099=CARTESIAN_POINT('',(7.2719886575358,4.8,42.9469999999844));
#5100=CARTESIAN_POINT('',(7.27198865753678,4.8,45.1440000000005));
#5101=CARTESIAN_POINT('Origin',(29.5839886575339,4.8,16.4739999999979));
#5102=CARTESIAN_POINT('',(28.0839886575339,4.8,16.4739999999979));
#5103=CARTESIAN_POINT('',(29.5839886575341,4.8,17.9739999999979));
#5104=CARTESIAN_POINT('Origin',(9.04198865753486,4.8,17.9740000000006));
#5105=CARTESIAN_POINT('',(64.9219891789331,4.8,17.9739999999932));
#5106=CARTESIAN_POINT('Origin',(168.852111937067,3.2,44.75));
#5107=CARTESIAN_POINT('',(168.852111937067,4.8,43.25));
#5108=CARTESIAN_POINT('',(170.350926940389,4.8,44.8096119603594));
#5109=CARTESIAN_POINT('Origin',(168.852111937067,4.8,44.75));
#5110=CARTESIAN_POINT('',(170.350926940389,1.6,44.8096119603594));
#5111=CARTESIAN_POINT('',(170.350926940389,3.2,44.8096119603594));
#5112=CARTESIAN_POINT('',(168.852111937067,1.6,43.25));
#5113=CARTESIAN_POINT('Origin',(168.852111937067,1.6,44.75));
#5114=CARTESIAN_POINT('',(168.852111937067,3.2,43.25));
#5115=CARTESIAN_POINT('Origin',(169.24998681314,1.6,72.4903923026268));
#5116=CARTESIAN_POINT('',(169.24998681314,4.8,72.4903923026268));
#5117=CARTESIAN_POINT('',(169.24998681314,4.8,72.4903923026268));
#5118=CARTESIAN_POINT('',(169.24998681314,1.6,72.4903923026268));
#5119=CARTESIAN_POINT('',(169.24998681314,1.6,72.4903923026268));
#5120=CARTESIAN_POINT('',(169.903599447516,1.6,56.056703209742));
#5121=CARTESIAN_POINT('Origin',(85.7500000000001,4.8,40.75));
#5122=CARTESIAN_POINT('',(5.75000000000006,4.8,76.));
#5123=CARTESIAN_POINT('Origin',(5.75000000000006,4.8,72.5));
#5124=CARTESIAN_POINT('',(59.7500000000001,4.8,76.));
#5125=CARTESIAN_POINT('',(5.75000000000006,4.8,76.));
#5126=CARTESIAN_POINT('',(61.2500000000001,4.8,74.5));
#5127=CARTESIAN_POINT('Origin',(59.7500000000001,4.8,74.5));
#5128=CARTESIAN_POINT('',(61.2500000000001,4.8,73.5000000000004));
#5129=CARTESIAN_POINT('',(61.2500000000001,4.8,76.));
#5130=CARTESIAN_POINT('',(62.7500000000001,4.8,72.0000000000004));
#5131=CARTESIAN_POINT('Origin',(62.7500000000001,4.8,73.5000000000004));
#5132=CARTESIAN_POINT('',(108.75,4.8,71.9999999999996));
#5133=CARTESIAN_POINT('',(110.25,4.8,71.9999999999996));
#5134=CARTESIAN_POINT('',(110.25,4.8,73.4999999999995));
#5135=CARTESIAN_POINT('Origin',(108.75,4.8,73.4999999999996));
#5136=CARTESIAN_POINT('',(110.25,4.8,74.5000000000001));
#5137=CARTESIAN_POINT('',(110.25,4.8,76.));
#5138=CARTESIAN_POINT('',(111.75,4.8,76.));
#5139=CARTESIAN_POINT('Origin',(111.75,4.8,74.5));
#5140=CARTESIAN_POINT('',(165.75,4.8,76.));
#5141=CARTESIAN_POINT('',(110.25,4.8,76.));
#5142=CARTESIAN_POINT('Origin',(165.75,4.8,72.5));
#5143=CARTESIAN_POINT('',(165.,4.8,43.25));
#5144=CARTESIAN_POINT('',(128.08147848077,4.8,43.25));
#5145=CARTESIAN_POINT('',(163.5,4.8,41.75));
#5146=CARTESIAN_POINT('Origin',(165.,4.8,41.75));
#5147=CARTESIAN_POINT('',(163.5,4.8,34.75));
#5148=CARTESIAN_POINT('',(163.5,4.8,42.));
#5149=CARTESIAN_POINT('',(165.,4.8,33.25));
#5150=CARTESIAN_POINT('Origin',(165.,4.8,34.75));
#5151=CARTESIAN_POINT('',(167.75,4.8,33.25));
#5152=CARTESIAN_POINT('',(124.625,4.8,33.25));
#5153=CARTESIAN_POINT('',(169.25,4.8,31.75));
#5154=CARTESIAN_POINT('Origin',(167.75,4.8,31.75));
#5155=CARTESIAN_POINT('',(169.25,4.8,17.));
#5156=CARTESIAN_POINT('',(169.25,4.8,37.));
#5157=CARTESIAN_POINT('',(167.75,4.8,15.5));
#5158=CARTESIAN_POINT('Origin',(167.75,4.8,17.));
#5159=CARTESIAN_POINT('',(152.,4.8,15.5));
#5160=CARTESIAN_POINT('',(150.5,4.8,15.5));
#5161=CARTESIAN_POINT('',(150.5,4.8,14.));
#5162=CARTESIAN_POINT('Origin',(152.,4.8,14.));
#5163=CARTESIAN_POINT('',(150.5,4.8,6.99999999999998));
#5164=CARTESIAN_POINT('',(150.5,4.8,5.49999999999998));
#5165=CARTESIAN_POINT('',(149.,4.8,5.49999999999998));
#5166=CARTESIAN_POINT('Origin',(149.,4.8,6.99999999999998));
#5167=CARTESIAN_POINT('',(110.101987748484,4.8,5.49999999999999));
#5168=CARTESIAN_POINT('',(150.5,4.8,5.49999999999998));
#5169=CARTESIAN_POINT('',(108.601987748484,4.8,7.0000000270897));
#5170=CARTESIAN_POINT('Origin',(110.101987748484,4.8,6.99999999999999));
#5171=CARTESIAN_POINT('',(108.601988073127,4.8,24.9760000270903));
#5172=CARTESIAN_POINT('',(108.601988039699,4.8,23.1249997936487));
#5173=CARTESIAN_POINT('',(110.101988073127,4.8,26.4760000000006));
#5174=CARTESIAN_POINT('Origin',(110.101988073127,4.8,24.9760000000006));
#5175=CARTESIAN_POINT('',(141.267988657535,4.8,26.4760000000006));
#5176=CARTESIAN_POINT('',(94.2589943287676,4.8,26.4760000000006));
#5177=CARTESIAN_POINT('',(142.767988657535,4.8,27.9760000000006));
#5178=CARTESIAN_POINT('Origin',(141.267988657535,4.8,27.9760000000006));
#5179=CARTESIAN_POINT('',(142.767988657535,4.8,40.9760000000006));
#5180=CARTESIAN_POINT('',(142.767988657535,4.8,33.6130000000003));
#5181=CARTESIAN_POINT('',(141.267988657535,4.8,42.4760000000006));
#5182=CARTESIAN_POINT('Origin',(141.267988657535,4.8,40.9760000000006));
#5183=CARTESIAN_POINT('',(110.101988416264,4.8,42.4760000000006));
#5184=CARTESIAN_POINT('',(114.258994328768,4.8,42.4760000000006));
#5185=CARTESIAN_POINT('',(108.601988416264,4.8,43.9760000270903));
#5186=CARTESIAN_POINT('Origin',(110.101988416264,4.8,43.9760000000006));
#5187=CARTESIAN_POINT('',(108.601988657543,4.8,57.3359994786064));
#5188=CARTESIAN_POINT('',(108.601988039699,4.8,23.1249997936487));
#5189=CARTESIAN_POINT('',(106.831988657535,4.8,59.1060000000007));
#5190=CARTESIAN_POINT('Origin',(106.831989981883,4.8,57.3360013243407));
#5191=CARTESIAN_POINT('',(5.23198917892918,4.8,59.1060000000004));
#5192=CARTESIAN_POINT('',(96.2909943287675,4.8,59.1060000000006));
#5193=CARTESIAN_POINT('',(3.4619886575349,4.8,57.3360000000003));
#5194=CARTESIAN_POINT('Origin',(5.23198733319489,4.8,57.3360013243407));
#5195=CARTESIAN_POINT('',(3.46198865754516,4.8,47.6840005213988));
#5196=CARTESIAN_POINT('',(3.46198865754371,4.8,49.0429999999564));
#5197=CARTESIAN_POINT('',(5.2319886575319,4.8,45.9140000000006));
#5198=CARTESIAN_POINT('Origin',(5.23198733319489,4.8,47.6839986756507));
#5199=CARTESIAN_POINT('',(6.50198917893311,4.8,45.9139999999932));
#5200=CARTESIAN_POINT('',(45.4909943287811,4.8,45.9139999997656));
#5201=CARTESIAN_POINT('Origin',(6.50198998188495,4.8,45.1440013243407));
#5202=CARTESIAN_POINT('Origin',(165.,4.8,41.75));
#5203=CARTESIAN_POINT('',(163.5,1.6,41.75));
#5204=CARTESIAN_POINT('',(165.,1.6,43.25));
#5205=CARTESIAN_POINT('Origin',(165.,1.6,41.75));
#5206=CARTESIAN_POINT('',(163.5,4.8,41.75));
#5207=CARTESIAN_POINT('',(165.,4.8,43.25));
#5208=CARTESIAN_POINT('Origin',(163.5,4.8,43.25));
#5209=CARTESIAN_POINT('',(163.5,1.6,34.75));
#5210=CARTESIAN_POINT('',(163.5,1.6,39.1875));
#5211=CARTESIAN_POINT('',(163.5,4.8,34.75));
#5212=CARTESIAN_POINT('Origin',(64.9919886575349,4.8,54.5020000000006));
#5213=CARTESIAN_POINT('',(64.9919886575349,1.6,56.0020000000007));
#5214=CARTESIAN_POINT('',(66.4919886575349,1.6,54.5020000000006));
#5215=CARTESIAN_POINT('Origin',(64.9919886575349,1.6,54.5020000000006));
#5216=CARTESIAN_POINT('',(64.9919886575349,4.8,56.0020000000007));
#5217=CARTESIAN_POINT('',(66.4919886575349,4.8,54.5020000000006));
#5218=CARTESIAN_POINT('Origin',(66.4919886575349,4.8,56.0020000000007));
#5219=CARTESIAN_POINT('',(41.9919886575349,1.6,56.0020000000007));
#5220=CARTESIAN_POINT('',(66.4919886575349,1.6,56.0020000000007));
#5221=CARTESIAN_POINT('',(41.9919886575349,4.8,56.0020000000007));
#5222=CARTESIAN_POINT('Origin',(41.9919886575349,4.8,54.5020000000007));
#5223=CARTESIAN_POINT('',(40.4919886575349,1.6,54.5020000000007));
#5224=CARTESIAN_POINT('Origin',(41.9919886575349,1.6,54.5020000000007));
#5225=CARTESIAN_POINT('',(40.4919886575349,4.8,54.5020000000007));
#5226=CARTESIAN_POINT('Origin',(40.4919886575349,4.8,56.0020000000007));
#5227=CARTESIAN_POINT('',(40.4919886575349,1.6,49.5020000000007));
#5228=CARTESIAN_POINT('',(40.4919886575349,1.6,56.0020000000007));
#5229=CARTESIAN_POINT('',(40.4919886575349,4.8,49.5020000000007));
#5230=CARTESIAN_POINT('Origin',(41.9919886575349,4.8,49.5020000000007));
#5231=CARTESIAN_POINT('',(41.9919886575349,1.6,48.0020000000007));
#5232=CARTESIAN_POINT('Origin',(41.9919886575349,1.6,49.5020000000007));
#5233=CARTESIAN_POINT('',(41.9919886575349,4.8,48.0020000000007));
#5234=CARTESIAN_POINT('Origin',(40.4919886575349,4.8,48.0020000000007));
#5235=CARTESIAN_POINT('',(64.9919886575349,1.6,48.0020000000007));
#5236=CARTESIAN_POINT('',(40.4919886575349,1.6,48.0020000000007));
#5237=CARTESIAN_POINT('',(64.9919886575349,4.8,48.0020000000007));
#5238=CARTESIAN_POINT('Origin',(64.9919886575349,4.8,49.5020000000007));
#5239=CARTESIAN_POINT('',(66.4919886575349,1.6,49.5020000000007));
#5240=CARTESIAN_POINT('Origin',(64.9919886575349,1.6,49.5020000000007));
#5241=CARTESIAN_POINT('',(66.4919886575349,4.8,49.5020000000007));
#5242=CARTESIAN_POINT('Origin',(53.4919886575349,1.6,52.0020000000007));
#5243=CARTESIAN_POINT('',(66.4919886575349,1.6,48.0020000000007));
#5244=CARTESIAN_POINT('Origin',(59.7500000000001,1.6,74.5));
#5245=CARTESIAN_POINT('',(59.7500000000001,1.6,76.));
#5246=CARTESIAN_POINT('',(59.7500000000001,1.6,76.));
#5247=CARTESIAN_POINT('',(61.2500000000001,1.6,74.5));
#5248=CARTESIAN_POINT('Origin',(59.7500000000001,1.6,74.5));
#5249=CARTESIAN_POINT('',(61.2500000000001,1.6,74.5));
#5250=CARTESIAN_POINT('Origin',(5.75000000000006,1.6,76.));
#5251=CARTESIAN_POINT('',(5.75000000000006,1.6,76.));
#5252=CARTESIAN_POINT('',(5.75000000000006,1.6,76.));
#5253=CARTESIAN_POINT('',(45.750000000001,1.6,76.));
#5254=CARTESIAN_POINT('Origin',(62.7500000000001,1.6,73.5000000000004));
#5255=CARTESIAN_POINT('',(62.7500000000001,1.6,72.0000000000004));
#5256=CARTESIAN_POINT('',(61.2500000000001,1.6,73.5000000000004));
#5257=CARTESIAN_POINT('Origin',(62.7500000000001,1.6,73.5000000000004));
#5258=CARTESIAN_POINT('',(62.7500000000001,1.6,72.0000000000004));
#5259=CARTESIAN_POINT('',(61.2500000000001,1.6,73.5000000000004));
#5260=CARTESIAN_POINT('Origin',(61.2500000000001,1.6,72.0000000000004));
#5261=CARTESIAN_POINT('',(108.75,1.6,71.9999999999996));
#5262=CARTESIAN_POINT('',(73.5000000000013,1.6,72.0000000000002));
#5263=CARTESIAN_POINT('',(108.75,1.6,71.9999999999996));
#5264=CARTESIAN_POINT('Origin',(111.75,1.6,74.5));
#5265=CARTESIAN_POINT('',(110.25,1.6,74.5000000000001));
#5266=CARTESIAN_POINT('',(110.25,1.6,74.5000000000001));
#5267=CARTESIAN_POINT('',(111.75,1.6,76.));
#5268=CARTESIAN_POINT('Origin',(111.75,1.6,74.5));
#5269=CARTESIAN_POINT('',(111.75,1.6,76.));
#5270=CARTESIAN_POINT('Origin',(110.25,1.6,76.));
#5271=CARTESIAN_POINT('',(165.75,1.6,76.));
#5272=CARTESIAN_POINT('',(98.000000000001,1.6,76.));
#5273=CARTESIAN_POINT('',(165.75,1.6,76.));
#5274=CARTESIAN_POINT('Origin',(108.75,1.6,73.4999999999996));
#5275=CARTESIAN_POINT('',(110.25,1.6,73.4999999999995));
#5276=CARTESIAN_POINT('Origin',(108.75,1.6,73.4999999999996));
#5277=CARTESIAN_POINT('',(110.25,1.6,73.4999999999995));
#5278=CARTESIAN_POINT('Origin',(110.25,1.6,71.9999999999996));
#5279=CARTESIAN_POINT('',(110.249999999999,1.6,54.1249999999812));
#5280=CARTESIAN_POINT('Origin',(93.6499886575349,3.2,-4.50000000000031));
#5281=CARTESIAN_POINT('',(93.6499886575349,1.2,-6.00000000000138));
#5282=CARTESIAN_POINT('Origin',(93.6499886575349,1.2,-4.50000000000031));
#5283=CARTESIAN_POINT('',(93.6499886575349,1.6,-6.00000000000031));
#5284=CARTESIAN_POINT('Origin',(93.6499886575349,1.6,-4.50000000000031));
#5285=CARTESIAN_POINT('',(93.6499886575349,3.2,-6.00000000000031));
#5286=CARTESIAN_POINT('Origin',(104.513988657537,1.6,-4.5000000000002));
#5287=CARTESIAN_POINT('',(105.632022646289,3.1,-5.49999999999737));
#5288=CARTESIAN_POINT('',(104.513988657537,3.1,-6.0000000000002));
#5289=CARTESIAN_POINT('Origin',(104.513988657537,3.1,-4.5000000000002));
#5290=CARTESIAN_POINT('',(104.513988657537,1.6,-6.0000000000002));
#5291=CARTESIAN_POINT('',(104.513988657537,1.6,-6.0000000000002));
#5292=CARTESIAN_POINT('',(106.013988657537,1.6,-4.49999999999961));
#5293=CARTESIAN_POINT('Origin',(104.513988657537,1.6,-4.5000000000002));
#5294=CARTESIAN_POINT('',(106.013988657537,4.8,-4.49999999999961));
#5295=CARTESIAN_POINT('',(106.013988657537,1.6,-4.49999999999961));
#5296=CARTESIAN_POINT('',(105.632022646289,4.8,-5.49999999999737));
#5297=CARTESIAN_POINT('Origin',(104.513988657537,4.8,-4.5000000000002));
#5298=CARTESIAN_POINT('',(105.632022646289,1.6,-5.49999999999737));
#5299=CARTESIAN_POINT('Origin',(106.013988657537,1.6,-5.49999999999722));
#5300=CARTESIAN_POINT('',(106.013988657535,1.6,-0.135999999997016));
#5301=CARTESIAN_POINT('',(106.013988657529,1.6,15.3749999999873));
#5302=CARTESIAN_POINT('',(106.013988657535,4.8,-0.135999999997016));
#5303=CARTESIAN_POINT('',(106.013988657535,1.6,-0.135999999997016));
#5304=CARTESIAN_POINT('',(106.013988657535,4.8,-1.47699999999708));
#5305=CARTESIAN_POINT('Origin',(100.513988657537,1.6,-4.50000000000024));
#5306=CARTESIAN_POINT('',(100.513988657537,1.6,-6.00000000000024));
#5307=CARTESIAN_POINT('',(99.0139886575367,1.6,-4.50000000000085));
#5308=CARTESIAN_POINT('Origin',(100.513988657537,1.6,-4.50000000000024));
#5309=CARTESIAN_POINT('',(100.513988657537,3.1,-6.00000000000024));
#5310=CARTESIAN_POINT('',(100.513988657537,1.6,-6.00000000000024));
#5311=CARTESIAN_POINT('',(99.3959546687865,3.1,-5.49999999999988));
#5312=CARTESIAN_POINT('Origin',(100.513988657537,3.1,-4.50000000000024));
#5313=CARTESIAN_POINT('',(99.3959546687865,4.8,-5.49999999999988));
#5314=CARTESIAN_POINT('',(99.3959546687865,1.6,-5.49999999999988));
#5315=CARTESIAN_POINT('',(99.0139886575367,4.8,-4.50000000000085));
#5316=CARTESIAN_POINT('Origin',(100.513988657537,4.8,-4.50000000000024));
#5317=CARTESIAN_POINT('',(99.0139886575367,1.6,-4.50000000000085));
#5318=CARTESIAN_POINT('Origin',(90.2999886575349,1.6,-6.00000000000035));
#5319=CARTESIAN_POINT('',(102.513988657537,1.6,-6.00000000000022));
#5320=CARTESIAN_POINT('',(88.0249943287687,1.6,-6.00000000000037));
#5321=CARTESIAN_POINT('',(100.91711671527,3.1,-6.00000000000024));
#5322=CARTESIAN_POINT('Origin',(102.513988657537,3.19999999999982,-6.00000000000035));
#5323=CARTESIAN_POINT('',(-2.,3.1,-6.00000000000134));
#5324=CARTESIAN_POINT('Origin',(93.0899886575349,3.2,-4.50000000000032));
#5325=CARTESIAN_POINT('',(93.0899886575349,1.2,-6.00000000000126));
#5326=CARTESIAN_POINT('',(91.5899886575349,1.2,-4.50000000000032));
#5327=CARTESIAN_POINT('Origin',(93.0899886575349,1.2,-4.50000000000032));
#5328=CARTESIAN_POINT('',(93.0899886575349,1.6,-6.00000000000032));
#5329=CARTESIAN_POINT('',(93.0899886575349,3.2,-6.00000000000032));
#5330=CARTESIAN_POINT('',(91.5899886575349,1.6,-4.50000000000032));
#5331=CARTESIAN_POINT('Origin',(93.0899886575349,1.6,-4.50000000000032));
#5332=CARTESIAN_POINT('',(91.5899886575349,3.2,-4.50000000000032));
#5333=CARTESIAN_POINT('Origin',(93.3699886575349,1.2,10.8499999999995));
#5334=CARTESIAN_POINT('',(173.49997731507,1.2,-6.00000000001823));
#5335=CARTESIAN_POINT('',(91.5899886575349,1.2,18.0700000000045));
#5336=CARTESIAN_POINT('',(91.5899886575349,1.2,27.7000000000006));
#5337=CARTESIAN_POINT('',(91.7500145119549,1.2,18.0700000000052));
#5338=CARTESIAN_POINT('',(86.5600437563762,1.2,18.069999999985));
#5339=CARTESIAN_POINT('Origin',(91.7499886575609,1.2,24.569999999998));
#5340=CARTESIAN_POINT('Origin',(91.5899886575349,4.8,27.7000000000006));
#5341=CARTESIAN_POINT('',(91.5899886575349,1.6,18.0700000000045));
#5342=CARTESIAN_POINT('',(91.5899886575349,1.6,31.9749999999822));
#5343=CARTESIAN_POINT('',(91.5899886575349,4.8,18.0700000000045));
#5344=CARTESIAN_POINT('Origin',(98.5139886575355,1.6,-1.63600000000003));
#5345=CARTESIAN_POINT('',(98.5139886575349,4.8,-0.13600000000003));
#5346=CARTESIAN_POINT('Origin',(98.5139886575355,4.8,-1.63600000000003));
#5347=CARTESIAN_POINT('',(98.5139886575349,1.6,-0.136000000000031));
#5348=CARTESIAN_POINT('Origin',(98.5139886575355,1.6,-1.63600000000003));
#5349=CARTESIAN_POINT('',(98.5139886575349,1.6,-0.13600000000003));
#5350=CARTESIAN_POINT('Origin',(102.513988657536,4.8,-2.81799999999852));
#5351=CARTESIAN_POINT('',(99.0139886575349,4.8,-0.135999999999831));
#5352=CARTESIAN_POINT('',(100.763988657535,4.8,-0.135999999999131));
#5353=CARTESIAN_POINT('',(99.0139886575365,4.8,-4.15899999999999));
#5354=CARTESIAN_POINT('',(100.763988657537,4.8,-5.49999999999933));
#5355=CARTESIAN_POINT('Origin',(97.0139886575349,1.6,-0.13600000000063));
#5356=CARTESIAN_POINT('',(99.0139886575349,1.6,-0.135999999999831));
#5357=CARTESIAN_POINT('',(91.3819943287757,1.6,-0.13600000000288));
#5358=CARTESIAN_POINT('',(99.0139886575349,1.6,-0.135999999999831));
#5359=CARTESIAN_POINT('Origin',(106.513988657535,1.6,-1.63599999999681));
#5360=CARTESIAN_POINT('',(108.013988657535,4.8,-1.63599999999623));
#5361=CARTESIAN_POINT('',(106.513988657535,4.8,-0.135999999996815));
#5362=CARTESIAN_POINT('Origin',(106.513988657535,4.8,-1.63599999999681));
#5363=CARTESIAN_POINT('',(106.513988657535,1.6,-0.135999999996814));
#5364=CARTESIAN_POINT('',(106.513988657535,1.6,-0.135999999996815));
#5365=CARTESIAN_POINT('',(108.013988657535,1.6,-1.63599999999623));
#5366=CARTESIAN_POINT('Origin',(106.513988657535,1.6,-1.63599999999681));
#5367=CARTESIAN_POINT('',(108.013988657535,1.6,-1.63599999999623));
#5368=CARTESIAN_POINT('Origin',(108.013988657535,1.6,-0.135999999996211));
#5369=CARTESIAN_POINT('',(108.013988657537,1.6,-4.50000000000072));
#5370=CARTESIAN_POINT('',(108.013988657529,1.6,15.374999999988));
#5371=CARTESIAN_POINT('',(108.013988657537,4.8,-4.50000000000072));
#5372=CARTESIAN_POINT('',(108.013988657537,1.6,-4.50000000000072));
#5373=CARTESIAN_POINT('',(108.013988657536,4.8,-4.15899999999641));
#5374=CARTESIAN_POINT('Origin',(109.513988657537,1.6,-4.50000000000014));
#5375=CARTESIAN_POINT('',(109.513988657537,1.6,-6.00000000000014));
#5376=CARTESIAN_POINT('Origin',(109.513988657537,1.6,-4.50000000000014));
#5377=CARTESIAN_POINT('',(109.513988657537,3.1,-6.00000000000014));
#5378=CARTESIAN_POINT('',(109.513988657537,1.6,-6.00000000000014));
#5379=CARTESIAN_POINT('',(108.395954668783,3.1,-5.49999999999628));
#5380=CARTESIAN_POINT('Origin',(109.513988657537,3.1,-4.50000000000014));
#5381=CARTESIAN_POINT('',(108.395954668783,4.8,-5.49999999999628));
#5382=CARTESIAN_POINT('',(108.395954668783,1.6,-5.49999999999628));
#5383=CARTESIAN_POINT('Origin',(109.513988657537,4.8,-4.50000000000014));
#5384=CARTESIAN_POINT('Origin',(90.2999886575349,1.6,-6.00000000000035));
#5385=CARTESIAN_POINT('',(173.49997731507,1.6,-5.99999999999946));
#5386=CARTESIAN_POINT('',(88.0249943287687,1.6,-6.00000000000037));
#5387=CARTESIAN_POINT('',(173.49997731507,3.1,-5.99999999999946));
#5388=CARTESIAN_POINT('',(173.49997731507,1.6,-5.99999999999946));
#5389=CARTESIAN_POINT('',(-2.,3.1,-6.00000000000134));
#5390=CARTESIAN_POINT('Origin',(167.75,3.2,31.75));
#5391=CARTESIAN_POINT('',(167.75,1.6,33.25));
#5392=CARTESIAN_POINT('',(167.75,3.2,33.25));
#5393=CARTESIAN_POINT('',(169.25,1.6,31.75));
#5394=CARTESIAN_POINT('Origin',(167.75,1.6,31.75));
#5395=CARTESIAN_POINT('',(169.25,3.2,31.75));
#5396=CARTESIAN_POINT('Origin',(169.25,1.6,27.));
#5397=CARTESIAN_POINT('',(169.25,1.6,17.));
#5398=CARTESIAN_POINT('',(169.25,1.6,31.6249999999819));
#5399=CARTESIAN_POINT('',(169.25,1.6,17.));
#5400=CARTESIAN_POINT('Origin',(165.,4.8,34.75));
#5401=CARTESIAN_POINT('',(165.,1.6,33.25));
#5402=CARTESIAN_POINT('Origin',(165.,1.6,34.75));
#5403=CARTESIAN_POINT('',(165.,4.8,33.25));
#5404=CARTESIAN_POINT('Origin',(163.5,4.8,33.25));
#5405=CARTESIAN_POINT('',(124.625,1.6,33.25));
#5406=CARTESIAN_POINT('Origin',(167.75,1.6,17.));
#5407=CARTESIAN_POINT('',(167.75,1.6,15.5));
#5408=CARTESIAN_POINT('Origin',(167.75,1.6,17.));
#5409=CARTESIAN_POINT('',(167.75,1.6,15.5));
#5410=CARTESIAN_POINT('Origin',(152.,1.6,14.));
#5411=CARTESIAN_POINT('',(150.5,1.6,14.));
#5412=CARTESIAN_POINT('',(152.,1.6,15.5));
#5413=CARTESIAN_POINT('Origin',(152.,1.6,14.));
#5414=CARTESIAN_POINT('',(150.5,1.6,14.));
#5415=CARTESIAN_POINT('',(152.,1.6,15.5));
#5416=CARTESIAN_POINT('Origin',(150.5,1.6,15.5));
#5417=CARTESIAN_POINT('',(150.5,1.6,6.99999999999998));
#5418=CARTESIAN_POINT('',(150.5,1.6,25.8749999999819));
#5419=CARTESIAN_POINT('',(150.5,1.6,6.99999999999998));
#5420=CARTESIAN_POINT('Origin',(149.,1.6,6.99999999999998));
#5421=CARTESIAN_POINT('',(149.,1.6,5.49999999999998));
#5422=CARTESIAN_POINT('Origin',(149.,1.6,6.99999999999998));
#5423=CARTESIAN_POINT('',(149.,1.6,5.49999999999998));
#5424=CARTESIAN_POINT('Origin',(150.5,1.6,5.49999999999998));
#5425=CARTESIAN_POINT('',(110.101987748484,3.2,5.49999999999999));
#5426=CARTESIAN_POINT('',(118.125000000001,1.6,5.49999999999998));
#5427=CARTESIAN_POINT('Origin',(110.101987748484,3.2,6.99999999999999));
#5428=CARTESIAN_POINT('',(108.601987748484,3.2,7.0000000270897));
#5429=CARTESIAN_POINT('Origin',(110.101988073127,4.8,24.9760000000006));
#5430=CARTESIAN_POINT('',(108.601988073127,4.8,24.9760000270903));
#5431=CARTESIAN_POINT('',(110.101988073127,4.8,26.4760000000006));
#5432=CARTESIAN_POINT('Origin',(102.767988657535,4.8,26.4760000000006));
#5433=CARTESIAN_POINT('',(104.267988657535,0.800000000000001,26.4760000000006));
#5434=CARTESIAN_POINT('',(104.267988657535,4.8,26.4760000000006));
#5435=CARTESIAN_POINT('',(141.267988657535,0.800000000000001,26.4760000000006));
#5436=CARTESIAN_POINT('',(102.767988657535,0.800000000000001,26.4760000000006));
#5437=CARTESIAN_POINT('',(141.267988657535,4.8,26.4760000000006));
#5438=CARTESIAN_POINT('Origin',(110.101988416264,4.8,43.9760000000006));
#5439=CARTESIAN_POINT('',(110.101988416264,4.8,42.4760000000006));
#5440=CARTESIAN_POINT('',(108.601988416264,4.8,43.9760000270903));
#5441=CARTESIAN_POINT('Origin',(108.601987721394,4.8,5.5));
#5442=CARTESIAN_POINT('',(108.601988657543,4.8,57.3359994786064));
#5443=CARTESIAN_POINT('Origin',(141.267988657535,4.8,40.9760000000006));
#5444=CARTESIAN_POINT('',(141.267988657535,0.800000000000001,42.4760000000006));
#5445=CARTESIAN_POINT('',(142.767988657535,0.800000000000001,40.9760000000006));
#5446=CARTESIAN_POINT('Origin',(141.267988657535,0.800000000000001,40.9760000000006));
#5447=CARTESIAN_POINT('',(141.267988657535,4.8,42.4760000000006));
#5448=CARTESIAN_POINT('',(142.767988657535,4.8,40.9760000000006));
#5449=CARTESIAN_POINT('Origin',(142.767988657535,4.8,26.4760000000006));
#5450=CARTESIAN_POINT('',(142.767988657535,0.800000000000001,27.9760000000006));
#5451=CARTESIAN_POINT('',(142.767988657535,4.8,27.9760000000006));
#5452=CARTESIAN_POINT('',(142.767988657535,0.800000000000001,26.4760000000006));
#5453=CARTESIAN_POINT('Origin',(141.267988657535,4.8,27.9760000000006));
#5454=CARTESIAN_POINT('Origin',(141.267988657535,0.800000000000001,27.9760000000006));
#5455=CARTESIAN_POINT('Origin',(104.267988657535,4.8,40.9760000000006));
#5456=CARTESIAN_POINT('',(102.767988657535,0.800000000000001,40.9760000000006));
#5457=CARTESIAN_POINT('',(104.267988657535,0.800000000000001,42.4760000000006));
#5458=CARTESIAN_POINT('Origin',(104.267988657535,0.800000000000001,40.9760000000006));
#5459=CARTESIAN_POINT('',(102.767988657535,4.8,40.9760000000006));
#5460=CARTESIAN_POINT('',(104.267988657535,4.8,42.4760000000006));
#5461=CARTESIAN_POINT('Origin',(142.767988657535,4.8,42.4760000000006));
#5462=CARTESIAN_POINT('',(108.355988657535,0.800000000000001,42.4760000000006));
#5463=CARTESIAN_POINT('Origin',(104.267988657535,4.8,27.9760000000006));
#5464=CARTESIAN_POINT('',(102.767988657535,0.800000000000001,27.9760000000006));
#5465=CARTESIAN_POINT('Origin',(104.267988657535,0.800000000000001,27.9760000000006));
#5466=CARTESIAN_POINT('',(102.767988657535,4.8,27.9760000000006));
#5467=CARTESIAN_POINT('Origin',(102.767988657535,4.8,42.4760000000006));
#5468=CARTESIAN_POINT('',(102.767988657535,0.800000000000001,42.4760000000006));
#5469=CARTESIAN_POINT('Origin',(79.7499886575349,4.8,24.569999999998));
#5470=CARTESIAN_POINT('',(79.749964346678,0.5,31.0699999999725));
#5471=CARTESIAN_POINT('',(79.749964346678,4.8,31.0699999999725));
#5472=CARTESIAN_POINT('',(79.7500988552454,0.5,18.0699999999586));
#5473=CARTESIAN_POINT('Origin',(79.7499886575349,0.5,24.569999999998));
#5474=CARTESIAN_POINT('',(79.7500988552454,4.8,18.0699999999586));
#5475=CARTESIAN_POINT('Origin',(79.7500988552454,4.8,18.0699999999586));
#5476=CARTESIAN_POINT('',(91.7500145119549,0.5,18.0700000000052));
#5477=CARTESIAN_POINT('',(82.750043756177,0.5,18.0699999999702));
#5478=CARTESIAN_POINT('',(91.7500145119549,4.8,18.0700000000052));
#5479=CARTESIAN_POINT('',(82.750049427659,1.6,18.0699999999702));
#5480=CARTESIAN_POINT('Origin',(91.7499909820984,4.8,31.0700000000418));
#5481=CARTESIAN_POINT('',(91.7499909820984,0.5,31.0700000000418));
#5482=CARTESIAN_POINT('',(91.7499909820984,4.8,31.0700000000418));
#5483=CARTESIAN_POINT('',(88.7499898195721,0.5,31.0700000000245));
#5484=CARTESIAN_POINT('Origin',(91.7499886575609,4.8,24.569999999998));
#5485=CARTESIAN_POINT('Origin',(91.7499886575609,0.5,24.569999999998));
#5486=CARTESIAN_POINT('Origin',(85.7499886570833,0.5,24.5699999999753));
#5487=CARTESIAN_POINT('',(79.7499886575349,0.5,29.569999999998));
#5488=CARTESIAN_POINT('',(91.7499886575349,0.5,29.569999999998));
#5489=CARTESIAN_POINT('',(88.7499886573091,0.5,29.569999999998));
#5490=CARTESIAN_POINT('',(79.7499886575349,0.5,19.569999999998));
#5491=CARTESIAN_POINT('Origin',(79.7499886575349,0.5,24.569999999998));
#5492=CARTESIAN_POINT('',(91.7499886575349,0.5,19.569999999998));
#5493=CARTESIAN_POINT('',(82.7499886573091,0.5,19.569999999998));
#5494=CARTESIAN_POINT('Origin',(91.7499886575349,0.5,24.569999999998));
#5495=CARTESIAN_POINT('Origin',(85.7500000000019,1.6,36.2499999999638));
#5496=CARTESIAN_POINT('',(88.8499886575349,1.6,-6.00000000000037));
#5497=CARTESIAN_POINT('',(88.0249943287687,1.6,-6.00000000000037));
#5498=CARTESIAN_POINT('',(88.8499886575349,1.6,-6.99999999999946));
#5499=CARTESIAN_POINT('',(88.8499886575349,1.6,14.6249999999819));
#5500=CARTESIAN_POINT('',(82.6499886575349,1.6,-6.99999999999946));
#5501=CARTESIAN_POINT('',(-7.99999999999999,1.6,-6.99999999999946));
#5502=CARTESIAN_POINT('',(82.6499886575349,1.6,-6.00000000000043));
#5503=CARTESIAN_POINT('',(82.6499886575349,1.6,15.1249999999821));
#5504=CARTESIAN_POINT('',(41.8750000000012,1.6,-6.00000000000087));
#5505=CARTESIAN_POINT('Origin',(79.7499886575349,4.8,19.569999999998));
#5506=CARTESIAN_POINT('',(79.7499886575349,0.,19.569999999998));
#5507=CARTESIAN_POINT('',(79.7499886575349,4.8,19.569999999998));
#5508=CARTESIAN_POINT('',(91.7499886575349,0.,19.569999999998));
#5509=CARTESIAN_POINT('',(82.7499943287684,0.,19.569999999998));
#5510=CARTESIAN_POINT('',(91.7499886575349,4.8,19.569999999998));
#5511=CARTESIAN_POINT('Origin',(79.7499886575349,4.8,24.569999999998));
#5512=CARTESIAN_POINT('',(79.7499886575349,0.,29.569999999998));
#5513=CARTESIAN_POINT('',(79.7499886575349,4.8,29.569999999998));
#5514=CARTESIAN_POINT('Origin',(79.7499886575349,0.,24.569999999998));
#5515=CARTESIAN_POINT('Origin',(91.7499886575349,4.8,29.569999999998));
#5516=CARTESIAN_POINT('',(91.7499886575349,0.,29.569999999998));
#5517=CARTESIAN_POINT('',(91.7499886575349,4.8,29.569999999998));
#5518=CARTESIAN_POINT('',(88.7499943287685,0.,29.569999999998));
#5519=CARTESIAN_POINT('Origin',(91.7499886575349,4.8,24.569999999998));
#5520=CARTESIAN_POINT('Origin',(91.7499886575349,0.,24.569999999998));
#5521=CARTESIAN_POINT('Origin',(85.7500000000019,1.6,36.2499999999638));
#5522=CARTESIAN_POINT('',(88.0249943287687,1.6,-6.00000000000037));
#5523=CARTESIAN_POINT('',(127.500000000001,1.6,15.5));
#5524=CARTESIAN_POINT('',(128.08147848077,1.6,43.25));
#5525=CARTESIAN_POINT('Origin',(165.75,1.6,72.5));
#5526=CARTESIAN_POINT('',(61.2500000000001,1.6,56.1249999999819));
#5527=CARTESIAN_POINT('Origin',(5.75000000000006,1.6,72.5));
#5528=CARTESIAN_POINT('',(28.0839886575339,1.6,13.5170000000002));
#5529=CARTESIAN_POINT('',(-2.,1.6,-6.00000000000134));
#5530=CARTESIAN_POINT('',(41.8750000000012,1.6,-6.00000000000087));
#5531=CARTESIAN_POINT('',(-7.00000000000125,1.6,-1.00000000000073));
#5532=CARTESIAN_POINT('Origin',(-2.,1.6,-1.00000000000073));
#5533=CARTESIAN_POINT('',(-7.,1.6,73.5));
#5534=CARTESIAN_POINT('',(-7.0000000000003,1.6,54.8749999999827));
#5535=CARTESIAN_POINT('',(-1.99999999999925,1.6,78.5000000000132));
#5536=CARTESIAN_POINT('Origin',(-2.,1.6,73.5));
#5537=CARTESIAN_POINT('',(173.500000000001,1.6,78.5));
#5538=CARTESIAN_POINT('',(129.625000000003,1.6,78.5000000000033));
#5539=CARTESIAN_POINT('',(178.5,1.6,73.5));
#5540=CARTESIAN_POINT('Origin',(173.5,1.6,73.5));
#5541=CARTESIAN_POINT('',(178.500000000002,1.6,-1.00000000006726));
#5542=CARTESIAN_POINT('',(178.500000000002,1.6,17.6249999999499));
#5543=CARTESIAN_POINT('Origin',(173.5,1.6,-1.00000000006728));
#5544=CARTESIAN_POINT('',(95.8819943287757,1.6,-0.136000000001093));
#5545=CARTESIAN_POINT('',(88.0249943287687,1.6,-6.00000000000037));
#5546=CARTESIAN_POINT('',(99.0139886575275,1.6,18.0569999999847));
#5547=CARTESIAN_POINT('',(124.75,1.6,1.999999999936));
#5548=CARTESIAN_POINT('',(124.75,1.6,-4.000000000064));
#5549=CARTESIAN_POINT('Origin',(124.75,1.6,-1.00000000003274));
#5550=CARTESIAN_POINT('',(164.75,1.6,-4.000000000064));
#5551=CARTESIAN_POINT('',(125.250000000001,1.6,-4.000000000064));
#5552=CARTESIAN_POINT('',(164.75,1.6,1.999999999936));
#5553=CARTESIAN_POINT('Origin',(164.75,1.6,-1.000000000064));
#5554=CARTESIAN_POINT('',(105.250000000001,1.6,1.99999999993599));
#5555=CARTESIAN_POINT('',(6.75000000000037,1.6,-3.99999999993426));
#5556=CARTESIAN_POINT('',(46.7500000000004,1.6,-3.99999999993426));
#5557=CARTESIAN_POINT('',(66.2500000000012,1.6,-3.99999999993425));
#5558=CARTESIAN_POINT('',(46.7500000000004,1.6,1.99999999992473));
#5559=CARTESIAN_POINT('Origin',(46.7500000000004,1.6,-1.00000000000476));
#5560=CARTESIAN_POINT('',(6.75000000000038,1.6,1.99999999992474));
#5561=CARTESIAN_POINT('',(46.2500000000012,1.6,1.99999999992473));
#5562=CARTESIAN_POINT('Origin',(6.75000000000038,1.6,-1.00000000000476));
#5563=CARTESIAN_POINT('Origin',(28.0839886575339,4.8,37.5680000000006));
#5564=CARTESIAN_POINT('Origin',(66.4919886575349,4.8,48.0020000000007));
#5565=CARTESIAN_POINT('Origin',(90.2999886575349,1.6,-6.00000000000035));
#5566=CARTESIAN_POINT('',(90.2999886575349,3.1,-5.99999999999941));
#5567=CARTESIAN_POINT('',(-2.,3.1,-6.00000000000134));
#5568=CARTESIAN_POINT('',(90.2999886575349,3.05,-5.99999999999941));
#5569=CARTESIAN_POINT('',(90.2999886575349,1.6,-5.99999999999941));
#5570=CARTESIAN_POINT('Origin',(88.8499886575349,3.05,-6.00000000000035));
#5571=CARTESIAN_POINT('Origin',(-2.,1.6,-6.00000000000134));
#5572=CARTESIAN_POINT('',(81.1999886575349,3.05,-5.99999999999951));
#5573=CARTESIAN_POINT('Origin',(82.6499886575349,3.05,-6.00000000000134));
#5574=CARTESIAN_POINT('',(81.1999886575349,3.1,-5.99999999999951));
#5575=CARTESIAN_POINT('',(81.1999886575349,1.6,-5.99999999999951));
#5576=CARTESIAN_POINT('',(-1.99999999999999,3.1,-6.00000000000134));
#5577=CARTESIAN_POINT('',(-2.,3.1,-6.00000000000134));
#5578=CARTESIAN_POINT('',(-2.,1.6,-6.00000000000134));
#5579=CARTESIAN_POINT('Origin',(108.601987721394,4.8,5.5));
#5580=CARTESIAN_POINT('Origin',(5.23198733319489,4.8,47.6839986756507));
#5581=CARTESIAN_POINT('',(3.46198865754516,4.8,47.6840005213988));
#5582=CARTESIAN_POINT('',(5.2319886575319,4.8,45.9140000000006));
#5583=CARTESIAN_POINT('Origin',(3.4619886575349,4.8,57.3360000000003));
#5584=CARTESIAN_POINT('',(3.4619886575349,4.8,57.3360000000003));
#5585=CARTESIAN_POINT('Origin',(5.23198733319489,4.8,57.3360013243407));
#5586=CARTESIAN_POINT('',(5.23198917892918,4.8,59.1060000000004));
#5587=CARTESIAN_POINT('Origin',(106.831988657535,4.8,59.1060000000007));
#5588=CARTESIAN_POINT('',(106.831988657535,4.8,59.1060000000007));
#5589=CARTESIAN_POINT('Origin',(106.831989981883,4.8,57.3360013243407));
#5590=CARTESIAN_POINT('Origin',(65.6919886575349,4.8,17.2040000000005));
#5591=CARTESIAN_POINT('',(65.6919886575368,4.8,17.2040000000005));
#5592=CARTESIAN_POINT('Origin',(64.9219899818849,4.8,17.2040013243406));
#5593=CARTESIAN_POINT('Origin',(6.50198998188495,4.8,45.1440013243407));
#5594=CARTESIAN_POINT('',(6.50198917893311,4.8,45.9139999999932));
#5595=CARTESIAN_POINT('Origin',(5.2319886575319,4.8,45.9140000000006));
#5596=CARTESIAN_POINT('Origin',(105.561988657535,0.800000000000001,34.4760000000006));
#5597=CARTESIAN_POINT('Origin',(108.013988657537,1.6,-5.49999999999643));
#5598=CARTESIAN_POINT('',(96.8819943287773,3.1,-5.50000000000082));
#5599=CARTESIAN_POINT('',(105.263988657537,4.8,-5.49999999999751));
#5600=CARTESIAN_POINT('Origin',(102.513988657537,3.19999999999982,-6.99999999999946));
#5601=CARTESIAN_POINT('',(100.91711671527,3.1,-6.99999999999946));
#5602=CARTESIAN_POINT('',(100.91711671527,3.1,-6.99999999999946));
#5603=CARTESIAN_POINT('',(104.110860599804,3.1,-6.0000000000002));
#5604=CARTESIAN_POINT('Origin',(102.513988657537,3.19999999999982,-6.00000000000035));
#5605=CARTESIAN_POINT('',(104.110860599804,3.1,-6.99999999999946));
#5606=CARTESIAN_POINT('',(104.110860599804,3.1,-6.99999999999946));
#5607=CARTESIAN_POINT('Origin',(102.513988657537,3.19999999999982,-6.99999999999946));
#5608=CARTESIAN_POINT('Origin',(173.499970611996,0.,-6.99999999999946));
#5609=CARTESIAN_POINT('',(173.499970611996,3.1,-7.00000000000015));
#5610=CARTESIAN_POINT('',(-1.99999329692629,3.1,-6.99999999999947));
#5611=CARTESIAN_POINT('',(173.499970611996,1.,-7.00000000000044));
#5612=CARTESIAN_POINT('',(173.499970611996,0.,-7.00000000000044));
#5613=CARTESIAN_POINT('',(-1.99999329692629,1.,-6.99999999999947));
#5614=CARTESIAN_POINT('',(129.624985305999,1.,-6.99999999999946));
#5615=CARTESIAN_POINT('',(-1.99999329692631,3.1,-6.99999999999947));
#5616=CARTESIAN_POINT('',(-1.99999329692629,0.,-6.99999999999947));
#5617=CARTESIAN_POINT('',(81.1999886575349,3.1,-6.99999999999993));
#5618=CARTESIAN_POINT('',(-1.99999329692629,3.1,-6.99999999999947));
#5619=CARTESIAN_POINT('',(81.1999886575349,3.05,-6.99999999999993));
#5620=CARTESIAN_POINT('',(81.1999886575349,1.6,-6.99999999999993));
#5621=CARTESIAN_POINT('Origin',(82.6499886575349,3.05,-6.99999999999946));
#5622=CARTESIAN_POINT('',(90.2999886575349,3.05,-6.99999999999998));
#5623=CARTESIAN_POINT('Origin',(88.8499886575349,3.05,-6.99999999999946));
#5624=CARTESIAN_POINT('',(90.2999886575349,3.1,-6.99999999999998));
#5625=CARTESIAN_POINT('',(90.2999886575349,1.6,-6.99999999999998));
#5626=CARTESIAN_POINT('',(-1.99999329692629,3.1,-6.99999999999947));
#5627=CARTESIAN_POINT('Origin',(85.7500000000012,3.1,36.2499999999639));
#5628=CARTESIAN_POINT('',(-2.,3.1,-6.00000000000134));
#5629=CARTESIAN_POINT('',(178.500000000002,3.1,-1.00000000006726));
#5630=CARTESIAN_POINT('Origin',(173.5,3.1,-1.00000000006728));
#5631=CARTESIAN_POINT('',(178.5,3.1,73.5));
#5632=CARTESIAN_POINT('',(178.500000000002,3.1,-1.00000000006726));
#5633=CARTESIAN_POINT('',(173.500000000001,3.1,78.5));
#5634=CARTESIAN_POINT('Origin',(173.5,3.1,73.5));
#5635=CARTESIAN_POINT('',(-1.99999999999925,3.1,78.5000000000132));
#5636=CARTESIAN_POINT('',(173.500000000001,3.1,78.5));
#5637=CARTESIAN_POINT('',(-6.99999999999999,3.1,73.5));
#5638=CARTESIAN_POINT('Origin',(-2.,3.1,73.5));
#5639=CARTESIAN_POINT('',(-7.00000000000124,3.1,-1.00000000000073));
#5640=CARTESIAN_POINT('',(-7.,3.1,73.5));
#5641=CARTESIAN_POINT('Origin',(-2.,3.1,-1.00000000000073));
#5642=CARTESIAN_POINT('',(81.1999886575349,3.1,-6.99999999999993));
#5643=CARTESIAN_POINT('',(-7.99999999999752,3.1,-0.999992291170279));
#5644=CARTESIAN_POINT('Origin',(-2.,3.1,-1.00000000000073));
#5645=CARTESIAN_POINT('',(-8.00000000000001,3.1,73.5000004007888));
#5646=CARTESIAN_POINT('',(-8.,3.1,73.5000004007888));
#5647=CARTESIAN_POINT('',(-2.00000707911951,3.1,79.4999999999959));
#5648=CARTESIAN_POINT('Origin',(-2.,3.1,73.5));
#5649=CARTESIAN_POINT('',(173.500000595053,3.1,79.5));
#5650=CARTESIAN_POINT('',(173.500000595053,3.1,79.5));
#5651=CARTESIAN_POINT('',(179.5,3.1,73.5000013294407));
#5652=CARTESIAN_POINT('Origin',(173.5,3.1,73.5));
#5653=CARTESIAN_POINT('',(179.5,3.1,-0.999992386476089));
#5654=CARTESIAN_POINT('',(179.5,3.1,-0.999992386476089));
#5655=CARTESIAN_POINT('Origin',(173.5,3.1,-1.00000000006728));
#5656=CARTESIAN_POINT('Origin',(90.2999886575349,1.6,-6.00000000000035));
#5657=CARTESIAN_POINT('Origin',(106.013988657535,1.6,-0.135999999997016));
#5658=CARTESIAN_POINT('',(105.263988657535,4.8,-0.135999999997318));
#5659=CARTESIAN_POINT('Origin',(102.513988657536,4.8,-2.81799999999852));
#5660=CARTESIAN_POINT('Origin',(99.0139886575349,1.6,-0.135999999999831));
#5661=CARTESIAN_POINT('Origin',(99.0139886575371,1.6,-5.50000000000003));
#5662=CARTESIAN_POINT('',(92.3819943287776,3.1,-5.5000000000027));
#5663=CARTESIAN_POINT('Origin',(124.75,0.,-1.00000000003274));
#5664=CARTESIAN_POINT('',(124.75,0.,1.999999999936));
#5665=CARTESIAN_POINT('',(124.75,0.,1.999999999936));
#5666=CARTESIAN_POINT('',(124.75,0.,-4.000000000064));
#5667=CARTESIAN_POINT('Origin',(124.75,0.,-1.00000000003274));
#5668=CARTESIAN_POINT('',(124.75,0.,-4.000000000064));
#5669=CARTESIAN_POINT('Origin',(164.75,0.,-4.000000000064));
#5670=CARTESIAN_POINT('',(164.75,0.,-4.000000000064));
#5671=CARTESIAN_POINT('',(125.250000000001,0.,-4.000000000064));
#5672=CARTESIAN_POINT('',(164.75,0.,-4.000000000064));
#5673=CARTESIAN_POINT('Origin',(164.75,0.,-1.000000000064));
#5674=CARTESIAN_POINT('',(164.75,0.,1.999999999936));
#5675=CARTESIAN_POINT('Origin',(164.75,0.,-1.000000000064));
#5676=CARTESIAN_POINT('',(164.75,0.,1.999999999936));
#5677=CARTESIAN_POINT('Origin',(124.75,0.,1.999999999936));
#5678=CARTESIAN_POINT('',(105.250000000001,0.,1.99999999993599));
#5679=CARTESIAN_POINT('Origin',(46.7500000000004,0.,-3.99999999993426));
#5680=CARTESIAN_POINT('',(6.75000000000037,0.,-3.99999999993426));
#5681=CARTESIAN_POINT('',(6.75000000000037,0.,-3.99999999993426));
#5682=CARTESIAN_POINT('',(46.7500000000004,0.,-3.99999999993426));
#5683=CARTESIAN_POINT('',(66.2500000000012,0.,-3.99999999993425));
#5684=CARTESIAN_POINT('',(46.7500000000004,0.,-3.99999999993426));
#5685=CARTESIAN_POINT('Origin',(46.7500000000004,0.,-1.00000000000476));
#5686=CARTESIAN_POINT('',(46.7500000000004,0.,1.99999999992473));
#5687=CARTESIAN_POINT('Origin',(46.7500000000004,0.,-1.00000000000476));
#5688=CARTESIAN_POINT('',(46.7500000000004,0.,1.99999999992473));
#5689=CARTESIAN_POINT('Origin',(6.75000000000038,0.,1.99999999992474));
#5690=CARTESIAN_POINT('',(6.75000000000038,0.,1.99999999992474));
#5691=CARTESIAN_POINT('',(46.2500000000012,0.,1.99999999992473));
#5692=CARTESIAN_POINT('',(6.75000000000038,0.,1.99999999992474));
#5693=CARTESIAN_POINT('Origin',(6.75000000000038,0.,-1.00000000000476));
#5694=CARTESIAN_POINT('Origin',(6.75000000000038,0.,-1.00000000000476));
#5695=CARTESIAN_POINT('Origin',(170.41295696154,4.8,43.25));
#5696=CARTESIAN_POINT('Origin',(169.25,1.6,15.5));
#5697=CARTESIAN_POINT('Origin',(165.75,1.6,72.5));
#5698=CARTESIAN_POINT('Origin',(61.2500000000001,1.6,76.));
#5699=CARTESIAN_POINT('Origin',(5.75000000000006,1.6,72.5));
#5700=CARTESIAN_POINT('Origin',(82.6499886575349,3.05,15.1249999999821));
#5701=CARTESIAN_POINT('',(81.1999886575349,3.05,15.1249999999821));
#5702=CARTESIAN_POINT('Origin',(88.8499886575349,3.05,14.6249999999819));
#5703=CARTESIAN_POINT('',(90.2999886575349,3.05,14.6249999999819));
#5704=CARTESIAN_POINT('Origin',(90.2999886575349,1.6,-6.99999999999998));
#5705=CARTESIAN_POINT('',(90.2999886575349,3.1,-6.99999999999998));
#5706=CARTESIAN_POINT('Origin',(41.8749964604412,0.5,79.));
#5707=CARTESIAN_POINT('',(-2.00000707911951,1.,79.4999999999948));
#5708=CARTESIAN_POINT('',(-2.00000707911951,0.,78.5));
#5709=CARTESIAN_POINT('',(-2.00000707911951,1.,79.4999999999948));
#5710=CARTESIAN_POINT('',(173.500000595053,0.,78.5));
#5711=CARTESIAN_POINT('',(41.8749964604412,0.,78.5));
#5712=CARTESIAN_POINT('',(173.500000595053,1.,79.5));
#5713=CARTESIAN_POINT('',(173.500000595053,0.,78.5));
#5714=CARTESIAN_POINT('',(41.8749964604412,1.,79.5));
#5715=CARTESIAN_POINT('Origin',(-2.00000000000008,0.5,73.499999999999));
#5716=CARTESIAN_POINT('',(-8.,1.,73.5000004007888));
#5717=CARTESIAN_POINT('Origin',(-2.00000000000008,1.,73.499999999999));
#5718=CARTESIAN_POINT('',(-7.00000000000001,0.,73.5000003339905));
#5719=CARTESIAN_POINT('',(-8.,1.,73.5000004007888));
#5720=CARTESIAN_POINT('Origin',(-2.00000000000008,0.,73.499999999999));
#5721=CARTESIAN_POINT('Origin',(-7.49999999999999,0.5,17.6250038543968));
#5722=CARTESIAN_POINT('',(-7.99999999999604,1.,-0.999992291170276));
#5723=CARTESIAN_POINT('',(-6.99999999999999,0.,-0.999992291170275));
#5724=CARTESIAN_POINT('',(-7.99999999999604,1.,-0.999992291170276));
#5725=CARTESIAN_POINT('',(-6.99999999999999,0.,17.6250038543968));
#5726=CARTESIAN_POINT('',(-7.99999999999999,1.,17.6250038543968));
#5727=CARTESIAN_POINT('Origin',(-1.99999999999926,0.5,-1.00000000000148));
#5728=CARTESIAN_POINT('Origin',(-1.99999999999926,1.,-1.00000000000148));
#5729=CARTESIAN_POINT('',(-1.99999441410512,0.,-6.00000000000009));
#5730=CARTESIAN_POINT('',(-1.99999329692629,1.,-6.99999999999947));
#5731=CARTESIAN_POINT('Origin',(-1.99999999999926,0.,-1.00000000000148));
#5732=CARTESIAN_POINT('Origin',(129.624985305999,0.5,-6.49999999999946));
#5733=CARTESIAN_POINT('',(173.499970611996,0.,-5.99999999999946));
#5734=CARTESIAN_POINT('',(173.499970611996,1.,-7.00000000000044));
#5735=CARTESIAN_POINT('',(129.624985305999,0.,-5.99999999999946));
#5736=CARTESIAN_POINT('Origin',(173.5,0.5,-1.00000000006756));
#5737=CARTESIAN_POINT('',(179.5,1.,-0.99999238647609));
#5738=CARTESIAN_POINT('Origin',(173.5,1.,-1.00000000006756));
#5739=CARTESIAN_POINT('',(178.500000000001,0.,-0.999993655408002));
#5740=CARTESIAN_POINT('',(179.5,1.,-0.99999238647609));
#5741=CARTESIAN_POINT('Origin',(173.5,0.,-1.00000000006756));
#5742=CARTESIAN_POINT('Origin',(179.,0.5,54.8750006647023));
#5743=CARTESIAN_POINT('',(179.5,1.,73.5000013294407));
#5744=CARTESIAN_POINT('',(178.5,0.,73.5000013294407));
#5745=CARTESIAN_POINT('',(179.5,1.,73.5000013294407));
#5746=CARTESIAN_POINT('',(178.5,0.,54.8750006647023));
#5747=CARTESIAN_POINT('',(179.5,1.,54.8750006647023));
#5748=CARTESIAN_POINT('Origin',(173.5,0.5,73.4999999999999));
#5749=CARTESIAN_POINT('Origin',(173.5,1.,73.4999999999999));
#5750=CARTESIAN_POINT('Origin',(173.5,0.,73.4999999999999));
#5751=CARTESIAN_POINT('Origin',(-1.99999999999926,0.,-1.00000000000148));
#5752=CARTESIAN_POINT('',(-7.99999999999604,0.,-0.999992291170276));
#5753=CARTESIAN_POINT('Origin',(-7.99999999999999,0.,-0.99999229117028));
#5754=CARTESIAN_POINT('',(-8.,0.,73.5000004007888));
#5755=CARTESIAN_POINT('Origin',(-2.00000000000008,0.,73.499999999999));
#5756=CARTESIAN_POINT('',(-2.00000707911951,0.,79.4999999999948));
#5757=CARTESIAN_POINT('Origin',(-2.00000707911951,0.,79.5));
#5758=CARTESIAN_POINT('',(173.500000595053,0.,79.5));
#5759=CARTESIAN_POINT('Origin',(85.7500000000019,0.,36.2499999999638));
#5760=CARTESIAN_POINT('Origin',(81.1999886575349,1.6,-5.99999999999951));
#5761=CARTESIAN_POINT('Origin',(-2.,1.6,-1.00000000000073));
#5762=CARTESIAN_POINT('',(-7.00000000000125,1.6,-1.00000000000073));
#5763=CARTESIAN_POINT('Origin',(-7.,1.6,73.5));
#5764=CARTESIAN_POINT('',(-7.,1.6,73.5));
#5765=CARTESIAN_POINT('Origin',(-2.,1.6,73.5));
#5766=CARTESIAN_POINT('',(-1.99999999999925,1.6,78.5000000000132));
#5767=CARTESIAN_POINT('Origin',(173.500000000001,1.6,78.5));
#5768=CARTESIAN_POINT('',(173.500000000001,1.6,78.5));
#5769=CARTESIAN_POINT('Origin',(173.5,1.6,73.5));
#5770=CARTESIAN_POINT('',(178.5,1.6,73.5));
#5771=CARTESIAN_POINT('Origin',(178.500000000002,1.6,-1.00000000006726));
#5772=CARTESIAN_POINT('',(178.500000000002,1.6,-1.00000000006726));
#5773=CARTESIAN_POINT('Origin',(173.5,1.6,-1.00000000006728));
#5774=CARTESIAN_POINT('Origin',(85.7500000000012,3.1,36.2499999999639));
#5775=CARTESIAN_POINT('Origin',(173.5,0.,-1.00000000006756));
#5776=CARTESIAN_POINT('',(179.5,0.,-0.99999238647609));
#5777=CARTESIAN_POINT('Origin',(179.5,0.,73.5000013294407));
#5778=CARTESIAN_POINT('',(179.5,0.,73.5000013294407));
#5779=CARTESIAN_POINT('Origin',(173.5,0.,73.4999999999999));
#5780=CARTESIAN_POINT('',(171.5,9.55,-6.54128140542554E-11));
#5781=UNCERTAINTY_MEASURE_WITH_UNIT(LENGTH_MEASURE(0.01),#5787,
'DISTANCE_ACCURACY_VALUE',
'Maximum model space distance between geometric entities at asserted c
onnectivities');
#5782=UNCERTAINTY_MEASURE_WITH_UNIT(LENGTH_MEASURE(0.01),#5787,
'DISTANCE_ACCURACY_VALUE',
'Maximum model space distance between geometric entities at asserted c
onnectivities');
#5783=UNCERTAINTY_MEASURE_WITH_UNIT(LENGTH_MEASURE(0.01),#5787,
'DISTANCE_ACCURACY_VALUE',
'Maximum model space distance between geometric entities at asserted c
onnectivities');
#5784=(
GEOMETRIC_REPRESENTATION_CONTEXT(3)
GLOBAL_UNCERTAINTY_ASSIGNED_CONTEXT((#5781))
GLOBAL_UNIT_ASSIGNED_CONTEXT((#5787,#5789,#5790))
REPRESENTATION_CONTEXT('','3D')
);
#5785=(
GEOMETRIC_REPRESENTATION_CONTEXT(3)
GLOBAL_UNCERTAINTY_ASSIGNED_CONTEXT((#5782))
GLOBAL_UNIT_ASSIGNED_CONTEXT((#5787,#5789,#5790))
REPRESENTATION_CONTEXT('','3D')
);
#5786=(
GEOMETRIC_REPRESENTATION_CONTEXT(3)
GLOBAL_UNCERTAINTY_ASSIGNED_CONTEXT((#5783))
GLOBAL_UNIT_ASSIGNED_CONTEXT((#5787,#5789,#5790))
REPRESENTATION_CONTEXT('','3D')
);
#5787=(
LENGTH_UNIT()
NAMED_UNIT(*)
SI_UNIT(.MILLI.,.METRE.)
);
#5788=(
LENGTH_UNIT()
NAMED_UNIT(*)
SI_UNIT($,.METRE.)
);
#5789=(
NAMED_UNIT(*)
PLANE_ANGLE_UNIT()
SI_UNIT($,.RADIAN.)
);
#5790=(
NAMED_UNIT(*)
SI_UNIT($,.STERADIAN.)
SOLID_ANGLE_UNIT()
);
#5791=SHAPE_DEFINITION_REPRESENTATION(#5793,#5796);
#5792=SHAPE_DEFINITION_REPRESENTATION(#5794,#5797);
#5793=PRODUCT_DEFINITION_SHAPE('',$,#5799);
#5794=PRODUCT_DEFINITION_SHAPE('',$,#5800);
#5795=PRODUCT_DEFINITION_SHAPE($,$,#14);
#5796=SHAPE_REPRESENTATION('',(#3416,#3759),#5784);
#5797=SHAPE_REPRESENTATION('',(#3417),#5785);
#5798=PRODUCT_DEFINITION_CONTEXT('part definition',#5806,'design');
#5799=PRODUCT_DEFINITION('Keyboard Assembly','Keyboard Assembly v223',#5801,
#5798);
#5800=PRODUCT_DEFINITION('Base','Base',#5802,#5798);
#5801=PRODUCT_DEFINITION_FORMATION('',$,#5808);
#5802=PRODUCT_DEFINITION_FORMATION('',$,#5809);
#5803=PRODUCT_RELATED_PRODUCT_CATEGORY('Keyboard Assembly v223',
'Keyboard Assembly v223',(#5808));
#5804=PRODUCT_RELATED_PRODUCT_CATEGORY('Base','Base',(#5809));
#5805=APPLICATION_PROTOCOL_DEFINITION('international standard',
'automotive_design',2009,#5806);
#5806=APPLICATION_CONTEXT(
'Core Data for Automotive Mechanical Design Process');
#5807=PRODUCT_CONTEXT('part definition',#5806,'mechanical');
#5808=PRODUCT('Keyboard Assembly','Keyboard Assembly v223',$,(#5807));
#5809=PRODUCT('Base','Base',$,(#5807));
#5810=PRESENTATION_STYLE_ASSIGNMENT((#5813));
#5811=PRESENTATION_STYLE_ASSIGNMENT((#5814));
#5812=PRESENTATION_STYLE_ASSIGNMENT((#5815));
#5813=SURFACE_STYLE_USAGE(.BOTH.,#5816);
#5814=SURFACE_STYLE_USAGE(.BOTH.,#5817);
#5815=SURFACE_STYLE_USAGE(.BOTH.,#5818);
#5816=SURFACE_SIDE_STYLE('',(#5819));
#5817=SURFACE_SIDE_STYLE('',(#5820));
#5818=SURFACE_SIDE_STYLE('',(#5821));
#5819=SURFACE_STYLE_FILL_AREA(#5822);
#5820=SURFACE_STYLE_FILL_AREA(#5823);
#5821=SURFACE_STYLE_FILL_AREA(#5824);
#5822=FILL_AREA_STYLE('Steel - Satin',(#5825));
#5823=FILL_AREA_STYLE('Aluminum - Anodized Rough (Blue)',(#5826));
#5824=FILL_AREA_STYLE('Plastic - Matte (Black)',(#5827));
#5825=FILL_AREA_STYLE_COLOUR('Steel - Satin',#5828);
#5826=FILL_AREA_STYLE_COLOUR('Aluminum - Anodized Rough (Blue)',#5829);
#5827=FILL_AREA_STYLE_COLOUR('Plastic - Matte (Black)',#5830);
#5828=COLOUR_RGB('Steel - Satin',0.627450980392157,0.627450980392157,0.627450980392157);
#5829=COLOUR_RGB('Aluminum - Anodized Rough (Blue)',0.349019607843137,0.584313725490196,
0.854901960784314);
#5830=COLOUR_RGB('Plastic - Matte (Black)',0.0980392156862745,0.0980392156862745,
0.0980392156862745);
ENDSEC;
END-ISO-10303-21;
