ISO-10303-21;
HEADER;
/* Generated by software containing ST-Developer
 * from STEP Tools, Inc. (www.steptools.com) 
 */

FILE_DESCRIPTION(
/* description */ (''),
/* implementation_level */ '2;1');

FILE_NAME(
/* name */ 'Keyboard Top.step',
/* time_stamp */ '2025-10-14T17:23:12-10:00',
/* author */ (''),
/* organization */ (''),
/* preprocessor_version */ 'ST-DEVELOPER v20.1',
/* originating_system */ 'Autodesk Translation Framework v14.17.0.0',
/* authorisation */ '');

FILE_SCHEMA (('AUTOMOTIVE_DESIGN { 1 0 10303 214 3 1 1 }'));
ENDSEC;

DATA;
#10=MECHANICAL_DESIGN_GEOMETRIC_PRESENTATION_REPRESENTATION('',(#13),#4304);
#11=SHAPE_REPRESENTATION_RELATIONSHIP('SRR','None',#4310,#12);
#12=ADVANCED_BREP_SHAPE_REPRESENTATION('',(#14),#4303);
#13=STYLED_ITEM('',(#4320),#14);
#14=MANIFOLD_SOLID_BREP('Keyboard Top',#2551);
#15=FACE_BOUND('',#294,.T.);
#16=FACE_BOUND('',#409,.T.);
#17=FACE_BOUND('',#410,.T.);
#18=FACE_BOUND('',#411,.T.);
#19=FACE_BOUND('',#412,.T.);
#20=FACE_BOUND('',#413,.T.);
#21=FACE_BOUND('',#414,.T.);
#22=PLANE('',#2577);
#23=PLANE('',#2578);
#24=PLANE('',#2579);
#25=PLANE('',#2583);
#26=PLANE('',#2584);
#27=PLANE('',#2614);
#28=PLANE('',#2615);
#29=PLANE('',#2630);
#30=PLANE('',#2632);
#31=PLANE('',#2635);
#32=PLANE('',#2642);
#33=PLANE('',#2644);
#34=PLANE('',#2647);
#35=PLANE('',#2650);
#36=PLANE('',#2654);
#37=PLANE('',#2658);
#38=PLANE('',#2667);
#39=PLANE('',#2670);
#40=PLANE('',#2675);
#41=PLANE('',#2678);
#42=PLANE('',#2680);
#43=PLANE('',#2692);
#44=PLANE('',#2694);
#45=PLANE('',#2700);
#46=PLANE('',#2701);
#47=PLANE('',#2703);
#48=PLANE('',#2712);
#49=PLANE('',#2717);
#50=PLANE('',#2720);
#51=PLANE('',#2727);
#52=PLANE('',#2728);
#53=PLANE('',#2729);
#54=PLANE('',#2731);
#55=PLANE('',#2733);
#56=PLANE('',#2736);
#57=PLANE('',#2739);
#58=PLANE('',#2742);
#59=PLANE('',#2746);
#60=PLANE('',#2748);
#61=PLANE('',#2752);
#62=PLANE('',#2755);
#63=PLANE('',#2756);
#64=PLANE('',#2757);
#65=PLANE('',#2758);
#66=PLANE('',#2759);
#67=PLANE('',#2760);
#68=PLANE('',#2761);
#69=PLANE('',#2762);
#70=PLANE('',#2763);
#71=PLANE('',#2764);
#72=PLANE('',#2767);
#73=PLANE('',#2770);
#74=PLANE('',#2773);
#75=PLANE('',#2776);
#76=PLANE('',#2777);
#77=PLANE('',#2778);
#78=PLANE('',#2779);
#79=PLANE('',#2780);
#80=PLANE('',#2781);
#81=PLANE('',#2784);
#82=PLANE('',#2785);
#83=PLANE('',#2786);
#84=PLANE('',#2787);
#85=PLANE('',#2788);
#86=PLANE('',#2791);
#87=PLANE('',#2792);
#88=PLANE('',#2793);
#89=PLANE('',#2795);
#90=PLANE('',#2797);
#91=CYLINDRICAL_SURFACE('',#2555,1.03775);
#92=CYLINDRICAL_SURFACE('',#2559,1.03775);
#93=CYLINDRICAL_SURFACE('',#2563,1.03775);
#94=CYLINDRICAL_SURFACE('',#2567,1.03775);
#95=CYLINDRICAL_SURFACE('',#2571,1.03775);
#96=CYLINDRICAL_SURFACE('',#2575,1.03775);
#97=CYLINDRICAL_SURFACE('',#2580,1.);
#98=CYLINDRICAL_SURFACE('',#2612,1.);
#99=CYLINDRICAL_SURFACE('',#2629,1.);
#100=CYLINDRICAL_SURFACE('',#2631,1.);
#101=CYLINDRICAL_SURFACE('',#2633,1.);
#102=CYLINDRICAL_SURFACE('',#2636,1.);
#103=CYLINDRICAL_SURFACE('',#2638,1.);
#104=CYLINDRICAL_SURFACE('',#2640,1.);
#105=CYLINDRICAL_SURFACE('',#2643,1.);
#106=CYLINDRICAL_SURFACE('',#2645,1.);
#107=CYLINDRICAL_SURFACE('',#2648,1.);
#108=CYLINDRICAL_SURFACE('',#2651,1.);
#109=CYLINDRICAL_SURFACE('',#2659,1.);
#110=CYLINDRICAL_SURFACE('',#2661,1.);
#111=CYLINDRICAL_SURFACE('',#2664,1.);
#112=CYLINDRICAL_SURFACE('',#2668,1.);
#113=CYLINDRICAL_SURFACE('',#2669,1.);
#114=CYLINDRICAL_SURFACE('',#2671,1.);
#115=CYLINDRICAL_SURFACE('',#2673,1.);
#116=CYLINDRICAL_SURFACE('',#2676,1.);
#117=CYLINDRICAL_SURFACE('',#2677,1.);
#118=CYLINDRICAL_SURFACE('',#2679,1.);
#119=CYLINDRICAL_SURFACE('',#2681,1.);
#120=CYLINDRICAL_SURFACE('',#2682,1.);
#121=CYLINDRICAL_SURFACE('',#2685,1.);
#122=CYLINDRICAL_SURFACE('',#2688,6.50000301911709);
#123=CYLINDRICAL_SURFACE('',#2690,1.);
#124=CYLINDRICAL_SURFACE('',#2693,1.);
#125=CYLINDRICAL_SURFACE('',#2695,1.);
#126=CYLINDRICAL_SURFACE('',#2696,1.59999999999987);
#127=CYLINDRICAL_SURFACE('',#2715,4.24999999992949);
#128=CYLINDRICAL_SURFACE('',#2718,4.24999999992949);
#129=CYLINDRICAL_SURFACE('',#2721,4.24999999996874);
#130=CYLINDRICAL_SURFACE('',#2724,4.24999999996873);
#131=CYLINDRICAL_SURFACE('',#2732,6.49998064785637);
#132=CYLINDRICAL_SURFACE('',#2745,5.99999999999994);
#133=CYLINDRICAL_SURFACE('',#2747,6.00000000000011);
#134=CYLINDRICAL_SURFACE('',#2749,1.45);
#135=CYLINDRICAL_SURFACE('',#2753,1.45);
#136=CYLINDRICAL_SURFACE('',#2765,4.50000000000241);
#137=CYLINDRICAL_SURFACE('',#2768,4.49999999999703);
#138=CYLINDRICAL_SURFACE('',#2771,4.50000000004651);
#139=CYLINDRICAL_SURFACE('',#2774,4.4999999999666);
#140=CYLINDRICAL_SURFACE('',#2782,4.19999999999999);
#141=CYLINDRICAL_SURFACE('',#2789,4.2);
#142=CYLINDRICAL_SURFACE('',#2794,6.00000000000173);
#143=CYLINDRICAL_SURFACE('',#2796,6.00000000000485);
#144=FACE_OUTER_BOUND('',#276,.T.);
#145=FACE_OUTER_BOUND('',#277,.T.);
#146=FACE_OUTER_BOUND('',#278,.T.);
#147=FACE_OUTER_BOUND('',#279,.T.);
#148=FACE_OUTER_BOUND('',#280,.T.);
#149=FACE_OUTER_BOUND('',#281,.T.);
#150=FACE_OUTER_BOUND('',#282,.T.);
#151=FACE_OUTER_BOUND('',#283,.T.);
#152=FACE_OUTER_BOUND('',#284,.T.);
#153=FACE_OUTER_BOUND('',#285,.T.);
#154=FACE_OUTER_BOUND('',#286,.T.);
#155=FACE_OUTER_BOUND('',#287,.T.);
#156=FACE_OUTER_BOUND('',#288,.T.);
#157=FACE_OUTER_BOUND('',#289,.T.);
#158=FACE_OUTER_BOUND('',#290,.T.);
#159=FACE_OUTER_BOUND('',#291,.T.);
#160=FACE_OUTER_BOUND('',#292,.T.);
#161=FACE_OUTER_BOUND('',#293,.T.);
#162=FACE_OUTER_BOUND('',#295,.T.);
#163=FACE_OUTER_BOUND('',#296,.T.);
#164=FACE_OUTER_BOUND('',#297,.T.);
#165=FACE_OUTER_BOUND('',#298,.T.);
#166=FACE_OUTER_BOUND('',#299,.T.);
#167=FACE_OUTER_BOUND('',#300,.T.);
#168=FACE_OUTER_BOUND('',#301,.T.);
#169=FACE_OUTER_BOUND('',#302,.T.);
#170=FACE_OUTER_BOUND('',#303,.T.);
#171=FACE_OUTER_BOUND('',#304,.T.);
#172=FACE_OUTER_BOUND('',#305,.T.);
#173=FACE_OUTER_BOUND('',#306,.T.);
#174=FACE_OUTER_BOUND('',#307,.T.);
#175=FACE_OUTER_BOUND('',#308,.T.);
#176=FACE_OUTER_BOUND('',#309,.T.);
#177=FACE_OUTER_BOUND('',#310,.T.);
#178=FACE_OUTER_BOUND('',#311,.T.);
#179=FACE_OUTER_BOUND('',#312,.T.);
#180=FACE_OUTER_BOUND('',#313,.T.);
#181=FACE_OUTER_BOUND('',#314,.T.);
#182=FACE_OUTER_BOUND('',#315,.T.);
#183=FACE_OUTER_BOUND('',#316,.T.);
#184=FACE_OUTER_BOUND('',#317,.T.);
#185=FACE_OUTER_BOUND('',#318,.T.);
#186=FACE_OUTER_BOUND('',#319,.T.);
#187=FACE_OUTER_BOUND('',#320,.T.);
#188=FACE_OUTER_BOUND('',#321,.T.);
#189=FACE_OUTER_BOUND('',#322,.T.);
#190=FACE_OUTER_BOUND('',#323,.T.);
#191=FACE_OUTER_BOUND('',#324,.T.);
#192=FACE_OUTER_BOUND('',#325,.T.);
#193=FACE_OUTER_BOUND('',#326,.T.);
#194=FACE_OUTER_BOUND('',#327,.T.);
#195=FACE_OUTER_BOUND('',#328,.T.);
#196=FACE_OUTER_BOUND('',#329,.T.);
#197=FACE_OUTER_BOUND('',#330,.T.);
#198=FACE_OUTER_BOUND('',#331,.T.);
#199=FACE_OUTER_BOUND('',#332,.T.);
#200=FACE_OUTER_BOUND('',#333,.T.);
#201=FACE_OUTER_BOUND('',#334,.T.);
#202=FACE_OUTER_BOUND('',#335,.T.);
#203=FACE_OUTER_BOUND('',#336,.T.);
#204=FACE_OUTER_BOUND('',#337,.T.);
#205=FACE_OUTER_BOUND('',#338,.T.);
#206=FACE_OUTER_BOUND('',#339,.T.);
#207=FACE_OUTER_BOUND('',#340,.T.);
#208=FACE_OUTER_BOUND('',#341,.T.);
#209=FACE_OUTER_BOUND('',#342,.T.);
#210=FACE_OUTER_BOUND('',#343,.T.);
#211=FACE_OUTER_BOUND('',#344,.T.);
#212=FACE_OUTER_BOUND('',#345,.T.);
#213=FACE_OUTER_BOUND('',#346,.T.);
#214=FACE_OUTER_BOUND('',#347,.T.);
#215=FACE_OUTER_BOUND('',#348,.T.);
#216=FACE_OUTER_BOUND('',#349,.T.);
#217=FACE_OUTER_BOUND('',#350,.T.);
#218=FACE_OUTER_BOUND('',#351,.T.);
#219=FACE_OUTER_BOUND('',#352,.T.);
#220=FACE_OUTER_BOUND('',#353,.T.);
#221=FACE_OUTER_BOUND('',#354,.T.);
#222=FACE_OUTER_BOUND('',#355,.T.);
#223=FACE_OUTER_BOUND('',#356,.T.);
#224=FACE_OUTER_BOUND('',#357,.T.);
#225=FACE_OUTER_BOUND('',#358,.T.);
#226=FACE_OUTER_BOUND('',#359,.T.);
#227=FACE_OUTER_BOUND('',#360,.T.);
#228=FACE_OUTER_BOUND('',#361,.T.);
#229=FACE_OUTER_BOUND('',#362,.T.);
#230=FACE_OUTER_BOUND('',#363,.T.);
#231=FACE_OUTER_BOUND('',#364,.T.);
#232=FACE_OUTER_BOUND('',#365,.T.);
#233=FACE_OUTER_BOUND('',#366,.T.);
#234=FACE_OUTER_BOUND('',#367,.T.);
#235=FACE_OUTER_BOUND('',#368,.T.);
#236=FACE_OUTER_BOUND('',#369,.T.);
#237=FACE_OUTER_BOUND('',#370,.T.);
#238=FACE_OUTER_BOUND('',#371,.T.);
#239=FACE_OUTER_BOUND('',#372,.T.);
#240=FACE_OUTER_BOUND('',#373,.T.);
#241=FACE_OUTER_BOUND('',#374,.T.);
#242=FACE_OUTER_BOUND('',#375,.T.);
#243=FACE_OUTER_BOUND('',#376,.T.);
#244=FACE_OUTER_BOUND('',#377,.T.);
#245=FACE_OUTER_BOUND('',#378,.T.);
#246=FACE_OUTER_BOUND('',#379,.T.);
#247=FACE_OUTER_BOUND('',#380,.T.);
#248=FACE_OUTER_BOUND('',#381,.T.);
#249=FACE_OUTER_BOUND('',#382,.T.);
#250=FACE_OUTER_BOUND('',#383,.T.);
#251=FACE_OUTER_BOUND('',#384,.T.);
#252=FACE_OUTER_BOUND('',#385,.T.);
#253=FACE_OUTER_BOUND('',#386,.T.);
#254=FACE_OUTER_BOUND('',#387,.T.);
#255=FACE_OUTER_BOUND('',#388,.T.);
#256=FACE_OUTER_BOUND('',#389,.T.);
#257=FACE_OUTER_BOUND('',#390,.T.);
#258=FACE_OUTER_BOUND('',#391,.T.);
#259=FACE_OUTER_BOUND('',#392,.T.);
#260=FACE_OUTER_BOUND('',#393,.T.);
#261=FACE_OUTER_BOUND('',#394,.T.);
#262=FACE_OUTER_BOUND('',#395,.T.);
#263=FACE_OUTER_BOUND('',#396,.T.);
#264=FACE_OUTER_BOUND('',#397,.T.);
#265=FACE_OUTER_BOUND('',#398,.T.);
#266=FACE_OUTER_BOUND('',#399,.T.);
#267=FACE_OUTER_BOUND('',#400,.T.);
#268=FACE_OUTER_BOUND('',#401,.T.);
#269=FACE_OUTER_BOUND('',#402,.T.);
#270=FACE_OUTER_BOUND('',#403,.T.);
#271=FACE_OUTER_BOUND('',#404,.T.);
#272=FACE_OUTER_BOUND('',#405,.T.);
#273=FACE_OUTER_BOUND('',#406,.T.);
#274=FACE_OUTER_BOUND('',#407,.T.);
#275=FACE_OUTER_BOUND('',#408,.T.);
#276=EDGE_LOOP('',(#1665,#1666,#1667));
#277=EDGE_LOOP('',(#1668,#1669,#1670,#1671));
#278=EDGE_LOOP('',(#1672,#1673,#1674));
#279=EDGE_LOOP('',(#1675,#1676,#1677,#1678));
#280=EDGE_LOOP('',(#1679,#1680,#1681));
#281=EDGE_LOOP('',(#1682,#1683,#1684,#1685));
#282=EDGE_LOOP('',(#1686,#1687,#1688));
#283=EDGE_LOOP('',(#1689,#1690,#1691,#1692));
#284=EDGE_LOOP('',(#1693,#1694,#1695));
#285=EDGE_LOOP('',(#1696,#1697,#1698,#1699));
#286=EDGE_LOOP('',(#1700,#1701,#1702));
#287=EDGE_LOOP('',(#1703,#1704,#1705,#1706));
#288=EDGE_LOOP('',(#1707,#1708,#1709,#1710,#1711,#1712));
#289=EDGE_LOOP('',(#1713,#1714,#1715,#1716));
#290=EDGE_LOOP('',(#1717,#1718,#1719,#1720,#1721,#1722));
#291=EDGE_LOOP('',(#1723,#1724,#1725,#1726));
#292=EDGE_LOOP('',(#1727,#1728,#1729,#1730,#1731,#1732));
#293=EDGE_LOOP('',(#1733,#1734,#1735,#1736,#1737,#1738,#1739,#1740));
#294=EDGE_LOOP('',(#1741,#1742,#1743,#1744,#1745,#1746,#1747,#1748,#1749,
#1750,#1751,#1752,#1753,#1754,#1755,#1756,#1757,#1758,#1759,#1760,#1761,
#1762,#1763,#1764,#1765,#1766,#1767,#1768,#1769,#1770,#1771,#1772,#1773,
#1774,#1775,#1776,#1777,#1778,#1779,#1780,#1781,#1782,#1783,#1784));
#295=EDGE_LOOP('',(#1785,#1786,#1787,#1788));
#296=EDGE_LOOP('',(#1789,#1790,#1791,#1792));
#297=EDGE_LOOP('',(#1793,#1794,#1795,#1796,#1797,#1798,#1799,#1800,#1801,
#1802,#1803,#1804,#1805,#1806,#1807,#1808,#1809,#1810,#1811,#1812,#1813,
#1814,#1815,#1816,#1817,#1818,#1819,#1820,#1821,#1822,#1823,#1824,#1825,
#1826));
#298=EDGE_LOOP('',(#1827,#1828,#1829,#1830));
#299=EDGE_LOOP('',(#1831,#1832,#1833,#1834));
#300=EDGE_LOOP('',(#1835,#1836,#1837,#1838));
#301=EDGE_LOOP('',(#1839,#1840,#1841,#1842));
#302=EDGE_LOOP('',(#1843,#1844,#1845,#1846));
#303=EDGE_LOOP('',(#1847,#1848,#1849,#1850));
#304=EDGE_LOOP('',(#1851,#1852,#1853,#1854));
#305=EDGE_LOOP('',(#1855,#1856,#1857,#1858));
#306=EDGE_LOOP('',(#1859,#1860,#1861,#1862));
#307=EDGE_LOOP('',(#1863,#1864,#1865,#1866,#1867,#1868));
#308=EDGE_LOOP('',(#1869,#1870,#1871,#1872));
#309=EDGE_LOOP('',(#1873,#1874,#1875,#1876));
#310=EDGE_LOOP('',(#1877,#1878,#1879,#1880));
#311=EDGE_LOOP('',(#1881,#1882,#1883,#1884));
#312=EDGE_LOOP('',(#1885,#1886,#1887,#1888));
#313=EDGE_LOOP('',(#1889,#1890,#1891,#1892));
#314=EDGE_LOOP('',(#1893,#1894,#1895,#1896));
#315=EDGE_LOOP('',(#1897,#1898,#1899,#1900,#1901,#1902,#1903,#1904));
#316=EDGE_LOOP('',(#1905,#1906,#1907,#1908,#1909,#1910,#1911,#1912));
#317=EDGE_LOOP('',(#1913,#1914,#1915,#1916));
#318=EDGE_LOOP('',(#1917,#1918,#1919,#1920));
#319=EDGE_LOOP('',(#1921,#1922,#1923,#1924));
#320=EDGE_LOOP('',(#1925,#1926,#1927,#1928,#1929,#1930));
#321=EDGE_LOOP('',(#1931,#1932,#1933,#1934));
#322=EDGE_LOOP('',(#1935,#1936,#1937,#1938));
#323=EDGE_LOOP('',(#1939,#1940,#1941,#1942));
#324=EDGE_LOOP('',(#1943,#1944,#1945,#1946));
#325=EDGE_LOOP('',(#1947,#1948,#1949,#1950));
#326=EDGE_LOOP('',(#1951,#1952,#1953,#1954));
#327=EDGE_LOOP('',(#1955,#1956,#1957,#1958));
#328=EDGE_LOOP('',(#1959,#1960,#1961,#1962));
#329=EDGE_LOOP('',(#1963,#1964,#1965,#1966));
#330=EDGE_LOOP('',(#1967,#1968,#1969,#1970));
#331=EDGE_LOOP('',(#1971,#1972,#1973,#1974));
#332=EDGE_LOOP('',(#1975,#1976,#1977,#1978));
#333=EDGE_LOOP('',(#1979,#1980,#1981,#1982,#1983,#1984));
#334=EDGE_LOOP('',(#1985,#1986,#1987,#1988,#1989,#1990));
#335=EDGE_LOOP('',(#1991,#1992,#1993,#1994));
#336=EDGE_LOOP('',(#1995,#1996,#1997,#1998));
#337=EDGE_LOOP('',(#1999,#2000,#2001,#2002,#2003,#2004,#2005,#2006,#2007,
#2008,#2009,#2010));
#338=EDGE_LOOP('',(#2011,#2012,#2013,#2014));
#339=EDGE_LOOP('',(#2015,#2016,#2017,#2018,#2019,#2020,#2021,#2022));
#340=EDGE_LOOP('',(#2023,#2024,#2025,#2026));
#341=EDGE_LOOP('',(#2027,#2028,#2029,#2030,#2031));
#342=EDGE_LOOP('',(#2032,#2033,#2034,#2035));
#343=EDGE_LOOP('',(#2036,#2037,#2038,#2039,#2040));
#344=EDGE_LOOP('',(#2041,#2042,#2043,#2044,#2045,#2046,#2047,#2048,#2049,
#2050,#2051,#2052,#2053,#2054,#2055,#2056,#2057,#2058,#2059,#2060,#2061,
#2062,#2063,#2064));
#345=EDGE_LOOP('',(#2065,#2066,#2067,#2068,#2069,#2070,#2071,#2072,#2073,
#2074));
#346=EDGE_LOOP('',(#2075,#2076,#2077,#2078));
#347=EDGE_LOOP('',(#2079,#2080,#2081,#2082));
#348=EDGE_LOOP('',(#2083,#2084,#2085,#2086));
#349=EDGE_LOOP('',(#2087,#2088,#2089,#2090));
#350=EDGE_LOOP('',(#2091,#2092,#2093,#2094));
#351=EDGE_LOOP('',(#2095,#2096,#2097,#2098));
#352=EDGE_LOOP('',(#2099,#2100,#2101,#2102));
#353=EDGE_LOOP('',(#2103,#2104,#2105,#2106));
#354=EDGE_LOOP('',(#2107,#2108,#2109,#2110,#2111,#2112,#2113,#2114,#2115,
#2116));
#355=EDGE_LOOP('',(#2117,#2118,#2119,#2120));
#356=EDGE_LOOP('',(#2121,#2122,#2123,#2124));
#357=EDGE_LOOP('',(#2125,#2126,#2127,#2128));
#358=EDGE_LOOP('',(#2129,#2130,#2131,#2132));
#359=EDGE_LOOP('',(#2133,#2134,#2135,#2136));
#360=EDGE_LOOP('',(#2137,#2138,#2139,#2140));
#361=EDGE_LOOP('',(#2141,#2142,#2143,#2144));
#362=EDGE_LOOP('',(#2145,#2146,#2147,#2148));
#363=EDGE_LOOP('',(#2149,#2150,#2151,#2152));
#364=EDGE_LOOP('',(#2153,#2154,#2155,#2156));
#365=EDGE_LOOP('',(#2157,#2158,#2159,#2160));
#366=EDGE_LOOP('',(#2161,#2162,#2163,#2164));
#367=EDGE_LOOP('',(#2165,#2166,#2167,#2168));
#368=EDGE_LOOP('',(#2169,#2170,#2171,#2172));
#369=EDGE_LOOP('',(#2173,#2174,#2175,#2176));
#370=EDGE_LOOP('',(#2177,#2178,#2179,#2180));
#371=EDGE_LOOP('',(#2181,#2182,#2183,#2184));
#372=EDGE_LOOP('',(#2185,#2186,#2187,#2188,#2189,#2190,#2191,#2192,#2193));
#373=EDGE_LOOP('',(#2194,#2195,#2196,#2197,#2198,#2199,#2200,#2201));
#374=EDGE_LOOP('',(#2202,#2203,#2204,#2205,#2206,#2207));
#375=EDGE_LOOP('',(#2208,#2209,#2210,#2211));
#376=EDGE_LOOP('',(#2212,#2213,#2214,#2215));
#377=EDGE_LOOP('',(#2216,#2217,#2218,#2219,#2220));
#378=EDGE_LOOP('',(#2221,#2222,#2223,#2224,#2225,#2226));
#379=EDGE_LOOP('',(#2227,#2228,#2229,#2230,#2231,#2232));
#380=EDGE_LOOP('',(#2233,#2234,#2235,#2236));
#381=EDGE_LOOP('',(#2237,#2238,#2239,#2240));
#382=EDGE_LOOP('',(#2241,#2242,#2243,#2244));
#383=EDGE_LOOP('',(#2245,#2246,#2247,#2248));
#384=EDGE_LOOP('',(#2249,#2250,#2251,#2252));
#385=EDGE_LOOP('',(#2253,#2254,#2255,#2256));
#386=EDGE_LOOP('',(#2257,#2258,#2259,#2260));
#387=EDGE_LOOP('',(#2261,#2262,#2263,#2264));
#388=EDGE_LOOP('',(#2265,#2266,#2267,#2268));
#389=EDGE_LOOP('',(#2269,#2270,#2271,#2272,#2273,#2274));
#390=EDGE_LOOP('',(#2275,#2276,#2277,#2278,#2279,#2280));
#391=EDGE_LOOP('',(#2281,#2282,#2283,#2284));
#392=EDGE_LOOP('',(#2285,#2286,#2287,#2288));
#393=EDGE_LOOP('',(#2289,#2290,#2291,#2292));
#394=EDGE_LOOP('',(#2293,#2294,#2295,#2296));
#395=EDGE_LOOP('',(#2297,#2298,#2299,#2300));
#396=EDGE_LOOP('',(#2301,#2302,#2303,#2304));
#397=EDGE_LOOP('',(#2305,#2306,#2307,#2308));
#398=EDGE_LOOP('',(#2309,#2310,#2311,#2312));
#399=EDGE_LOOP('',(#2313,#2314,#2315,#2316));
#400=EDGE_LOOP('',(#2317,#2318,#2319,#2320));
#401=EDGE_LOOP('',(#2321,#2322,#2323,#2324));
#402=EDGE_LOOP('',(#2325,#2326,#2327,#2328));
#403=EDGE_LOOP('',(#2329,#2330,#2331,#2332));
#404=EDGE_LOOP('',(#2333,#2334,#2335,#2336));
#405=EDGE_LOOP('',(#2337,#2338,#2339,#2340));
#406=EDGE_LOOP('',(#2341,#2342,#2343,#2344,#2345,#2346,#2347,#2348,#2349,
#2350,#2351,#2352));
#407=EDGE_LOOP('',(#2353,#2354,#2355,#2356));
#408=EDGE_LOOP('',(#2357,#2358,#2359,#2360,#2361,#2362,#2363,#2364,#2365,
#2366,#2367,#2368,#2369,#2370,#2371,#2372,#2373,#2374,#2375,#2376,#2377,
#2378,#2379,#2380,#2381,#2382,#2383,#2384,#2385,#2386,#2387,#2388,#2389,
#2390,#2391,#2392,#2393,#2394,#2395,#2396,#2397,#2398,#2399,#2400,#2401,
#2402));
#409=EDGE_LOOP('',(#2403));
#410=EDGE_LOOP('',(#2404));
#411=EDGE_LOOP('',(#2405));
#412=EDGE_LOOP('',(#2406));
#413=EDGE_LOOP('',(#2407));
#414=EDGE_LOOP('',(#2408));
#415=LINE('',#3554,#674);
#416=LINE('',#3558,#675);
#417=LINE('',#3563,#676);
#418=LINE('',#3567,#677);
#419=LINE('',#3572,#678);
#420=LINE('',#3576,#679);
#421=LINE('',#3581,#680);
#422=LINE('',#3585,#681);
#423=LINE('',#3590,#682);
#424=LINE('',#3594,#683);
#425=LINE('',#3599,#684);
#426=LINE('',#3603,#685);
#427=LINE('',#3607,#686);
#428=LINE('',#3609,#687);
#429=LINE('',#3611,#688);
#430=LINE('',#3613,#689);
#431=LINE('',#3615,#690);
#432=LINE('',#3616,#691);
#433=LINE('',#3620,#692);
#434=LINE('',#3622,#693);
#435=LINE('',#3624,#694);
#436=LINE('',#3625,#695);
#437=LINE('',#3628,#696);
#438=LINE('',#3630,#697);
#439=LINE('',#3632,#698);
#440=LINE('',#3634,#699);
#441=LINE('',#3635,#700);
#442=LINE('',#3641,#701);
#443=LINE('',#3644,#702);
#444=LINE('',#3647,#703);
#445=LINE('',#3649,#704);
#446=LINE('',#3651,#705);
#447=LINE('',#3653,#706);
#448=LINE('',#3654,#707);
#449=LINE('',#3658,#708);
#450=LINE('',#3662,#709);
#451=LINE('',#3666,#710);
#452=LINE('',#3670,#711);
#453=LINE('',#3673,#712);
#454=LINE('',#3679,#713);
#455=LINE('',#3685,#714);
#456=LINE('',#3689,#715);
#457=LINE('',#3696,#716);
#458=LINE('',#3700,#717);
#459=LINE('',#3704,#718);
#460=LINE('',#3708,#719);
#461=LINE('',#3714,#720);
#462=LINE('',#3718,#721);
#463=LINE('',#3722,#722);
#464=LINE('',#3728,#723);
#465=LINE('',#3732,#724);
#466=LINE('',#3736,#725);
#467=LINE('',#3740,#726);
#468=LINE('',#3743,#727);
#469=LINE('',#3749,#728);
#470=LINE('',#3752,#729);
#471=LINE('',#3755,#730);
#472=LINE('',#3756,#731);
#473=LINE('',#3759,#732);
#474=LINE('',#3765,#733);
#475=LINE('',#3769,#734);
#476=LINE('',#3773,#735);
#477=LINE('',#3779,#736);
#478=LINE('',#3783,#737);
#479=LINE('',#3787,#738);
#480=LINE('',#3789,#739);
#481=LINE('',#3793,#740);
#482=LINE('',#3795,#741);
#483=LINE('',#3799,#742);
#484=LINE('',#3801,#743);
#485=LINE('',#3803,#744);
#486=LINE('',#3805,#745);
#487=LINE('',#3807,#746);
#488=LINE('',#3811,#747);
#489=LINE('',#3813,#748);
#490=LINE('',#3817,#749);
#491=LINE('',#3819,#750);
#492=LINE('',#3822,#751);
#493=LINE('',#3823,#752);
#494=LINE('',#3825,#753);
#495=LINE('',#3827,#754);
#496=LINE('',#3828,#755);
#497=LINE('',#3830,#756);
#498=LINE('',#3835,#757);
#499=LINE('',#3836,#758);
#500=LINE('',#3838,#759);
#501=LINE('',#3841,#760);
#502=LINE('',#3844,#761);
#503=LINE('',#3847,#762);
#504=LINE('',#3851,#763);
#505=LINE('',#3854,#764);
#506=LINE('',#3857,#765);
#507=LINE('',#3859,#766);
#508=LINE('',#3861,#767);
#509=LINE('',#3862,#768);
#510=LINE('',#3864,#769);
#511=LINE('',#3865,#770);
#512=LINE('',#3867,#771);
#513=LINE('',#3870,#772);
#514=LINE('',#3873,#773);
#515=LINE('',#3876,#774);
#516=LINE('',#3877,#775);
#517=LINE('',#3880,#776);
#518=LINE('',#3883,#777);
#519=LINE('',#3886,#778);
#520=LINE('',#3887,#779);
#521=LINE('',#3893,#780);
#522=LINE('',#3896,#781);
#523=LINE('',#3899,#782);
#524=LINE('',#3903,#783);
#525=LINE('',#3907,#784);
#526=LINE('',#3909,#785);
#527=LINE('',#3910,#786);
#528=LINE('',#3911,#787);
#529=LINE('',#3915,#788);
#530=LINE('',#3920,#789);
#531=LINE('',#3927,#790);
#532=LINE('',#3930,#791);
#533=LINE('',#3932,#792);
#534=LINE('',#3934,#793);
#535=LINE('',#3936,#794);
#536=LINE('',#3937,#795);
#537=LINE('',#3939,#796);
#538=LINE('',#3941,#797);
#539=LINE('',#3946,#798);
#540=LINE('',#3951,#799);
#541=LINE('',#3952,#800);
#542=LINE('',#3954,#801);
#543=LINE('',#3956,#802);
#544=LINE('',#3958,#803);
#545=LINE('',#3961,#804);
#546=LINE('',#3963,#805);
#547=LINE('',#3969,#806);
#548=LINE('',#3972,#807);
#549=LINE('',#3978,#808);
#550=LINE('',#3980,#809);
#551=LINE('',#3983,#810);
#552=LINE('',#3988,#811);
#553=LINE('',#3990,#812);
#554=LINE('',#3992,#813);
#555=LINE('',#3994,#814);
#556=LINE('',#3996,#815);
#557=LINE('',#3998,#816);
#558=LINE('',#3999,#817);
#559=LINE('',#4000,#818);
#560=LINE('',#4002,#819);
#561=LINE('',#4004,#820);
#562=LINE('',#4006,#821);
#563=LINE('',#4007,#822);
#564=LINE('',#4014,#823);
#565=LINE('',#4018,#824);
#566=LINE('',#4022,#825);
#567=LINE('',#4024,#826);
#568=LINE('',#4025,#827);
#569=LINE('',#4028,#828);
#570=LINE('',#4032,#829);
#571=LINE('',#4033,#830);
#572=LINE('',#4036,#831);
#573=LINE('',#4040,#832);
#574=LINE('',#4044,#833);
#575=LINE('',#4048,#834);
#576=LINE('',#4052,#835);
#577=LINE('',#4054,#836);
#578=LINE('',#4056,#837);
#579=LINE('',#4058,#838);
#580=LINE('',#4060,#839);
#581=LINE('',#4064,#840);
#582=LINE('',#4068,#841);
#583=LINE('',#4072,#842);
#584=LINE('',#4076,#843);
#585=LINE('',#4077,#844);
#586=LINE('',#4082,#845);
#587=LINE('',#4085,#846);
#588=LINE('',#4086,#847);
#589=LINE('',#4090,#848);
#590=LINE('',#4093,#849);
#591=LINE('',#4094,#850);
#592=LINE('',#4098,#851);
#593=LINE('',#4100,#852);
#594=LINE('',#4104,#853);
#595=LINE('',#4108,#854);
#596=LINE('',#4115,#855);
#597=LINE('',#4118,#856);
#598=LINE('',#4120,#857);
#599=LINE('',#4121,#858);
#600=LINE('',#4123,#859);
#601=LINE('',#4124,#860);
#602=LINE('',#4127,#861);
#603=LINE('',#4132,#862);
#604=LINE('',#4134,#863);
#605=LINE('',#4135,#864);
#606=LINE('',#4138,#865);
#607=LINE('',#4142,#866);
#608=LINE('',#4143,#867);
#609=LINE('',#4146,#868);
#610=LINE('',#4150,#869);
#611=LINE('',#4151,#870);
#612=LINE('',#4154,#871);
#613=LINE('',#4158,#872);
#614=LINE('',#4159,#873);
#615=LINE('',#4163,#874);
#616=LINE('',#4164,#875);
#617=LINE('',#4166,#876);
#618=LINE('',#4168,#877);
#619=LINE('',#4170,#878);
#620=LINE('',#4176,#879);
#621=LINE('',#4179,#880);
#622=LINE('',#4181,#881);
#623=LINE('',#4182,#882);
#624=LINE('',#4185,#883);
#625=LINE('',#4188,#884);
#626=LINE('',#4190,#885);
#627=LINE('',#4191,#886);
#628=LINE('',#4193,#887);
#629=LINE('',#4194,#888);
#630=LINE('',#4197,#889);
#631=LINE('',#4200,#890);
#632=LINE('',#4201,#891);
#633=LINE('',#4203,#892);
#634=LINE('',#4205,#893);
#635=LINE('',#4208,#894);
#636=LINE('',#4209,#895);
#637=LINE('',#4212,#896);
#638=LINE('',#4213,#897);
#639=LINE('',#4216,#898);
#640=LINE('',#4217,#899);
#641=LINE('',#4220,#900);
#642=LINE('',#4221,#901);
#643=LINE('',#4225,#902);
#644=LINE('',#4228,#903);
#645=LINE('',#4229,#904);
#646=LINE('',#4233,#905);
#647=LINE('',#4236,#906);
#648=LINE('',#4237,#907);
#649=LINE('',#4241,#908);
#650=LINE('',#4244,#909);
#651=LINE('',#4245,#910);
#652=LINE('',#4250,#911);
#653=LINE('',#4255,#912);
#654=LINE('',#4256,#913);
#655=LINE('',#4259,#914);
#656=LINE('',#4260,#915);
#657=LINE('',#4264,#916);
#658=LINE('',#4267,#917);
#659=LINE('',#4268,#918);
#660=LINE('',#4271,#919);
#661=LINE('',#4272,#920);
#662=LINE('',#4275,#921);
#663=LINE('',#4276,#922);
#664=LINE('',#4279,#923);
#665=LINE('',#4280,#924);
#666=LINE('',#4283,#925);
#667=LINE('',#4284,#926);
#668=LINE('',#4288,#927);
#669=LINE('',#4290,#928);
#670=LINE('',#4292,#929);
#671=LINE('',#4294,#930);
#672=LINE('',#4296,#931);
#673=LINE('',#4298,#932);
#674=VECTOR('',#2804,0.519);
#675=VECTOR('',#2809,1.038);
#676=VECTOR('',#2814,0.519);
#677=VECTOR('',#2819,1.038);
#678=VECTOR('',#2824,0.519);
#679=VECTOR('',#2829,1.038);
#680=VECTOR('',#2834,0.519);
#681=VECTOR('',#2839,1.038);
#682=VECTOR('',#2844,0.519);
#683=VECTOR('',#2849,1.038);
#684=VECTOR('',#2854,0.519);
#685=VECTOR('',#2859,1.038);
#686=VECTOR('',#2862,10.);
#687=VECTOR('',#2863,10.);
#688=VECTOR('',#2864,10.);
#689=VECTOR('',#2865,10.);
#690=VECTOR('',#2866,10.);
#691=VECTOR('',#2867,10.);
#692=VECTOR('',#2870,10.);
#693=VECTOR('',#2871,10.);
#694=VECTOR('',#2872,10.);
#695=VECTOR('',#2873,10.);
#696=VECTOR('',#2876,10.);
#697=VECTOR('',#2877,10.);
#698=VECTOR('',#2878,10.);
#699=VECTOR('',#2879,10.);
#700=VECTOR('',#2880,10.);
#701=VECTOR('',#2885,10.);
#702=VECTOR('',#2888,10.);
#703=VECTOR('',#2891,10.);
#704=VECTOR('',#2892,10.);
#705=VECTOR('',#2893,10.);
#706=VECTOR('',#2894,10.);
#707=VECTOR('',#2895,10.);
#708=VECTOR('',#2898,10.);
#709=VECTOR('',#2901,10.);
#710=VECTOR('',#2904,10.);
#711=VECTOR('',#2907,10.);
#712=VECTOR('',#2910,10.);
#713=VECTOR('',#2915,10.);
#714=VECTOR('',#2920,10.);
#715=VECTOR('',#2923,10.);
#716=VECTOR('',#2930,10.);
#717=VECTOR('',#2933,10.);
#718=VECTOR('',#2936,10.);
#719=VECTOR('',#2939,10.);
#720=VECTOR('',#2944,10.);
#721=VECTOR('',#2947,10.);
#722=VECTOR('',#2950,10.);
#723=VECTOR('',#2955,10.);
#724=VECTOR('',#2958,10.);
#725=VECTOR('',#2961,10.);
#726=VECTOR('',#2964,10.);
#727=VECTOR('',#2967,10.);
#728=VECTOR('',#2974,10.);
#729=VECTOR('',#2977,10.);
#730=VECTOR('',#2980,10.);
#731=VECTOR('',#2981,10.);
#732=VECTOR('',#2984,10.);
#733=VECTOR('',#2989,10.);
#734=VECTOR('',#2992,10.);
#735=VECTOR('',#2995,10.);
#736=VECTOR('',#3000,10.);
#737=VECTOR('',#3003,10.);
#738=VECTOR('',#3006,10.);
#739=VECTOR('',#3007,10.);
#740=VECTOR('',#3010,10.);
#741=VECTOR('',#3011,10.);
#742=VECTOR('',#3014,10.);
#743=VECTOR('',#3015,10.);
#744=VECTOR('',#3016,10.);
#745=VECTOR('',#3017,10.);
#746=VECTOR('',#3018,10.);
#747=VECTOR('',#3021,10.);
#748=VECTOR('',#3022,10.);
#749=VECTOR('',#3025,10.);
#750=VECTOR('',#3026,10.);
#751=VECTOR('',#3031,10.);
#752=VECTOR('',#3032,10.);
#753=VECTOR('',#3035,10.);
#754=VECTOR('',#3038,10.);
#755=VECTOR('',#3039,10.);
#756=VECTOR('',#3042,10.);
#757=VECTOR('',#3047,1.);
#758=VECTOR('',#3048,1.);
#759=VECTOR('',#3051,10.);
#760=VECTOR('',#3054,1.);
#761=VECTOR('',#3057,1.);
#762=VECTOR('',#3060,10.);
#763=VECTOR('',#3065,10.);
#764=VECTOR('',#3068,10.);
#765=VECTOR('',#3071,10.);
#766=VECTOR('',#3072,10.);
#767=VECTOR('',#3073,10.);
#768=VECTOR('',#3074,10.);
#769=VECTOR('',#3077,10.);
#770=VECTOR('',#3078,10.);
#771=VECTOR('',#3081,10.);
#772=VECTOR('',#3084,10.);
#773=VECTOR('',#3087,10.);
#774=VECTOR('',#3090,10.);
#775=VECTOR('',#3091,10.);
#776=VECTOR('',#3094,10.);
#777=VECTOR('',#3097,10.);
#778=VECTOR('',#3100,10.);
#779=VECTOR('',#3101,10.);
#780=VECTOR('',#3106,10.);
#781=VECTOR('',#3109,10.);
#782=VECTOR('',#3112,10.);
#783=VECTOR('',#3115,10.);
#784=VECTOR('',#3120,10.);
#785=VECTOR('',#3123,10.);
#786=VECTOR('',#3124,10.);
#787=VECTOR('',#3125,10.);
#788=VECTOR('',#3130,10.);
#789=VECTOR('',#3135,10.);
#790=VECTOR('',#3142,10.);
#791=VECTOR('',#3145,10.);
#792=VECTOR('',#3148,10.);
#793=VECTOR('',#3149,10.);
#794=VECTOR('',#3150,10.);
#795=VECTOR('',#3151,10.);
#796=VECTOR('',#3154,10.);
#797=VECTOR('',#3157,10.);
#798=VECTOR('',#3164,10.);
#799=VECTOR('',#3169,10.);
#800=VECTOR('',#3170,10.);
#801=VECTOR('',#3173,10.);
#802=VECTOR('',#3176,10.);
#803=VECTOR('',#3179,10.);
#804=VECTOR('',#3184,10.);
#805=VECTOR('',#3187,10.);
#806=VECTOR('',#3194,10.);
#807=VECTOR('',#3197,10.);
#808=VECTOR('',#3202,10.);
#809=VECTOR('',#3205,10.);
#810=VECTOR('',#3208,10.);
#811=VECTOR('',#3215,10.);
#812=VECTOR('',#3218,10.);
#813=VECTOR('',#3219,10.);
#814=VECTOR('',#3220,10.);
#815=VECTOR('',#3221,10.);
#816=VECTOR('',#3222,10.);
#817=VECTOR('',#3223,10.);
#818=VECTOR('',#3224,10.);
#819=VECTOR('',#3227,10.);
#820=VECTOR('',#3230,10.);
#821=VECTOR('',#3231,10.);
#822=VECTOR('',#3232,10.);
#823=VECTOR('',#3239,10.);
#824=VECTOR('',#3242,10.);
#825=VECTOR('',#3247,10.);
#826=VECTOR('',#3248,10.);
#827=VECTOR('',#3249,10.);
#828=VECTOR('',#3252,10.);
#829=VECTOR('',#3255,10.);
#830=VECTOR('',#3256,10.);
#831=VECTOR('',#3259,10.);
#832=VECTOR('',#3262,10.);
#833=VECTOR('',#3265,10.);
#834=VECTOR('',#3268,10.);
#835=VECTOR('',#3271,10.);
#836=VECTOR('',#3272,10.);
#837=VECTOR('',#3273,10.);
#838=VECTOR('',#3274,10.);
#839=VECTOR('',#3275,10.);
#840=VECTOR('',#3278,10.);
#841=VECTOR('',#3281,10.);
#842=VECTOR('',#3284,10.);
#843=VECTOR('',#3287,10.);
#844=VECTOR('',#3288,10.);
#845=VECTOR('',#3293,10.);
#846=VECTOR('',#3296,10.);
#847=VECTOR('',#3297,10.);
#848=VECTOR('',#3302,10.);
#849=VECTOR('',#3305,10.);
#850=VECTOR('',#3306,10.);
#851=VECTOR('',#3311,10.);
#852=VECTOR('',#3314,10.);
#853=VECTOR('',#3317,10.);
#854=VECTOR('',#3320,10.);
#855=VECTOR('',#3327,10.);
#856=VECTOR('',#3330,10.);
#857=VECTOR('',#3333,10.);
#858=VECTOR('',#3334,10.);
#859=VECTOR('',#3337,10.);
#860=VECTOR('',#3338,10.);
#861=VECTOR('',#3343,10.);
#862=VECTOR('',#3350,10.);
#863=VECTOR('',#3351,10.);
#864=VECTOR('',#3352,10.);
#865=VECTOR('',#3355,10.);
#866=VECTOR('',#3360,10.);
#867=VECTOR('',#3361,10.);
#868=VECTOR('',#3364,10.);
#869=VECTOR('',#3369,10.);
#870=VECTOR('',#3370,10.);
#871=VECTOR('',#3373,10.);
#872=VECTOR('',#3378,10.);
#873=VECTOR('',#3379,10.);
#874=VECTOR('',#3386,10.);
#875=VECTOR('',#3387,10.);
#876=VECTOR('',#3390,10.);
#877=VECTOR('',#3393,10.);
#878=VECTOR('',#3396,10.);
#879=VECTOR('',#3401,10.);
#880=VECTOR('',#3404,10.);
#881=VECTOR('',#3407,10.);
#882=VECTOR('',#3408,10.);
#883=VECTOR('',#3411,10.);
#884=VECTOR('',#3414,10.);
#885=VECTOR('',#3417,10.);
#886=VECTOR('',#3418,10.);
#887=VECTOR('',#3419,10.);
#888=VECTOR('',#3420,10.);
#889=VECTOR('',#3425,10.);
#890=VECTOR('',#3428,10.);
#891=VECTOR('',#3429,10.);
#892=VECTOR('',#3432,10.);
#893=VECTOR('',#3435,10.);
#894=VECTOR('',#3438,10.);
#895=VECTOR('',#3439,10.);
#896=VECTOR('',#3442,10.);
#897=VECTOR('',#3443,10.);
#898=VECTOR('',#3446,10.);
#899=VECTOR('',#3447,10.);
#900=VECTOR('',#3450,10.);
#901=VECTOR('',#3451,10.);
#902=VECTOR('',#3456,10.);
#903=VECTOR('',#3459,10.);
#904=VECTOR('',#3460,10.);
#905=VECTOR('',#3465,10.);
#906=VECTOR('',#3468,10.);
#907=VECTOR('',#3469,10.);
#908=VECTOR('',#3474,10.);
#909=VECTOR('',#3477,10.);
#910=VECTOR('',#3478,10.);
#911=VECTOR('',#3487,10.);
#912=VECTOR('',#3494,10.);
#913=VECTOR('',#3495,10.);
#914=VECTOR('',#3498,10.);
#915=VECTOR('',#3499,10.);
#916=VECTOR('',#3504,10.);
#917=VECTOR('',#3507,10.);
#918=VECTOR('',#3508,10.);
#919=VECTOR('',#3511,10.);
#920=VECTOR('',#3512,10.);
#921=VECTOR('',#3515,10.);
#922=VECTOR('',#3516,10.);
#923=VECTOR('',#3519,10.);
#924=VECTOR('',#3520,10.);
#925=VECTOR('',#3523,10.);
#926=VECTOR('',#3524,10.);
#927=VECTOR('',#3529,10.);
#928=VECTOR('',#3532,10.);
#929=VECTOR('',#3535,10.);
#930=VECTOR('',#3538,10.);
#931=VECTOR('',#3541,10.);
#932=VECTOR('',#3544,10.);
#933=CIRCLE('',#2554,1.03775);
#934=CIRCLE('',#2556,1.03775);
#935=CIRCLE('',#2558,1.03775);
#936=CIRCLE('',#2560,1.03775);
#937=CIRCLE('',#2562,1.03775);
#938=CIRCLE('',#2564,1.03775);
#939=CIRCLE('',#2566,1.03775);
#940=CIRCLE('',#2568,1.03775);
#941=CIRCLE('',#2570,1.03775);
#942=CIRCLE('',#2572,1.03775);
#943=CIRCLE('',#2574,1.03775);
#944=CIRCLE('',#2576,1.03775);
#945=CIRCLE('',#2581,1.);
#946=CIRCLE('',#2582,1.);
#947=CIRCLE('',#2585,5.00000000000011);
#948=CIRCLE('',#2586,4.99999999999994);
#949=CIRCLE('',#2587,5.00000000000173);
#950=CIRCLE('',#2588,5.00000000000484);
#951=CIRCLE('',#2589,1.);
#952=CIRCLE('',#2590,1.);
#953=CIRCLE('',#2591,1.);
#954=CIRCLE('',#2592,1.);
#955=CIRCLE('',#2593,1.);
#956=CIRCLE('',#2594,1.);
#957=CIRCLE('',#2595,6.49998064785637);
#958=CIRCLE('',#2596,1.);
#959=CIRCLE('',#2597,1.);
#960=CIRCLE('',#2598,1.);
#961=CIRCLE('',#2599,1.);
#962=CIRCLE('',#2600,1.);
#963=CIRCLE('',#2601,1.);
#964=CIRCLE('',#2602,1.);
#965=CIRCLE('',#2603,1.);
#966=CIRCLE('',#2604,1.);
#967=CIRCLE('',#2605,1.);
#968=CIRCLE('',#2606,1.);
#969=CIRCLE('',#2607,1.);
#970=CIRCLE('',#2608,1.);
#971=CIRCLE('',#2609,1.);
#972=CIRCLE('',#2610,6.50000301911709);
#973=CIRCLE('',#2611,1.);
#974=CIRCLE('',#2613,1.);
#975=CIRCLE('',#2616,1.);
#976=CIRCLE('',#2617,1.);
#977=CIRCLE('',#2618,1.);
#978=CIRCLE('',#2619,1.);
#979=CIRCLE('',#2620,1.);
#980=CIRCLE('',#2621,1.);
#981=CIRCLE('',#2622,1.);
#982=CIRCLE('',#2623,1.);
#983=CIRCLE('',#2624,1.);
#984=CIRCLE('',#2625,4.19999999999999);
#985=CIRCLE('',#2626,4.2);
#986=CIRCLE('',#2627,1.);
#987=CIRCLE('',#2628,1.);
#988=CIRCLE('',#2634,1.);
#989=CIRCLE('',#2637,1.);
#990=CIRCLE('',#2639,1.);
#991=CIRCLE('',#2641,1.);
#992=CIRCLE('',#2646,1.);
#993=CIRCLE('',#2649,1.);
#994=CIRCLE('',#2652,1.);
#995=CIRCLE('',#2653,1.);
#996=CIRCLE('',#2655,1.);
#997=CIRCLE('',#2656,1.);
#998=CIRCLE('',#2657,1.);
#999=CIRCLE('',#2660,1.);
#1000=CIRCLE('',#2662,1.);
#1001=CIRCLE('',#2663,1.);
#1002=CIRCLE('',#2665,1.);
#1003=CIRCLE('',#2666,1.);
#1004=CIRCLE('',#2672,1.);
#1005=CIRCLE('',#2674,1.);
#1006=CIRCLE('',#2683,1.);
#1007=CIRCLE('',#2684,1.);
#1008=CIRCLE('',#2686,1.);
#1009=CIRCLE('',#2687,1.);
#1010=CIRCLE('',#2689,6.50000301911709);
#1011=CIRCLE('',#2691,1.);
#1012=CIRCLE('',#2697,1.59999999999987);
#1013=CIRCLE('',#2698,1.59999999999987);
#1014=CIRCLE('',#2699,1.59999999999987);
#1015=CIRCLE('',#2702,1.45);
#1016=CIRCLE('',#2704,6.00000000000173);
#1017=CIRCLE('',#2705,5.99999999999994);
#1018=CIRCLE('',#2706,6.00000000000011);
#1019=CIRCLE('',#2707,6.00000000000485);
#1020=CIRCLE('',#2708,4.50000000000241);
#1021=CIRCLE('',#2709,4.49999999999703);
#1022=CIRCLE('',#2710,4.50000000004651);
#1023=CIRCLE('',#2711,4.4999999999666);
#1024=CIRCLE('',#2713,4.24999999992949);
#1025=CIRCLE('',#2714,4.24999999992949);
#1026=CIRCLE('',#2716,4.24999999992949);
#1027=CIRCLE('',#2719,4.24999999992949);
#1028=CIRCLE('',#2722,4.24999999996874);
#1029=CIRCLE('',#2723,4.24999999996874);
#1030=CIRCLE('',#2725,4.24999999996873);
#1031=CIRCLE('',#2726,4.24999999996873);
#1032=CIRCLE('',#2730,6.49998064785637);
#1033=CIRCLE('',#2735,6.00000000000012);
#1034=CIRCLE('',#2738,5.99999999999994);
#1035=CIRCLE('',#2741,6.00000000000173);
#1036=CIRCLE('',#2744,6.00000000000485);
#1037=CIRCLE('',#2750,1.45);
#1038=CIRCLE('',#2751,1.45);
#1039=CIRCLE('',#2754,1.45);
#1040=CIRCLE('',#2766,4.50000000000241);
#1041=CIRCLE('',#2769,4.49999999999703);
#1042=CIRCLE('',#2772,4.50000000004651);
#1043=CIRCLE('',#2775,4.4999999999666);
#1044=CIRCLE('',#2783,4.19999999999999);
#1045=CIRCLE('',#2790,4.2);
#1046=VERTEX_POINT('',#3551);
#1047=VERTEX_POINT('',#3553);
#1048=VERTEX_POINT('',#3556);
#1049=VERTEX_POINT('',#3560);
#1050=VERTEX_POINT('',#3562);
#1051=VERTEX_POINT('',#3565);
#1052=VERTEX_POINT('',#3569);
#1053=VERTEX_POINT('',#3571);
#1054=VERTEX_POINT('',#3574);
#1055=VERTEX_POINT('',#3578);
#1056=VERTEX_POINT('',#3580);
#1057=VERTEX_POINT('',#3583);
#1058=VERTEX_POINT('',#3587);
#1059=VERTEX_POINT('',#3589);
#1060=VERTEX_POINT('',#3592);
#1061=VERTEX_POINT('',#3596);
#1062=VERTEX_POINT('',#3598);
#1063=VERTEX_POINT('',#3601);
#1064=VERTEX_POINT('',#3605);
#1065=VERTEX_POINT('',#3606);
#1066=VERTEX_POINT('',#3608);
#1067=VERTEX_POINT('',#3610);
#1068=VERTEX_POINT('',#3612);
#1069=VERTEX_POINT('',#3614);
#1070=VERTEX_POINT('',#3618);
#1071=VERTEX_POINT('',#3619);
#1072=VERTEX_POINT('',#3621);
#1073=VERTEX_POINT('',#3623);
#1074=VERTEX_POINT('',#3627);
#1075=VERTEX_POINT('',#3629);
#1076=VERTEX_POINT('',#3631);
#1077=VERTEX_POINT('',#3633);
#1078=VERTEX_POINT('',#3637);
#1079=VERTEX_POINT('',#3638);
#1080=VERTEX_POINT('',#3640);
#1081=VERTEX_POINT('',#3642);
#1082=VERTEX_POINT('',#3646);
#1083=VERTEX_POINT('',#3648);
#1084=VERTEX_POINT('',#3650);
#1085=VERTEX_POINT('',#3652);
#1086=VERTEX_POINT('',#3656);
#1087=VERTEX_POINT('',#3657);
#1088=VERTEX_POINT('',#3659);
#1089=VERTEX_POINT('',#3661);
#1090=VERTEX_POINT('',#3663);
#1091=VERTEX_POINT('',#3665);
#1092=VERTEX_POINT('',#3667);
#1093=VERTEX_POINT('',#3669);
#1094=VERTEX_POINT('',#3672);
#1095=VERTEX_POINT('',#3674);
#1096=VERTEX_POINT('',#3676);
#1097=VERTEX_POINT('',#3678);
#1098=VERTEX_POINT('',#3680);
#1099=VERTEX_POINT('',#3682);
#1100=VERTEX_POINT('',#3684);
#1101=VERTEX_POINT('',#3686);
#1102=VERTEX_POINT('',#3688);
#1103=VERTEX_POINT('',#3690);
#1104=VERTEX_POINT('',#3693);
#1105=VERTEX_POINT('',#3695);
#1106=VERTEX_POINT('',#3697);
#1107=VERTEX_POINT('',#3699);
#1108=VERTEX_POINT('',#3701);
#1109=VERTEX_POINT('',#3703);
#1110=VERTEX_POINT('',#3705);
#1111=VERTEX_POINT('',#3707);
#1112=VERTEX_POINT('',#3709);
#1113=VERTEX_POINT('',#3711);
#1114=VERTEX_POINT('',#3713);
#1115=VERTEX_POINT('',#3715);
#1116=VERTEX_POINT('',#3717);
#1117=VERTEX_POINT('',#3719);
#1118=VERTEX_POINT('',#3721);
#1119=VERTEX_POINT('',#3723);
#1120=VERTEX_POINT('',#3725);
#1121=VERTEX_POINT('',#3727);
#1122=VERTEX_POINT('',#3729);
#1123=VERTEX_POINT('',#3731);
#1124=VERTEX_POINT('',#3733);
#1125=VERTEX_POINT('',#3735);
#1126=VERTEX_POINT('',#3737);
#1127=VERTEX_POINT('',#3739);
#1128=VERTEX_POINT('',#3742);
#1129=VERTEX_POINT('',#3744);
#1130=VERTEX_POINT('',#3748);
#1131=VERTEX_POINT('',#3750);
#1132=VERTEX_POINT('',#3754);
#1133=VERTEX_POINT('',#3758);
#1134=VERTEX_POINT('',#3760);
#1135=VERTEX_POINT('',#3762);
#1136=VERTEX_POINT('',#3764);
#1137=VERTEX_POINT('',#3766);
#1138=VERTEX_POINT('',#3768);
#1139=VERTEX_POINT('',#3770);
#1140=VERTEX_POINT('',#3772);
#1141=VERTEX_POINT('',#3774);
#1142=VERTEX_POINT('',#3776);
#1143=VERTEX_POINT('',#3778);
#1144=VERTEX_POINT('',#3780);
#1145=VERTEX_POINT('',#3782);
#1146=VERTEX_POINT('',#3784);
#1147=VERTEX_POINT('',#3786);
#1148=VERTEX_POINT('',#3788);
#1149=VERTEX_POINT('',#3790);
#1150=VERTEX_POINT('',#3792);
#1151=VERTEX_POINT('',#3794);
#1152=VERTEX_POINT('',#3796);
#1153=VERTEX_POINT('',#3798);
#1154=VERTEX_POINT('',#3800);
#1155=VERTEX_POINT('',#3802);
#1156=VERTEX_POINT('',#3804);
#1157=VERTEX_POINT('',#3806);
#1158=VERTEX_POINT('',#3808);
#1159=VERTEX_POINT('',#3810);
#1160=VERTEX_POINT('',#3812);
#1161=VERTEX_POINT('',#3814);
#1162=VERTEX_POINT('',#3816);
#1163=VERTEX_POINT('',#3818);
#1164=VERTEX_POINT('',#3832);
#1165=VERTEX_POINT('',#3833);
#1166=VERTEX_POINT('',#3840);
#1167=VERTEX_POINT('',#3842);
#1168=VERTEX_POINT('',#3846);
#1169=VERTEX_POINT('',#3850);
#1170=VERTEX_POINT('',#3852);
#1171=VERTEX_POINT('',#3856);
#1172=VERTEX_POINT('',#3858);
#1173=VERTEX_POINT('',#3860);
#1174=VERTEX_POINT('',#3869);
#1175=VERTEX_POINT('',#3871);
#1176=VERTEX_POINT('',#3875);
#1177=VERTEX_POINT('',#3879);
#1178=VERTEX_POINT('',#3881);
#1179=VERTEX_POINT('',#3885);
#1180=VERTEX_POINT('',#3889);
#1181=VERTEX_POINT('',#3890);
#1182=VERTEX_POINT('',#3892);
#1183=VERTEX_POINT('',#3894);
#1184=VERTEX_POINT('',#3898);
#1185=VERTEX_POINT('',#3900);
#1186=VERTEX_POINT('',#3902);
#1187=VERTEX_POINT('',#3905);
#1188=VERTEX_POINT('',#3913);
#1189=VERTEX_POINT('',#3917);
#1190=VERTEX_POINT('',#3919);
#1191=VERTEX_POINT('',#3923);
#1192=VERTEX_POINT('',#3924);
#1193=VERTEX_POINT('',#3926);
#1194=VERTEX_POINT('',#3928);
#1195=VERTEX_POINT('',#3933);
#1196=VERTEX_POINT('',#3935);
#1197=VERTEX_POINT('',#3944);
#1198=VERTEX_POINT('',#3948);
#1199=VERTEX_POINT('',#3949);
#1200=VERTEX_POINT('',#3966);
#1201=VERTEX_POINT('',#3967);
#1202=VERTEX_POINT('',#3970);
#1203=VERTEX_POINT('',#3974);
#1204=VERTEX_POINT('',#3975);
#1205=VERTEX_POINT('',#3977);
#1206=VERTEX_POINT('',#3982);
#1207=VERTEX_POINT('',#3986);
#1208=VERTEX_POINT('',#3991);
#1209=VERTEX_POINT('',#3993);
#1210=VERTEX_POINT('',#3995);
#1211=VERTEX_POINT('',#3997);
#1212=VERTEX_POINT('',#4005);
#1213=VERTEX_POINT('',#4010);
#1214=VERTEX_POINT('',#4011);
#1215=VERTEX_POINT('',#4013);
#1216=VERTEX_POINT('',#4015);
#1217=VERTEX_POINT('',#4017);
#1218=VERTEX_POINT('',#4021);
#1219=VERTEX_POINT('',#4023);
#1220=VERTEX_POINT('',#4027);
#1221=VERTEX_POINT('',#4029);
#1222=VERTEX_POINT('',#4031);
#1223=VERTEX_POINT('',#4035);
#1224=VERTEX_POINT('',#4037);
#1225=VERTEX_POINT('',#4039);
#1226=VERTEX_POINT('',#4041);
#1227=VERTEX_POINT('',#4043);
#1228=VERTEX_POINT('',#4045);
#1229=VERTEX_POINT('',#4047);
#1230=VERTEX_POINT('',#4049);
#1231=VERTEX_POINT('',#4051);
#1232=VERTEX_POINT('',#4053);
#1233=VERTEX_POINT('',#4055);
#1234=VERTEX_POINT('',#4057);
#1235=VERTEX_POINT('',#4059);
#1236=VERTEX_POINT('',#4061);
#1237=VERTEX_POINT('',#4063);
#1238=VERTEX_POINT('',#4065);
#1239=VERTEX_POINT('',#4067);
#1240=VERTEX_POINT('',#4069);
#1241=VERTEX_POINT('',#4071);
#1242=VERTEX_POINT('',#4073);
#1243=VERTEX_POINT('',#4075);
#1244=VERTEX_POINT('',#4079);
#1245=VERTEX_POINT('',#4081);
#1246=VERTEX_POINT('',#4083);
#1247=VERTEX_POINT('',#4088);
#1248=VERTEX_POINT('',#4092);
#1249=VERTEX_POINT('',#4096);
#1250=VERTEX_POINT('',#4102);
#1251=VERTEX_POINT('',#4103);
#1252=VERTEX_POINT('',#4105);
#1253=VERTEX_POINT('',#4107);
#1254=VERTEX_POINT('',#4111);
#1255=VERTEX_POINT('',#4112);
#1256=VERTEX_POINT('',#4114);
#1257=VERTEX_POINT('',#4116);
#1258=VERTEX_POINT('',#4131);
#1259=VERTEX_POINT('',#4133);
#1260=VERTEX_POINT('',#4137);
#1261=VERTEX_POINT('',#4141);
#1262=VERTEX_POINT('',#4145);
#1263=VERTEX_POINT('',#4149);
#1264=VERTEX_POINT('',#4153);
#1265=VERTEX_POINT('',#4157);
#1266=VERTEX_POINT('',#4172);
#1267=VERTEX_POINT('',#4173);
#1268=VERTEX_POINT('',#4175);
#1269=VERTEX_POINT('',#4177);
#1270=VERTEX_POINT('',#4184);
#1271=VERTEX_POINT('',#4186);
#1272=VERTEX_POINT('',#4192);
#1273=VERTEX_POINT('',#4199);
#1274=VERTEX_POINT('',#4207);
#1275=VERTEX_POINT('',#4211);
#1276=VERTEX_POINT('',#4215);
#1277=VERTEX_POINT('',#4219);
#1278=VERTEX_POINT('',#4223);
#1279=VERTEX_POINT('',#4227);
#1280=VERTEX_POINT('',#4231);
#1281=VERTEX_POINT('',#4235);
#1282=VERTEX_POINT('',#4239);
#1283=VERTEX_POINT('',#4243);
#1284=VERTEX_POINT('',#4254);
#1285=VERTEX_POINT('',#4258);
#1286=VERTEX_POINT('',#4262);
#1287=VERTEX_POINT('',#4266);
#1288=VERTEX_POINT('',#4270);
#1289=VERTEX_POINT('',#4274);
#1290=VERTEX_POINT('',#4278);
#1291=VERTEX_POINT('',#4282);
#1292=VERTEX_POINT('',#4286);
#1293=EDGE_CURVE('',#1046,#1046,#933,.T.);
#1294=EDGE_CURVE('',#1046,#1047,#415,.T.);
#1295=EDGE_CURVE('',#1048,#1048,#934,.T.);
#1296=EDGE_CURVE('',#1048,#1046,#416,.T.);
#1297=EDGE_CURVE('',#1049,#1049,#935,.T.);
#1298=EDGE_CURVE('',#1049,#1050,#417,.T.);
#1299=EDGE_CURVE('',#1051,#1051,#936,.T.);
#1300=EDGE_CURVE('',#1051,#1049,#418,.T.);
#1301=EDGE_CURVE('',#1052,#1052,#937,.T.);
#1302=EDGE_CURVE('',#1052,#1053,#419,.T.);
#1303=EDGE_CURVE('',#1054,#1054,#938,.T.);
#1304=EDGE_CURVE('',#1054,#1052,#420,.T.);
#1305=EDGE_CURVE('',#1055,#1055,#939,.T.);
#1306=EDGE_CURVE('',#1055,#1056,#421,.T.);
#1307=EDGE_CURVE('',#1057,#1057,#940,.T.);
#1308=EDGE_CURVE('',#1057,#1055,#422,.T.);
#1309=EDGE_CURVE('',#1058,#1058,#941,.T.);
#1310=EDGE_CURVE('',#1058,#1059,#423,.T.);
#1311=EDGE_CURVE('',#1060,#1060,#942,.T.);
#1312=EDGE_CURVE('',#1060,#1058,#424,.T.);
#1313=EDGE_CURVE('',#1061,#1061,#943,.T.);
#1314=EDGE_CURVE('',#1061,#1062,#425,.T.);
#1315=EDGE_CURVE('',#1063,#1063,#944,.T.);
#1316=EDGE_CURVE('',#1063,#1061,#426,.T.);
#1317=EDGE_CURVE('',#1064,#1065,#427,.T.);
#1318=EDGE_CURVE('',#1065,#1066,#428,.T.);
#1319=EDGE_CURVE('',#1066,#1067,#429,.T.);
#1320=EDGE_CURVE('',#1068,#1067,#430,.T.);
#1321=EDGE_CURVE('',#1068,#1069,#431,.T.);
#1322=EDGE_CURVE('',#1064,#1069,#432,.T.);
#1323=EDGE_CURVE('',#1070,#1071,#433,.T.);
#1324=EDGE_CURVE('',#1072,#1071,#434,.T.);
#1325=EDGE_CURVE('',#1072,#1073,#435,.T.);
#1326=EDGE_CURVE('',#1073,#1070,#436,.T.);
#1327=EDGE_CURVE('',#1071,#1074,#437,.T.);
#1328=EDGE_CURVE('',#1075,#1074,#438,.T.);
#1329=EDGE_CURVE('',#1075,#1076,#439,.T.);
#1330=EDGE_CURVE('',#1077,#1076,#440,.T.);
#1331=EDGE_CURVE('',#1077,#1072,#441,.T.);
#1332=EDGE_CURVE('',#1078,#1079,#945,.T.);
#1333=EDGE_CURVE('',#1079,#1080,#442,.T.);
#1334=EDGE_CURVE('',#1080,#1081,#946,.T.);
#1335=EDGE_CURVE('',#1081,#1078,#443,.T.);
#1336=EDGE_CURVE('',#1082,#1079,#444,.T.);
#1337=EDGE_CURVE('',#1083,#1082,#445,.T.);
#1338=EDGE_CURVE('',#1084,#1083,#446,.T.);
#1339=EDGE_CURVE('',#1085,#1084,#447,.T.);
#1340=EDGE_CURVE('',#1080,#1085,#448,.T.);
#1341=EDGE_CURVE('',#1086,#1087,#449,.T.);
#1342=EDGE_CURVE('',#1088,#1086,#947,.T.);
#1343=EDGE_CURVE('',#1089,#1088,#450,.T.);
#1344=EDGE_CURVE('',#1090,#1089,#948,.T.);
#1345=EDGE_CURVE('',#1091,#1090,#451,.T.);
#1346=EDGE_CURVE('',#1092,#1091,#949,.T.);
#1347=EDGE_CURVE('',#1093,#1092,#452,.T.);
#1348=EDGE_CURVE('',#1087,#1093,#950,.T.);
#1349=EDGE_CURVE('',#1078,#1094,#453,.T.);
#1350=EDGE_CURVE('',#1095,#1094,#951,.T.);
#1351=EDGE_CURVE('',#1096,#1095,#952,.T.);
#1352=EDGE_CURVE('',#1096,#1097,#454,.T.);
#1353=EDGE_CURVE('',#1098,#1097,#953,.T.);
#1354=EDGE_CURVE('',#1099,#1098,#954,.T.);
#1355=EDGE_CURVE('',#1099,#1100,#455,.T.);
#1356=EDGE_CURVE('',#1101,#1100,#955,.T.);
#1357=EDGE_CURVE('',#1101,#1102,#456,.T.);
#1358=EDGE_CURVE('',#1103,#1102,#956,.T.);
#1359=EDGE_CURVE('',#1073,#1103,#957,.T.);
#1360=EDGE_CURVE('',#1104,#1077,#958,.T.);
#1361=EDGE_CURVE('',#1105,#1104,#457,.T.);
#1362=EDGE_CURVE('',#1106,#1105,#959,.T.);
#1363=EDGE_CURVE('',#1106,#1107,#458,.T.);
#1364=EDGE_CURVE('',#1108,#1107,#960,.T.);
#1365=EDGE_CURVE('',#1108,#1109,#459,.T.);
#1366=EDGE_CURVE('',#1110,#1109,#961,.T.);
#1367=EDGE_CURVE('',#1110,#1111,#460,.T.);
#1368=EDGE_CURVE('',#1112,#1111,#962,.T.);
#1369=EDGE_CURVE('',#1113,#1112,#963,.T.);
#1370=EDGE_CURVE('',#1113,#1114,#461,.T.);
#1371=EDGE_CURVE('',#1115,#1114,#964,.T.);
#1372=EDGE_CURVE('',#1115,#1116,#462,.T.);
#1373=EDGE_CURVE('',#1117,#1116,#965,.T.);
#1374=EDGE_CURVE('',#1117,#1118,#463,.T.);
#1375=EDGE_CURVE('',#1119,#1118,#966,.T.);
#1376=EDGE_CURVE('',#1120,#1119,#967,.T.);
#1377=EDGE_CURVE('',#1120,#1121,#464,.T.);
#1378=EDGE_CURVE('',#1122,#1121,#968,.T.);
#1379=EDGE_CURVE('',#1122,#1123,#465,.T.);
#1380=EDGE_CURVE('',#1124,#1123,#969,.T.);
#1381=EDGE_CURVE('',#1124,#1125,#466,.T.);
#1382=EDGE_CURVE('',#1126,#1125,#970,.T.);
#1383=EDGE_CURVE('',#1127,#1126,#467,.T.);
#1384=EDGE_CURVE('',#1067,#1127,#971,.T.);
#1385=EDGE_CURVE('',#1128,#1066,#468,.T.);
#1386=EDGE_CURVE('',#1129,#1128,#972,.T.);
#1387=EDGE_CURVE('',#1082,#1129,#973,.T.);
#1388=EDGE_CURVE('',#1121,#1130,#469,.T.);
#1389=EDGE_CURVE('',#1130,#1131,#974,.T.);
#1390=EDGE_CURVE('',#1131,#1122,#470,.T.);
#1391=EDGE_CURVE('',#1132,#1131,#471,.F.);
#1392=EDGE_CURVE('',#1123,#1132,#472,.T.);
#1393=EDGE_CURVE('',#1130,#1133,#473,.T.);
#1394=EDGE_CURVE('',#1134,#1133,#975,.T.);
#1395=EDGE_CURVE('',#1135,#1134,#976,.T.);
#1396=EDGE_CURVE('',#1135,#1136,#474,.T.);
#1397=EDGE_CURVE('',#1137,#1136,#977,.T.);
#1398=EDGE_CURVE('',#1137,#1138,#475,.T.);
#1399=EDGE_CURVE('',#1139,#1138,#978,.T.);
#1400=EDGE_CURVE('',#1139,#1140,#476,.T.);
#1401=EDGE_CURVE('',#1141,#1140,#979,.T.);
#1402=EDGE_CURVE('',#1142,#1141,#980,.T.);
#1403=EDGE_CURVE('',#1142,#1143,#477,.T.);
#1404=EDGE_CURVE('',#1144,#1143,#981,.T.);
#1405=EDGE_CURVE('',#1144,#1145,#478,.F.);
#1406=EDGE_CURVE('',#1146,#1145,#982,.T.);
#1407=EDGE_CURVE('',#1147,#1146,#479,.T.);
#1408=EDGE_CURVE('',#1148,#1147,#480,.F.);
#1409=EDGE_CURVE('',#1148,#1149,#983,.T.);
#1410=EDGE_CURVE('',#1150,#1149,#481,.F.);
#1411=EDGE_CURVE('',#1151,#1150,#482,.F.);
#1412=EDGE_CURVE('',#1152,#1151,#984,.F.);
#1413=EDGE_CURVE('',#1153,#1152,#483,.F.);
#1414=EDGE_CURVE('',#1154,#1153,#484,.T.);
#1415=EDGE_CURVE('',#1155,#1154,#485,.T.);
#1416=EDGE_CURVE('',#1156,#1155,#486,.T.);
#1417=EDGE_CURVE('',#1157,#1156,#487,.F.);
#1418=EDGE_CURVE('',#1158,#1157,#985,.F.);
#1419=EDGE_CURVE('',#1159,#1158,#488,.F.);
#1420=EDGE_CURVE('',#1160,#1159,#489,.F.);
#1421=EDGE_CURVE('',#1160,#1161,#986,.T.);
#1422=EDGE_CURVE('',#1162,#1161,#490,.F.);
#1423=EDGE_CURVE('',#1163,#1162,#491,.F.);
#1424=EDGE_CURVE('',#1132,#1163,#987,.T.);
#1425=EDGE_CURVE('',#1118,#1135,#492,.T.);
#1426=EDGE_CURVE('',#1119,#1134,#493,.T.);
#1427=EDGE_CURVE('',#1136,#1117,#494,.T.);
#1428=EDGE_CURVE('',#1141,#1112,#495,.T.);
#1429=EDGE_CURVE('',#1140,#1113,#496,.T.);
#1430=EDGE_CURVE('',#1114,#1139,#497,.T.);
#1431=EDGE_CURVE('',#1164,#1165,#988,.T.);
#1432=EDGE_CURVE('',#1165,#1095,#498,.T.);
#1433=EDGE_CURVE('',#1094,#1164,#499,.T.);
#1434=EDGE_CURVE('',#1164,#1081,#500,.T.);
#1435=EDGE_CURVE('',#1098,#1166,#501,.T.);
#1436=EDGE_CURVE('',#1166,#1167,#989,.T.);
#1437=EDGE_CURVE('',#1167,#1099,#502,.T.);
#1438=EDGE_CURVE('',#1097,#1168,#503,.T.);
#1439=EDGE_CURVE('',#1168,#1166,#990,.T.);
#1440=EDGE_CURVE('',#1100,#1169,#504,.T.);
#1441=EDGE_CURVE('',#1169,#1170,#991,.T.);
#1442=EDGE_CURVE('',#1170,#1101,#505,.T.);
#1443=EDGE_CURVE('',#1171,#1170,#506,.T.);
#1444=EDGE_CURVE('',#1171,#1172,#507,.F.);
#1445=EDGE_CURVE('',#1173,#1172,#508,.T.);
#1446=EDGE_CURVE('',#1102,#1173,#509,.T.);
#1447=EDGE_CURVE('',#1109,#1144,#510,.T.);
#1448=EDGE_CURVE('',#1143,#1110,#511,.T.);
#1449=EDGE_CURVE('',#1145,#1108,#512,.T.);
#1450=EDGE_CURVE('',#1148,#1174,#513,.T.);
#1451=EDGE_CURVE('',#1174,#1175,#992,.T.);
#1452=EDGE_CURVE('',#1175,#1149,#514,.T.);
#1453=EDGE_CURVE('',#1147,#1176,#515,.F.);
#1454=EDGE_CURVE('',#1174,#1176,#516,.F.);
#1455=EDGE_CURVE('',#1160,#1177,#517,.T.);
#1456=EDGE_CURVE('',#1177,#1178,#993,.T.);
#1457=EDGE_CURVE('',#1178,#1161,#518,.T.);
#1458=EDGE_CURVE('',#1159,#1179,#519,.F.);
#1459=EDGE_CURVE('',#1177,#1179,#520,.F.);
#1460=EDGE_CURVE('',#1180,#1181,#994,.T.);
#1461=EDGE_CURVE('',#1180,#1182,#521,.T.);
#1462=EDGE_CURVE('',#1182,#1183,#995,.T.);
#1463=EDGE_CURVE('',#1183,#1181,#522,.T.);
#1464=EDGE_CURVE('',#1184,#1181,#523,.F.);
#1465=EDGE_CURVE('',#1185,#1184,#996,.T.);
#1466=EDGE_CURVE('',#1185,#1186,#524,.T.);
#1467=EDGE_CURVE('',#1076,#1186,#997,.T.);
#1468=EDGE_CURVE('',#1075,#1187,#998,.T.);
#1469=EDGE_CURVE('',#1180,#1187,#525,.T.);
#1470=EDGE_CURVE('',#1176,#1183,#526,.F.);
#1471=EDGE_CURVE('',#1107,#1146,#527,.T.);
#1472=EDGE_CURVE('',#1184,#1106,#528,.T.);
#1473=EDGE_CURVE('',#1074,#1188,#999,.T.);
#1474=EDGE_CURVE('',#1188,#1187,#529,.T.);
#1475=EDGE_CURVE('',#1189,#1069,#1000,.T.);
#1476=EDGE_CURVE('',#1189,#1190,#530,.T.);
#1477=EDGE_CURVE('',#1190,#1064,#1001,.T.);
#1478=EDGE_CURVE('',#1191,#1192,#1002,.T.);
#1479=EDGE_CURVE('',#1191,#1193,#531,.T.);
#1480=EDGE_CURVE('',#1193,#1194,#1003,.T.);
#1481=EDGE_CURVE('',#1194,#1192,#532,.T.);
#1482=EDGE_CURVE('',#1189,#1192,#533,.T.);
#1483=EDGE_CURVE('',#1195,#1194,#534,.T.);
#1484=EDGE_CURVE('',#1195,#1196,#535,.T.);
#1485=EDGE_CURVE('',#1196,#1190,#536,.T.);
#1486=EDGE_CURVE('',#1105,#1185,#537,.T.);
#1487=EDGE_CURVE('',#1186,#1104,#538,.T.);
#1488=EDGE_CURVE('',#1197,#1068,#1004,.T.);
#1489=EDGE_CURVE('',#1127,#1197,#539,.T.);
#1490=EDGE_CURVE('',#1198,#1199,#1005,.T.);
#1491=EDGE_CURVE('',#1199,#1126,#540,.T.);
#1492=EDGE_CURVE('',#1125,#1198,#541,.T.);
#1493=EDGE_CURVE('',#1197,#1199,#542,.T.);
#1494=EDGE_CURVE('',#1111,#1142,#543,.T.);
#1495=EDGE_CURVE('',#1133,#1120,#544,.T.);
#1496=EDGE_CURVE('',#1138,#1115,#545,.T.);
#1497=EDGE_CURVE('',#1116,#1137,#546,.T.);
#1498=EDGE_CURVE('',#1200,#1201,#1006,.T.);
#1499=EDGE_CURVE('',#1201,#1103,#547,.T.);
#1500=EDGE_CURVE('',#1173,#1202,#1007,.T.);
#1501=EDGE_CURVE('',#1200,#1202,#548,.F.);
#1502=EDGE_CURVE('',#1203,#1204,#1008,.F.);
#1503=EDGE_CURVE('',#1203,#1205,#549,.T.);
#1504=EDGE_CURVE('',#1083,#1205,#1009,.F.);
#1505=EDGE_CURVE('',#1129,#1204,#550,.T.);
#1506=EDGE_CURVE('',#1128,#1206,#551,.T.);
#1507=EDGE_CURVE('',#1206,#1204,#1010,.T.);
#1508=EDGE_CURVE('',#1165,#1207,#1011,.T.);
#1509=EDGE_CURVE('',#1207,#1096,#552,.T.);
#1510=EDGE_CURVE('',#1207,#1085,#553,.F.);
#1511=EDGE_CURVE('',#1208,#1084,#554,.F.);
#1512=EDGE_CURVE('',#1208,#1209,#555,.F.);
#1513=EDGE_CURVE('',#1209,#1210,#556,.F.);
#1514=EDGE_CURVE('',#1210,#1211,#557,.F.);
#1515=EDGE_CURVE('',#1172,#1211,#558,.F.);
#1516=EDGE_CURVE('',#1171,#1168,#559,.T.);
#1517=EDGE_CURVE('',#1163,#1124,#560,.T.);
#1518=EDGE_CURVE('',#1191,#1198,#561,.F.);
#1519=EDGE_CURVE('',#1162,#1212,#562,.F.);
#1520=EDGE_CURVE('',#1193,#1212,#563,.F.);
#1521=EDGE_CURVE('',#1213,#1214,#1012,.T.);
#1522=EDGE_CURVE('',#1215,#1213,#564,.T.);
#1523=EDGE_CURVE('',#1216,#1215,#1013,.T.);
#1524=EDGE_CURVE('',#1217,#1216,#565,.T.);
#1525=EDGE_CURVE('',#1214,#1217,#1014,.T.);
#1526=EDGE_CURVE('',#1218,#1217,#566,.T.);
#1527=EDGE_CURVE('',#1218,#1219,#567,.T.);
#1528=EDGE_CURVE('',#1219,#1214,#568,.T.);
#1529=EDGE_CURVE('',#1214,#1220,#569,.T.);
#1530=EDGE_CURVE('',#1221,#1220,#1015,.T.);
#1531=EDGE_CURVE('',#1221,#1222,#570,.T.);
#1532=EDGE_CURVE('',#1213,#1222,#571,.T.);
#1533=EDGE_CURVE('',#1223,#1216,#572,.T.);
#1534=EDGE_CURVE('',#1224,#1223,#1016,.T.);
#1535=EDGE_CURVE('',#1225,#1224,#573,.T.);
#1536=EDGE_CURVE('',#1226,#1225,#1017,.T.);
#1537=EDGE_CURVE('',#1227,#1226,#574,.T.);
#1538=EDGE_CURVE('',#1228,#1227,#1018,.T.);
#1539=EDGE_CURVE('',#1229,#1228,#575,.T.);
#1540=EDGE_CURVE('',#1230,#1229,#1019,.T.);
#1541=EDGE_CURVE('',#1231,#1230,#576,.T.);
#1542=EDGE_CURVE('',#1231,#1232,#577,.T.);
#1543=EDGE_CURVE('',#1232,#1233,#578,.T.);
#1544=EDGE_CURVE('',#1233,#1234,#579,.T.);
#1545=EDGE_CURVE('',#1235,#1234,#580,.T.);
#1546=EDGE_CURVE('',#1236,#1235,#1020,.T.);
#1547=EDGE_CURVE('',#1237,#1236,#581,.T.);
#1548=EDGE_CURVE('',#1238,#1237,#1021,.T.);
#1549=EDGE_CURVE('',#1239,#1238,#582,.T.);
#1550=EDGE_CURVE('',#1240,#1239,#1022,.T.);
#1551=EDGE_CURVE('',#1241,#1240,#583,.T.);
#1552=EDGE_CURVE('',#1242,#1241,#1023,.T.);
#1553=EDGE_CURVE('',#1243,#1242,#584,.T.);
#1554=EDGE_CURVE('',#1243,#1218,#585,.T.);
#1555=EDGE_CURVE('',#1244,#1196,#1024,.T.);
#1556=EDGE_CURVE('',#1245,#1244,#586,.T.);
#1557=EDGE_CURVE('',#1246,#1245,#1025,.T.);
#1558=EDGE_CURVE('',#1203,#1246,#587,.T.);
#1559=EDGE_CURVE('',#1065,#1206,#588,.T.);
#1560=EDGE_CURVE('',#1247,#1195,#1026,.T.);
#1561=EDGE_CURVE('',#1247,#1244,#589,.T.);
#1562=EDGE_CURVE('',#1248,#1247,#590,.T.);
#1563=EDGE_CURVE('',#1248,#1245,#591,.T.);
#1564=EDGE_CURVE('',#1249,#1248,#1027,.T.);
#1565=EDGE_CURVE('',#1249,#1246,#592,.T.);
#1566=EDGE_CURVE('',#1205,#1249,#593,.T.);
#1567=EDGE_CURVE('',#1250,#1251,#594,.T.);
#1568=EDGE_CURVE('',#1250,#1252,#1028,.T.);
#1569=EDGE_CURVE('',#1253,#1252,#595,.T.);
#1570=EDGE_CURVE('',#1251,#1253,#1029,.T.);
#1571=EDGE_CURVE('',#1254,#1255,#1030,.T.);
#1572=EDGE_CURVE('',#1254,#1256,#596,.T.);
#1573=EDGE_CURVE('',#1256,#1257,#1031,.T.);
#1574=EDGE_CURVE('',#1255,#1257,#597,.T.);
#1575=EDGE_CURVE('',#1253,#1254,#598,.T.);
#1576=EDGE_CURVE('',#1252,#1256,#599,.T.);
#1577=EDGE_CURVE('',#1202,#1255,#600,.F.);
#1578=EDGE_CURVE('',#1257,#1200,#601,.T.);
#1579=EDGE_CURVE('',#1201,#1070,#1032,.T.);
#1580=EDGE_CURVE('',#1188,#1250,#602,.T.);
#1581=EDGE_CURVE('',#1258,#1086,#603,.T.);
#1582=EDGE_CURVE('',#1087,#1259,#604,.T.);
#1583=EDGE_CURVE('',#1259,#1258,#605,.T.);
#1584=EDGE_CURVE('',#1260,#1088,#606,.T.);
#1585=EDGE_CURVE('',#1258,#1260,#1033,.T.);
#1586=EDGE_CURVE('',#1261,#1089,#607,.T.);
#1587=EDGE_CURVE('',#1260,#1261,#608,.T.);
#1588=EDGE_CURVE('',#1262,#1090,#609,.T.);
#1589=EDGE_CURVE('',#1261,#1262,#1034,.T.);
#1590=EDGE_CURVE('',#1263,#1091,#610,.T.);
#1591=EDGE_CURVE('',#1262,#1263,#611,.T.);
#1592=EDGE_CURVE('',#1264,#1092,#612,.T.);
#1593=EDGE_CURVE('',#1263,#1264,#1035,.T.);
#1594=EDGE_CURVE('',#1265,#1093,#613,.T.);
#1595=EDGE_CURVE('',#1264,#1265,#614,.T.);
#1596=EDGE_CURVE('',#1265,#1259,#1036,.T.);
#1597=EDGE_CURVE('',#1261,#1226,#615,.T.);
#1598=EDGE_CURVE('',#1262,#1225,#616,.T.);
#1599=EDGE_CURVE('',#1227,#1260,#617,.T.);
#1600=EDGE_CURVE('',#1258,#1228,#618,.T.);
#1601=EDGE_CURVE('',#1259,#1229,#619,.T.);
#1602=EDGE_CURVE('',#1266,#1267,#1037,.T.);
#1603=EDGE_CURVE('',#1267,#1268,#620,.T.);
#1604=EDGE_CURVE('',#1268,#1269,#1038,.T.);
#1605=EDGE_CURVE('',#1269,#1266,#621,.T.);
#1606=EDGE_CURVE('',#1232,#1267,#622,.T.);
#1607=EDGE_CURVE('',#1268,#1231,#623,.T.);
#1608=EDGE_CURVE('',#1220,#1270,#624,.T.);
#1609=EDGE_CURVE('',#1270,#1271,#1039,.T.);
#1610=EDGE_CURVE('',#1271,#1221,#625,.T.);
#1611=EDGE_CURVE('',#1270,#1269,#626,.T.);
#1612=EDGE_CURVE('',#1210,#1219,#627,.T.);
#1613=EDGE_CURVE('',#1272,#1209,#628,.T.);
#1614=EDGE_CURVE('',#1266,#1272,#629,.T.);
#1615=EDGE_CURVE('',#1182,#1251,#630,.T.);
#1616=EDGE_CURVE('',#1273,#1271,#631,.T.);
#1617=EDGE_CURVE('',#1222,#1273,#632,.T.);
#1618=EDGE_CURVE('',#1215,#1273,#633,.T.);
#1619=EDGE_CURVE('',#1233,#1272,#634,.T.);
#1620=EDGE_CURVE('',#1274,#1208,#635,.T.);
#1621=EDGE_CURVE('',#1234,#1274,#636,.T.);
#1622=EDGE_CURVE('',#1275,#1243,#637,.T.);
#1623=EDGE_CURVE('',#1211,#1275,#638,.T.);
#1624=EDGE_CURVE('',#1276,#1242,#639,.T.);
#1625=EDGE_CURVE('',#1275,#1276,#640,.T.);
#1626=EDGE_CURVE('',#1277,#1274,#641,.T.);
#1627=EDGE_CURVE('',#1277,#1235,#642,.T.);
#1628=EDGE_CURVE('',#1278,#1277,#1040,.T.);
#1629=EDGE_CURVE('',#1278,#1236,#643,.T.);
#1630=EDGE_CURVE('',#1279,#1278,#644,.T.);
#1631=EDGE_CURVE('',#1279,#1237,#645,.T.);
#1632=EDGE_CURVE('',#1280,#1279,#1041,.T.);
#1633=EDGE_CURVE('',#1280,#1238,#646,.T.);
#1634=EDGE_CURVE('',#1281,#1280,#647,.T.);
#1635=EDGE_CURVE('',#1281,#1239,#648,.T.);
#1636=EDGE_CURVE('',#1282,#1281,#1042,.T.);
#1637=EDGE_CURVE('',#1282,#1240,#649,.T.);
#1638=EDGE_CURVE('',#1283,#1282,#650,.T.);
#1639=EDGE_CURVE('',#1283,#1241,#651,.T.);
#1640=EDGE_CURVE('',#1276,#1283,#1043,.T.);
#1641=EDGE_CURVE('',#1169,#1167,#652,.T.);
#1642=EDGE_CURVE('',#1284,#1175,#653,.F.);
#1643=EDGE_CURVE('',#1150,#1284,#654,.F.);
#1644=EDGE_CURVE('',#1285,#1284,#655,.F.);
#1645=EDGE_CURVE('',#1151,#1285,#656,.T.);
#1646=EDGE_CURVE('',#1286,#1285,#1044,.F.);
#1647=EDGE_CURVE('',#1152,#1286,#657,.T.);
#1648=EDGE_CURVE('',#1287,#1286,#658,.F.);
#1649=EDGE_CURVE('',#1153,#1287,#659,.F.);
#1650=EDGE_CURVE('',#1288,#1287,#660,.T.);
#1651=EDGE_CURVE('',#1154,#1288,#661,.T.);
#1652=EDGE_CURVE('',#1289,#1288,#662,.T.);
#1653=EDGE_CURVE('',#1155,#1289,#663,.T.);
#1654=EDGE_CURVE('',#1290,#1289,#664,.T.);
#1655=EDGE_CURVE('',#1156,#1290,#665,.T.);
#1656=EDGE_CURVE('',#1291,#1290,#666,.F.);
#1657=EDGE_CURVE('',#1157,#1291,#667,.T.);
#1658=EDGE_CURVE('',#1292,#1291,#1045,.F.);
#1659=EDGE_CURVE('',#1158,#1292,#668,.T.);
#1660=EDGE_CURVE('',#1179,#1292,#669,.F.);
#1661=EDGE_CURVE('',#1212,#1178,#670,.F.);
#1662=EDGE_CURVE('',#1263,#1224,#671,.T.);
#1663=EDGE_CURVE('',#1264,#1223,#672,.T.);
#1664=EDGE_CURVE('',#1265,#1230,#673,.T.);
#1665=ORIENTED_EDGE('',*,*,#1293,.F.);
#1666=ORIENTED_EDGE('',*,*,#1294,.T.);
#1667=ORIENTED_EDGE('',*,*,#1294,.F.);
#1668=ORIENTED_EDGE('',*,*,#1295,.F.);
#1669=ORIENTED_EDGE('',*,*,#1296,.T.);
#1670=ORIENTED_EDGE('',*,*,#1293,.T.);
#1671=ORIENTED_EDGE('',*,*,#1296,.F.);
#1672=ORIENTED_EDGE('',*,*,#1297,.F.);
#1673=ORIENTED_EDGE('',*,*,#1298,.T.);
#1674=ORIENTED_EDGE('',*,*,#1298,.F.);
#1675=ORIENTED_EDGE('',*,*,#1299,.F.);
#1676=ORIENTED_EDGE('',*,*,#1300,.T.);
#1677=ORIENTED_EDGE('',*,*,#1297,.T.);
#1678=ORIENTED_EDGE('',*,*,#1300,.F.);
#1679=ORIENTED_EDGE('',*,*,#1301,.F.);
#1680=ORIENTED_EDGE('',*,*,#1302,.T.);
#1681=ORIENTED_EDGE('',*,*,#1302,.F.);
#1682=ORIENTED_EDGE('',*,*,#1303,.F.);
#1683=ORIENTED_EDGE('',*,*,#1304,.T.);
#1684=ORIENTED_EDGE('',*,*,#1301,.T.);
#1685=ORIENTED_EDGE('',*,*,#1304,.F.);
#1686=ORIENTED_EDGE('',*,*,#1305,.F.);
#1687=ORIENTED_EDGE('',*,*,#1306,.T.);
#1688=ORIENTED_EDGE('',*,*,#1306,.F.);
#1689=ORIENTED_EDGE('',*,*,#1307,.F.);
#1690=ORIENTED_EDGE('',*,*,#1308,.T.);
#1691=ORIENTED_EDGE('',*,*,#1305,.T.);
#1692=ORIENTED_EDGE('',*,*,#1308,.F.);
#1693=ORIENTED_EDGE('',*,*,#1309,.F.);
#1694=ORIENTED_EDGE('',*,*,#1310,.T.);
#1695=ORIENTED_EDGE('',*,*,#1310,.F.);
#1696=ORIENTED_EDGE('',*,*,#1311,.F.);
#1697=ORIENTED_EDGE('',*,*,#1312,.T.);
#1698=ORIENTED_EDGE('',*,*,#1309,.T.);
#1699=ORIENTED_EDGE('',*,*,#1312,.F.);
#1700=ORIENTED_EDGE('',*,*,#1313,.F.);
#1701=ORIENTED_EDGE('',*,*,#1314,.T.);
#1702=ORIENTED_EDGE('',*,*,#1314,.F.);
#1703=ORIENTED_EDGE('',*,*,#1315,.F.);
#1704=ORIENTED_EDGE('',*,*,#1316,.T.);
#1705=ORIENTED_EDGE('',*,*,#1313,.T.);
#1706=ORIENTED_EDGE('',*,*,#1316,.F.);
#1707=ORIENTED_EDGE('',*,*,#1317,.T.);
#1708=ORIENTED_EDGE('',*,*,#1318,.T.);
#1709=ORIENTED_EDGE('',*,*,#1319,.T.);
#1710=ORIENTED_EDGE('',*,*,#1320,.F.);
#1711=ORIENTED_EDGE('',*,*,#1321,.T.);
#1712=ORIENTED_EDGE('',*,*,#1322,.F.);
#1713=ORIENTED_EDGE('',*,*,#1323,.T.);
#1714=ORIENTED_EDGE('',*,*,#1324,.F.);
#1715=ORIENTED_EDGE('',*,*,#1325,.T.);
#1716=ORIENTED_EDGE('',*,*,#1326,.T.);
#1717=ORIENTED_EDGE('',*,*,#1327,.T.);
#1718=ORIENTED_EDGE('',*,*,#1328,.F.);
#1719=ORIENTED_EDGE('',*,*,#1329,.T.);
#1720=ORIENTED_EDGE('',*,*,#1330,.F.);
#1721=ORIENTED_EDGE('',*,*,#1331,.T.);
#1722=ORIENTED_EDGE('',*,*,#1324,.T.);
#1723=ORIENTED_EDGE('',*,*,#1332,.T.);
#1724=ORIENTED_EDGE('',*,*,#1333,.T.);
#1725=ORIENTED_EDGE('',*,*,#1334,.T.);
#1726=ORIENTED_EDGE('',*,*,#1335,.T.);
#1727=ORIENTED_EDGE('',*,*,#1333,.F.);
#1728=ORIENTED_EDGE('',*,*,#1336,.F.);
#1729=ORIENTED_EDGE('',*,*,#1337,.F.);
#1730=ORIENTED_EDGE('',*,*,#1338,.F.);
#1731=ORIENTED_EDGE('',*,*,#1339,.F.);
#1732=ORIENTED_EDGE('',*,*,#1340,.F.);
#1733=ORIENTED_EDGE('',*,*,#1341,.F.);
#1734=ORIENTED_EDGE('',*,*,#1342,.F.);
#1735=ORIENTED_EDGE('',*,*,#1343,.F.);
#1736=ORIENTED_EDGE('',*,*,#1344,.F.);
#1737=ORIENTED_EDGE('',*,*,#1345,.F.);
#1738=ORIENTED_EDGE('',*,*,#1346,.F.);
#1739=ORIENTED_EDGE('',*,*,#1347,.F.);
#1740=ORIENTED_EDGE('',*,*,#1348,.F.);
#1741=ORIENTED_EDGE('',*,*,#1332,.F.);
#1742=ORIENTED_EDGE('',*,*,#1349,.T.);
#1743=ORIENTED_EDGE('',*,*,#1350,.F.);
#1744=ORIENTED_EDGE('',*,*,#1351,.F.);
#1745=ORIENTED_EDGE('',*,*,#1352,.T.);
#1746=ORIENTED_EDGE('',*,*,#1353,.F.);
#1747=ORIENTED_EDGE('',*,*,#1354,.F.);
#1748=ORIENTED_EDGE('',*,*,#1355,.T.);
#1749=ORIENTED_EDGE('',*,*,#1356,.F.);
#1750=ORIENTED_EDGE('',*,*,#1357,.T.);
#1751=ORIENTED_EDGE('',*,*,#1358,.F.);
#1752=ORIENTED_EDGE('',*,*,#1359,.F.);
#1753=ORIENTED_EDGE('',*,*,#1325,.F.);
#1754=ORIENTED_EDGE('',*,*,#1331,.F.);
#1755=ORIENTED_EDGE('',*,*,#1360,.F.);
#1756=ORIENTED_EDGE('',*,*,#1361,.F.);
#1757=ORIENTED_EDGE('',*,*,#1362,.F.);
#1758=ORIENTED_EDGE('',*,*,#1363,.T.);
#1759=ORIENTED_EDGE('',*,*,#1364,.F.);
#1760=ORIENTED_EDGE('',*,*,#1365,.T.);
#1761=ORIENTED_EDGE('',*,*,#1366,.F.);
#1762=ORIENTED_EDGE('',*,*,#1367,.T.);
#1763=ORIENTED_EDGE('',*,*,#1368,.F.);
#1764=ORIENTED_EDGE('',*,*,#1369,.F.);
#1765=ORIENTED_EDGE('',*,*,#1370,.T.);
#1766=ORIENTED_EDGE('',*,*,#1371,.F.);
#1767=ORIENTED_EDGE('',*,*,#1372,.T.);
#1768=ORIENTED_EDGE('',*,*,#1373,.F.);
#1769=ORIENTED_EDGE('',*,*,#1374,.T.);
#1770=ORIENTED_EDGE('',*,*,#1375,.F.);
#1771=ORIENTED_EDGE('',*,*,#1376,.F.);
#1772=ORIENTED_EDGE('',*,*,#1377,.T.);
#1773=ORIENTED_EDGE('',*,*,#1378,.F.);
#1774=ORIENTED_EDGE('',*,*,#1379,.T.);
#1775=ORIENTED_EDGE('',*,*,#1380,.F.);
#1776=ORIENTED_EDGE('',*,*,#1381,.T.);
#1777=ORIENTED_EDGE('',*,*,#1382,.F.);
#1778=ORIENTED_EDGE('',*,*,#1383,.F.);
#1779=ORIENTED_EDGE('',*,*,#1384,.F.);
#1780=ORIENTED_EDGE('',*,*,#1319,.F.);
#1781=ORIENTED_EDGE('',*,*,#1385,.F.);
#1782=ORIENTED_EDGE('',*,*,#1386,.F.);
#1783=ORIENTED_EDGE('',*,*,#1387,.F.);
#1784=ORIENTED_EDGE('',*,*,#1336,.T.);
#1785=ORIENTED_EDGE('',*,*,#1378,.T.);
#1786=ORIENTED_EDGE('',*,*,#1388,.T.);
#1787=ORIENTED_EDGE('',*,*,#1389,.T.);
#1788=ORIENTED_EDGE('',*,*,#1390,.T.);
#1789=ORIENTED_EDGE('',*,*,#1390,.F.);
#1790=ORIENTED_EDGE('',*,*,#1391,.F.);
#1791=ORIENTED_EDGE('',*,*,#1392,.F.);
#1792=ORIENTED_EDGE('',*,*,#1379,.F.);
#1793=ORIENTED_EDGE('',*,*,#1389,.F.);
#1794=ORIENTED_EDGE('',*,*,#1393,.T.);
#1795=ORIENTED_EDGE('',*,*,#1394,.F.);
#1796=ORIENTED_EDGE('',*,*,#1395,.F.);
#1797=ORIENTED_EDGE('',*,*,#1396,.T.);
#1798=ORIENTED_EDGE('',*,*,#1397,.F.);
#1799=ORIENTED_EDGE('',*,*,#1398,.T.);
#1800=ORIENTED_EDGE('',*,*,#1399,.F.);
#1801=ORIENTED_EDGE('',*,*,#1400,.T.);
#1802=ORIENTED_EDGE('',*,*,#1401,.F.);
#1803=ORIENTED_EDGE('',*,*,#1402,.F.);
#1804=ORIENTED_EDGE('',*,*,#1403,.T.);
#1805=ORIENTED_EDGE('',*,*,#1404,.F.);
#1806=ORIENTED_EDGE('',*,*,#1405,.T.);
#1807=ORIENTED_EDGE('',*,*,#1406,.F.);
#1808=ORIENTED_EDGE('',*,*,#1407,.F.);
#1809=ORIENTED_EDGE('',*,*,#1408,.F.);
#1810=ORIENTED_EDGE('',*,*,#1409,.T.);
#1811=ORIENTED_EDGE('',*,*,#1410,.F.);
#1812=ORIENTED_EDGE('',*,*,#1411,.F.);
#1813=ORIENTED_EDGE('',*,*,#1412,.F.);
#1814=ORIENTED_EDGE('',*,*,#1413,.F.);
#1815=ORIENTED_EDGE('',*,*,#1414,.F.);
#1816=ORIENTED_EDGE('',*,*,#1415,.F.);
#1817=ORIENTED_EDGE('',*,*,#1416,.F.);
#1818=ORIENTED_EDGE('',*,*,#1417,.F.);
#1819=ORIENTED_EDGE('',*,*,#1418,.F.);
#1820=ORIENTED_EDGE('',*,*,#1419,.F.);
#1821=ORIENTED_EDGE('',*,*,#1420,.F.);
#1822=ORIENTED_EDGE('',*,*,#1421,.T.);
#1823=ORIENTED_EDGE('',*,*,#1422,.F.);
#1824=ORIENTED_EDGE('',*,*,#1423,.F.);
#1825=ORIENTED_EDGE('',*,*,#1424,.F.);
#1826=ORIENTED_EDGE('',*,*,#1391,.T.);
#1827=ORIENTED_EDGE('',*,*,#1375,.T.);
#1828=ORIENTED_EDGE('',*,*,#1425,.T.);
#1829=ORIENTED_EDGE('',*,*,#1395,.T.);
#1830=ORIENTED_EDGE('',*,*,#1426,.F.);
#1831=ORIENTED_EDGE('',*,*,#1425,.F.);
#1832=ORIENTED_EDGE('',*,*,#1374,.F.);
#1833=ORIENTED_EDGE('',*,*,#1427,.F.);
#1834=ORIENTED_EDGE('',*,*,#1396,.F.);
#1835=ORIENTED_EDGE('',*,*,#1369,.T.);
#1836=ORIENTED_EDGE('',*,*,#1428,.F.);
#1837=ORIENTED_EDGE('',*,*,#1401,.T.);
#1838=ORIENTED_EDGE('',*,*,#1429,.T.);
#1839=ORIENTED_EDGE('',*,*,#1429,.F.);
#1840=ORIENTED_EDGE('',*,*,#1400,.F.);
#1841=ORIENTED_EDGE('',*,*,#1430,.F.);
#1842=ORIENTED_EDGE('',*,*,#1370,.F.);
#1843=ORIENTED_EDGE('',*,*,#1431,.T.);
#1844=ORIENTED_EDGE('',*,*,#1432,.T.);
#1845=ORIENTED_EDGE('',*,*,#1350,.T.);
#1846=ORIENTED_EDGE('',*,*,#1433,.T.);
#1847=ORIENTED_EDGE('',*,*,#1335,.F.);
#1848=ORIENTED_EDGE('',*,*,#1434,.F.);
#1849=ORIENTED_EDGE('',*,*,#1433,.F.);
#1850=ORIENTED_EDGE('',*,*,#1349,.F.);
#1851=ORIENTED_EDGE('',*,*,#1354,.T.);
#1852=ORIENTED_EDGE('',*,*,#1435,.T.);
#1853=ORIENTED_EDGE('',*,*,#1436,.T.);
#1854=ORIENTED_EDGE('',*,*,#1437,.T.);
#1855=ORIENTED_EDGE('',*,*,#1435,.F.);
#1856=ORIENTED_EDGE('',*,*,#1353,.T.);
#1857=ORIENTED_EDGE('',*,*,#1438,.T.);
#1858=ORIENTED_EDGE('',*,*,#1439,.T.);
#1859=ORIENTED_EDGE('',*,*,#1356,.T.);
#1860=ORIENTED_EDGE('',*,*,#1440,.T.);
#1861=ORIENTED_EDGE('',*,*,#1441,.T.);
#1862=ORIENTED_EDGE('',*,*,#1442,.T.);
#1863=ORIENTED_EDGE('',*,*,#1442,.F.);
#1864=ORIENTED_EDGE('',*,*,#1443,.F.);
#1865=ORIENTED_EDGE('',*,*,#1444,.T.);
#1866=ORIENTED_EDGE('',*,*,#1445,.F.);
#1867=ORIENTED_EDGE('',*,*,#1446,.F.);
#1868=ORIENTED_EDGE('',*,*,#1357,.F.);
#1869=ORIENTED_EDGE('',*,*,#1366,.T.);
#1870=ORIENTED_EDGE('',*,*,#1447,.T.);
#1871=ORIENTED_EDGE('',*,*,#1404,.T.);
#1872=ORIENTED_EDGE('',*,*,#1448,.T.);
#1873=ORIENTED_EDGE('',*,*,#1447,.F.);
#1874=ORIENTED_EDGE('',*,*,#1365,.F.);
#1875=ORIENTED_EDGE('',*,*,#1449,.F.);
#1876=ORIENTED_EDGE('',*,*,#1405,.F.);
#1877=ORIENTED_EDGE('',*,*,#1409,.F.);
#1878=ORIENTED_EDGE('',*,*,#1450,.T.);
#1879=ORIENTED_EDGE('',*,*,#1451,.T.);
#1880=ORIENTED_EDGE('',*,*,#1452,.T.);
#1881=ORIENTED_EDGE('',*,*,#1450,.F.);
#1882=ORIENTED_EDGE('',*,*,#1408,.T.);
#1883=ORIENTED_EDGE('',*,*,#1453,.T.);
#1884=ORIENTED_EDGE('',*,*,#1454,.F.);
#1885=ORIENTED_EDGE('',*,*,#1421,.F.);
#1886=ORIENTED_EDGE('',*,*,#1455,.T.);
#1887=ORIENTED_EDGE('',*,*,#1456,.T.);
#1888=ORIENTED_EDGE('',*,*,#1457,.T.);
#1889=ORIENTED_EDGE('',*,*,#1455,.F.);
#1890=ORIENTED_EDGE('',*,*,#1420,.T.);
#1891=ORIENTED_EDGE('',*,*,#1458,.T.);
#1892=ORIENTED_EDGE('',*,*,#1459,.F.);
#1893=ORIENTED_EDGE('',*,*,#1460,.F.);
#1894=ORIENTED_EDGE('',*,*,#1461,.T.);
#1895=ORIENTED_EDGE('',*,*,#1462,.T.);
#1896=ORIENTED_EDGE('',*,*,#1463,.T.);
#1897=ORIENTED_EDGE('',*,*,#1460,.T.);
#1898=ORIENTED_EDGE('',*,*,#1464,.F.);
#1899=ORIENTED_EDGE('',*,*,#1465,.F.);
#1900=ORIENTED_EDGE('',*,*,#1466,.T.);
#1901=ORIENTED_EDGE('',*,*,#1467,.F.);
#1902=ORIENTED_EDGE('',*,*,#1329,.F.);
#1903=ORIENTED_EDGE('',*,*,#1468,.T.);
#1904=ORIENTED_EDGE('',*,*,#1469,.F.);
#1905=ORIENTED_EDGE('',*,*,#1463,.F.);
#1906=ORIENTED_EDGE('',*,*,#1470,.F.);
#1907=ORIENTED_EDGE('',*,*,#1453,.F.);
#1908=ORIENTED_EDGE('',*,*,#1407,.T.);
#1909=ORIENTED_EDGE('',*,*,#1471,.F.);
#1910=ORIENTED_EDGE('',*,*,#1363,.F.);
#1911=ORIENTED_EDGE('',*,*,#1472,.F.);
#1912=ORIENTED_EDGE('',*,*,#1464,.T.);
#1913=ORIENTED_EDGE('',*,*,#1468,.F.);
#1914=ORIENTED_EDGE('',*,*,#1328,.T.);
#1915=ORIENTED_EDGE('',*,*,#1473,.T.);
#1916=ORIENTED_EDGE('',*,*,#1474,.T.);
#1917=ORIENTED_EDGE('',*,*,#1475,.F.);
#1918=ORIENTED_EDGE('',*,*,#1476,.T.);
#1919=ORIENTED_EDGE('',*,*,#1477,.T.);
#1920=ORIENTED_EDGE('',*,*,#1322,.T.);
#1921=ORIENTED_EDGE('',*,*,#1478,.F.);
#1922=ORIENTED_EDGE('',*,*,#1479,.T.);
#1923=ORIENTED_EDGE('',*,*,#1480,.T.);
#1924=ORIENTED_EDGE('',*,*,#1481,.T.);
#1925=ORIENTED_EDGE('',*,*,#1476,.F.);
#1926=ORIENTED_EDGE('',*,*,#1482,.T.);
#1927=ORIENTED_EDGE('',*,*,#1481,.F.);
#1928=ORIENTED_EDGE('',*,*,#1483,.F.);
#1929=ORIENTED_EDGE('',*,*,#1484,.T.);
#1930=ORIENTED_EDGE('',*,*,#1485,.T.);
#1931=ORIENTED_EDGE('',*,*,#1465,.T.);
#1932=ORIENTED_EDGE('',*,*,#1472,.T.);
#1933=ORIENTED_EDGE('',*,*,#1362,.T.);
#1934=ORIENTED_EDGE('',*,*,#1486,.T.);
#1935=ORIENTED_EDGE('',*,*,#1467,.T.);
#1936=ORIENTED_EDGE('',*,*,#1487,.T.);
#1937=ORIENTED_EDGE('',*,*,#1360,.T.);
#1938=ORIENTED_EDGE('',*,*,#1330,.T.);
#1939=ORIENTED_EDGE('',*,*,#1486,.F.);
#1940=ORIENTED_EDGE('',*,*,#1361,.T.);
#1941=ORIENTED_EDGE('',*,*,#1487,.F.);
#1942=ORIENTED_EDGE('',*,*,#1466,.F.);
#1943=ORIENTED_EDGE('',*,*,#1488,.T.);
#1944=ORIENTED_EDGE('',*,*,#1320,.T.);
#1945=ORIENTED_EDGE('',*,*,#1384,.T.);
#1946=ORIENTED_EDGE('',*,*,#1489,.T.);
#1947=ORIENTED_EDGE('',*,*,#1490,.T.);
#1948=ORIENTED_EDGE('',*,*,#1491,.T.);
#1949=ORIENTED_EDGE('',*,*,#1382,.T.);
#1950=ORIENTED_EDGE('',*,*,#1492,.T.);
#1951=ORIENTED_EDGE('',*,*,#1489,.F.);
#1952=ORIENTED_EDGE('',*,*,#1383,.T.);
#1953=ORIENTED_EDGE('',*,*,#1491,.F.);
#1954=ORIENTED_EDGE('',*,*,#1493,.F.);
#1955=ORIENTED_EDGE('',*,*,#1402,.T.);
#1956=ORIENTED_EDGE('',*,*,#1428,.T.);
#1957=ORIENTED_EDGE('',*,*,#1368,.T.);
#1958=ORIENTED_EDGE('',*,*,#1494,.T.);
#1959=ORIENTED_EDGE('',*,*,#1394,.T.);
#1960=ORIENTED_EDGE('',*,*,#1495,.T.);
#1961=ORIENTED_EDGE('',*,*,#1376,.T.);
#1962=ORIENTED_EDGE('',*,*,#1426,.T.);
#1963=ORIENTED_EDGE('',*,*,#1388,.F.);
#1964=ORIENTED_EDGE('',*,*,#1377,.F.);
#1965=ORIENTED_EDGE('',*,*,#1495,.F.);
#1966=ORIENTED_EDGE('',*,*,#1393,.F.);
#1967=ORIENTED_EDGE('',*,*,#1399,.T.);
#1968=ORIENTED_EDGE('',*,*,#1496,.T.);
#1969=ORIENTED_EDGE('',*,*,#1371,.T.);
#1970=ORIENTED_EDGE('',*,*,#1430,.T.);
#1971=ORIENTED_EDGE('',*,*,#1496,.F.);
#1972=ORIENTED_EDGE('',*,*,#1398,.F.);
#1973=ORIENTED_EDGE('',*,*,#1497,.F.);
#1974=ORIENTED_EDGE('',*,*,#1372,.F.);
#1975=ORIENTED_EDGE('',*,*,#1397,.T.);
#1976=ORIENTED_EDGE('',*,*,#1427,.T.);
#1977=ORIENTED_EDGE('',*,*,#1373,.T.);
#1978=ORIENTED_EDGE('',*,*,#1497,.T.);
#1979=ORIENTED_EDGE('',*,*,#1498,.T.);
#1980=ORIENTED_EDGE('',*,*,#1499,.T.);
#1981=ORIENTED_EDGE('',*,*,#1358,.T.);
#1982=ORIENTED_EDGE('',*,*,#1446,.T.);
#1983=ORIENTED_EDGE('',*,*,#1500,.T.);
#1984=ORIENTED_EDGE('',*,*,#1501,.F.);
#1985=ORIENTED_EDGE('',*,*,#1502,.F.);
#1986=ORIENTED_EDGE('',*,*,#1503,.T.);
#1987=ORIENTED_EDGE('',*,*,#1504,.F.);
#1988=ORIENTED_EDGE('',*,*,#1337,.T.);
#1989=ORIENTED_EDGE('',*,*,#1387,.T.);
#1990=ORIENTED_EDGE('',*,*,#1505,.T.);
#1991=ORIENTED_EDGE('',*,*,#1505,.F.);
#1992=ORIENTED_EDGE('',*,*,#1386,.T.);
#1993=ORIENTED_EDGE('',*,*,#1506,.T.);
#1994=ORIENTED_EDGE('',*,*,#1507,.T.);
#1995=ORIENTED_EDGE('',*,*,#1432,.F.);
#1996=ORIENTED_EDGE('',*,*,#1508,.T.);
#1997=ORIENTED_EDGE('',*,*,#1509,.T.);
#1998=ORIENTED_EDGE('',*,*,#1351,.T.);
#1999=ORIENTED_EDGE('',*,*,#1509,.F.);
#2000=ORIENTED_EDGE('',*,*,#1510,.T.);
#2001=ORIENTED_EDGE('',*,*,#1339,.T.);
#2002=ORIENTED_EDGE('',*,*,#1511,.F.);
#2003=ORIENTED_EDGE('',*,*,#1512,.T.);
#2004=ORIENTED_EDGE('',*,*,#1513,.T.);
#2005=ORIENTED_EDGE('',*,*,#1514,.T.);
#2006=ORIENTED_EDGE('',*,*,#1515,.F.);
#2007=ORIENTED_EDGE('',*,*,#1444,.F.);
#2008=ORIENTED_EDGE('',*,*,#1516,.T.);
#2009=ORIENTED_EDGE('',*,*,#1438,.F.);
#2010=ORIENTED_EDGE('',*,*,#1352,.F.);
#2011=ORIENTED_EDGE('',*,*,#1424,.T.);
#2012=ORIENTED_EDGE('',*,*,#1517,.T.);
#2013=ORIENTED_EDGE('',*,*,#1380,.T.);
#2014=ORIENTED_EDGE('',*,*,#1392,.T.);
#2015=ORIENTED_EDGE('',*,*,#1479,.F.);
#2016=ORIENTED_EDGE('',*,*,#1518,.T.);
#2017=ORIENTED_EDGE('',*,*,#1492,.F.);
#2018=ORIENTED_EDGE('',*,*,#1381,.F.);
#2019=ORIENTED_EDGE('',*,*,#1517,.F.);
#2020=ORIENTED_EDGE('',*,*,#1423,.T.);
#2021=ORIENTED_EDGE('',*,*,#1519,.T.);
#2022=ORIENTED_EDGE('',*,*,#1520,.F.);
#2023=ORIENTED_EDGE('',*,*,#1406,.T.);
#2024=ORIENTED_EDGE('',*,*,#1449,.T.);
#2025=ORIENTED_EDGE('',*,*,#1364,.T.);
#2026=ORIENTED_EDGE('',*,*,#1471,.T.);
#2027=ORIENTED_EDGE('',*,*,#1521,.F.);
#2028=ORIENTED_EDGE('',*,*,#1522,.F.);
#2029=ORIENTED_EDGE('',*,*,#1523,.F.);
#2030=ORIENTED_EDGE('',*,*,#1524,.F.);
#2031=ORIENTED_EDGE('',*,*,#1525,.F.);
#2032=ORIENTED_EDGE('',*,*,#1525,.T.);
#2033=ORIENTED_EDGE('',*,*,#1526,.F.);
#2034=ORIENTED_EDGE('',*,*,#1527,.T.);
#2035=ORIENTED_EDGE('',*,*,#1528,.T.);
#2036=ORIENTED_EDGE('',*,*,#1521,.T.);
#2037=ORIENTED_EDGE('',*,*,#1529,.T.);
#2038=ORIENTED_EDGE('',*,*,#1530,.F.);
#2039=ORIENTED_EDGE('',*,*,#1531,.T.);
#2040=ORIENTED_EDGE('',*,*,#1532,.F.);
#2041=ORIENTED_EDGE('',*,*,#1524,.T.);
#2042=ORIENTED_EDGE('',*,*,#1533,.F.);
#2043=ORIENTED_EDGE('',*,*,#1534,.F.);
#2044=ORIENTED_EDGE('',*,*,#1535,.F.);
#2045=ORIENTED_EDGE('',*,*,#1536,.F.);
#2046=ORIENTED_EDGE('',*,*,#1537,.F.);
#2047=ORIENTED_EDGE('',*,*,#1538,.F.);
#2048=ORIENTED_EDGE('',*,*,#1539,.F.);
#2049=ORIENTED_EDGE('',*,*,#1540,.F.);
#2050=ORIENTED_EDGE('',*,*,#1541,.F.);
#2051=ORIENTED_EDGE('',*,*,#1542,.T.);
#2052=ORIENTED_EDGE('',*,*,#1543,.T.);
#2053=ORIENTED_EDGE('',*,*,#1544,.T.);
#2054=ORIENTED_EDGE('',*,*,#1545,.F.);
#2055=ORIENTED_EDGE('',*,*,#1546,.F.);
#2056=ORIENTED_EDGE('',*,*,#1547,.F.);
#2057=ORIENTED_EDGE('',*,*,#1548,.F.);
#2058=ORIENTED_EDGE('',*,*,#1549,.F.);
#2059=ORIENTED_EDGE('',*,*,#1550,.F.);
#2060=ORIENTED_EDGE('',*,*,#1551,.F.);
#2061=ORIENTED_EDGE('',*,*,#1552,.F.);
#2062=ORIENTED_EDGE('',*,*,#1553,.F.);
#2063=ORIENTED_EDGE('',*,*,#1554,.T.);
#2064=ORIENTED_EDGE('',*,*,#1526,.T.);
#2065=ORIENTED_EDGE('',*,*,#1485,.F.);
#2066=ORIENTED_EDGE('',*,*,#1555,.F.);
#2067=ORIENTED_EDGE('',*,*,#1556,.F.);
#2068=ORIENTED_EDGE('',*,*,#1557,.F.);
#2069=ORIENTED_EDGE('',*,*,#1558,.F.);
#2070=ORIENTED_EDGE('',*,*,#1502,.T.);
#2071=ORIENTED_EDGE('',*,*,#1507,.F.);
#2072=ORIENTED_EDGE('',*,*,#1559,.F.);
#2073=ORIENTED_EDGE('',*,*,#1317,.F.);
#2074=ORIENTED_EDGE('',*,*,#1477,.F.);
#2075=ORIENTED_EDGE('',*,*,#1484,.F.);
#2076=ORIENTED_EDGE('',*,*,#1560,.F.);
#2077=ORIENTED_EDGE('',*,*,#1561,.T.);
#2078=ORIENTED_EDGE('',*,*,#1555,.T.);
#2079=ORIENTED_EDGE('',*,*,#1562,.F.);
#2080=ORIENTED_EDGE('',*,*,#1563,.T.);
#2081=ORIENTED_EDGE('',*,*,#1556,.T.);
#2082=ORIENTED_EDGE('',*,*,#1561,.F.);
#2083=ORIENTED_EDGE('',*,*,#1564,.F.);
#2084=ORIENTED_EDGE('',*,*,#1565,.T.);
#2085=ORIENTED_EDGE('',*,*,#1557,.T.);
#2086=ORIENTED_EDGE('',*,*,#1563,.F.);
#2087=ORIENTED_EDGE('',*,*,#1566,.F.);
#2088=ORIENTED_EDGE('',*,*,#1503,.F.);
#2089=ORIENTED_EDGE('',*,*,#1558,.T.);
#2090=ORIENTED_EDGE('',*,*,#1565,.F.);
#2091=ORIENTED_EDGE('',*,*,#1567,.F.);
#2092=ORIENTED_EDGE('',*,*,#1568,.T.);
#2093=ORIENTED_EDGE('',*,*,#1569,.F.);
#2094=ORIENTED_EDGE('',*,*,#1570,.F.);
#2095=ORIENTED_EDGE('',*,*,#1571,.F.);
#2096=ORIENTED_EDGE('',*,*,#1572,.T.);
#2097=ORIENTED_EDGE('',*,*,#1573,.T.);
#2098=ORIENTED_EDGE('',*,*,#1574,.F.);
#2099=ORIENTED_EDGE('',*,*,#1575,.F.);
#2100=ORIENTED_EDGE('',*,*,#1569,.T.);
#2101=ORIENTED_EDGE('',*,*,#1576,.T.);
#2102=ORIENTED_EDGE('',*,*,#1572,.F.);
#2103=ORIENTED_EDGE('',*,*,#1577,.T.);
#2104=ORIENTED_EDGE('',*,*,#1574,.T.);
#2105=ORIENTED_EDGE('',*,*,#1578,.T.);
#2106=ORIENTED_EDGE('',*,*,#1501,.T.);
#2107=ORIENTED_EDGE('',*,*,#1473,.F.);
#2108=ORIENTED_EDGE('',*,*,#1327,.F.);
#2109=ORIENTED_EDGE('',*,*,#1323,.F.);
#2110=ORIENTED_EDGE('',*,*,#1579,.F.);
#2111=ORIENTED_EDGE('',*,*,#1498,.F.);
#2112=ORIENTED_EDGE('',*,*,#1578,.F.);
#2113=ORIENTED_EDGE('',*,*,#1573,.F.);
#2114=ORIENTED_EDGE('',*,*,#1576,.F.);
#2115=ORIENTED_EDGE('',*,*,#1568,.F.);
#2116=ORIENTED_EDGE('',*,*,#1580,.F.);
#2117=ORIENTED_EDGE('',*,*,#1559,.T.);
#2118=ORIENTED_EDGE('',*,*,#1506,.F.);
#2119=ORIENTED_EDGE('',*,*,#1385,.T.);
#2120=ORIENTED_EDGE('',*,*,#1318,.F.);
#2121=ORIENTED_EDGE('',*,*,#1499,.F.);
#2122=ORIENTED_EDGE('',*,*,#1579,.T.);
#2123=ORIENTED_EDGE('',*,*,#1326,.F.);
#2124=ORIENTED_EDGE('',*,*,#1359,.T.);
#2125=ORIENTED_EDGE('',*,*,#1581,.T.);
#2126=ORIENTED_EDGE('',*,*,#1341,.T.);
#2127=ORIENTED_EDGE('',*,*,#1582,.T.);
#2128=ORIENTED_EDGE('',*,*,#1583,.T.);
#2129=ORIENTED_EDGE('',*,*,#1584,.T.);
#2130=ORIENTED_EDGE('',*,*,#1342,.T.);
#2131=ORIENTED_EDGE('',*,*,#1581,.F.);
#2132=ORIENTED_EDGE('',*,*,#1585,.T.);
#2133=ORIENTED_EDGE('',*,*,#1586,.T.);
#2134=ORIENTED_EDGE('',*,*,#1343,.T.);
#2135=ORIENTED_EDGE('',*,*,#1584,.F.);
#2136=ORIENTED_EDGE('',*,*,#1587,.T.);
#2137=ORIENTED_EDGE('',*,*,#1588,.T.);
#2138=ORIENTED_EDGE('',*,*,#1344,.T.);
#2139=ORIENTED_EDGE('',*,*,#1586,.F.);
#2140=ORIENTED_EDGE('',*,*,#1589,.T.);
#2141=ORIENTED_EDGE('',*,*,#1590,.T.);
#2142=ORIENTED_EDGE('',*,*,#1345,.T.);
#2143=ORIENTED_EDGE('',*,*,#1588,.F.);
#2144=ORIENTED_EDGE('',*,*,#1591,.T.);
#2145=ORIENTED_EDGE('',*,*,#1592,.T.);
#2146=ORIENTED_EDGE('',*,*,#1346,.T.);
#2147=ORIENTED_EDGE('',*,*,#1590,.F.);
#2148=ORIENTED_EDGE('',*,*,#1593,.T.);
#2149=ORIENTED_EDGE('',*,*,#1594,.T.);
#2150=ORIENTED_EDGE('',*,*,#1347,.T.);
#2151=ORIENTED_EDGE('',*,*,#1592,.F.);
#2152=ORIENTED_EDGE('',*,*,#1595,.T.);
#2153=ORIENTED_EDGE('',*,*,#1582,.F.);
#2154=ORIENTED_EDGE('',*,*,#1348,.T.);
#2155=ORIENTED_EDGE('',*,*,#1594,.F.);
#2156=ORIENTED_EDGE('',*,*,#1596,.T.);
#2157=ORIENTED_EDGE('',*,*,#1589,.F.);
#2158=ORIENTED_EDGE('',*,*,#1597,.T.);
#2159=ORIENTED_EDGE('',*,*,#1536,.T.);
#2160=ORIENTED_EDGE('',*,*,#1598,.F.);
#2161=ORIENTED_EDGE('',*,*,#1587,.F.);
#2162=ORIENTED_EDGE('',*,*,#1599,.F.);
#2163=ORIENTED_EDGE('',*,*,#1537,.T.);
#2164=ORIENTED_EDGE('',*,*,#1597,.F.);
#2165=ORIENTED_EDGE('',*,*,#1585,.F.);
#2166=ORIENTED_EDGE('',*,*,#1600,.T.);
#2167=ORIENTED_EDGE('',*,*,#1538,.T.);
#2168=ORIENTED_EDGE('',*,*,#1599,.T.);
#2169=ORIENTED_EDGE('',*,*,#1583,.F.);
#2170=ORIENTED_EDGE('',*,*,#1601,.T.);
#2171=ORIENTED_EDGE('',*,*,#1539,.T.);
#2172=ORIENTED_EDGE('',*,*,#1600,.F.);
#2173=ORIENTED_EDGE('',*,*,#1602,.T.);
#2174=ORIENTED_EDGE('',*,*,#1603,.T.);
#2175=ORIENTED_EDGE('',*,*,#1604,.T.);
#2176=ORIENTED_EDGE('',*,*,#1605,.T.);
#2177=ORIENTED_EDGE('',*,*,#1603,.F.);
#2178=ORIENTED_EDGE('',*,*,#1606,.F.);
#2179=ORIENTED_EDGE('',*,*,#1542,.F.);
#2180=ORIENTED_EDGE('',*,*,#1607,.F.);
#2181=ORIENTED_EDGE('',*,*,#1530,.T.);
#2182=ORIENTED_EDGE('',*,*,#1608,.T.);
#2183=ORIENTED_EDGE('',*,*,#1609,.T.);
#2184=ORIENTED_EDGE('',*,*,#1610,.T.);
#2185=ORIENTED_EDGE('',*,*,#1605,.F.);
#2186=ORIENTED_EDGE('',*,*,#1611,.F.);
#2187=ORIENTED_EDGE('',*,*,#1608,.F.);
#2188=ORIENTED_EDGE('',*,*,#1529,.F.);
#2189=ORIENTED_EDGE('',*,*,#1528,.F.);
#2190=ORIENTED_EDGE('',*,*,#1612,.F.);
#2191=ORIENTED_EDGE('',*,*,#1513,.F.);
#2192=ORIENTED_EDGE('',*,*,#1613,.F.);
#2193=ORIENTED_EDGE('',*,*,#1614,.F.);
#2194=ORIENTED_EDGE('',*,*,#1475,.T.);
#2195=ORIENTED_EDGE('',*,*,#1321,.F.);
#2196=ORIENTED_EDGE('',*,*,#1488,.F.);
#2197=ORIENTED_EDGE('',*,*,#1493,.T.);
#2198=ORIENTED_EDGE('',*,*,#1490,.F.);
#2199=ORIENTED_EDGE('',*,*,#1518,.F.);
#2200=ORIENTED_EDGE('',*,*,#1478,.T.);
#2201=ORIENTED_EDGE('',*,*,#1482,.F.);
#2202=ORIENTED_EDGE('',*,*,#1461,.F.);
#2203=ORIENTED_EDGE('',*,*,#1469,.T.);
#2204=ORIENTED_EDGE('',*,*,#1474,.F.);
#2205=ORIENTED_EDGE('',*,*,#1580,.T.);
#2206=ORIENTED_EDGE('',*,*,#1567,.T.);
#2207=ORIENTED_EDGE('',*,*,#1615,.F.);
#2208=ORIENTED_EDGE('',*,*,#1610,.F.);
#2209=ORIENTED_EDGE('',*,*,#1616,.F.);
#2210=ORIENTED_EDGE('',*,*,#1617,.F.);
#2211=ORIENTED_EDGE('',*,*,#1531,.F.);
#2212=ORIENTED_EDGE('',*,*,#1522,.T.);
#2213=ORIENTED_EDGE('',*,*,#1532,.T.);
#2214=ORIENTED_EDGE('',*,*,#1617,.T.);
#2215=ORIENTED_EDGE('',*,*,#1618,.F.);
#2216=ORIENTED_EDGE('',*,*,#1606,.T.);
#2217=ORIENTED_EDGE('',*,*,#1602,.F.);
#2218=ORIENTED_EDGE('',*,*,#1614,.T.);
#2219=ORIENTED_EDGE('',*,*,#1619,.F.);
#2220=ORIENTED_EDGE('',*,*,#1543,.F.);
#2221=ORIENTED_EDGE('',*,*,#1544,.F.);
#2222=ORIENTED_EDGE('',*,*,#1619,.T.);
#2223=ORIENTED_EDGE('',*,*,#1613,.T.);
#2224=ORIENTED_EDGE('',*,*,#1512,.F.);
#2225=ORIENTED_EDGE('',*,*,#1620,.F.);
#2226=ORIENTED_EDGE('',*,*,#1621,.F.);
#2227=ORIENTED_EDGE('',*,*,#1554,.F.);
#2228=ORIENTED_EDGE('',*,*,#1622,.F.);
#2229=ORIENTED_EDGE('',*,*,#1623,.F.);
#2230=ORIENTED_EDGE('',*,*,#1514,.F.);
#2231=ORIENTED_EDGE('',*,*,#1612,.T.);
#2232=ORIENTED_EDGE('',*,*,#1527,.F.);
#2233=ORIENTED_EDGE('',*,*,#1622,.T.);
#2234=ORIENTED_EDGE('',*,*,#1553,.T.);
#2235=ORIENTED_EDGE('',*,*,#1624,.F.);
#2236=ORIENTED_EDGE('',*,*,#1625,.F.);
#2237=ORIENTED_EDGE('',*,*,#1621,.T.);
#2238=ORIENTED_EDGE('',*,*,#1626,.F.);
#2239=ORIENTED_EDGE('',*,*,#1627,.T.);
#2240=ORIENTED_EDGE('',*,*,#1545,.T.);
#2241=ORIENTED_EDGE('',*,*,#1628,.F.);
#2242=ORIENTED_EDGE('',*,*,#1629,.T.);
#2243=ORIENTED_EDGE('',*,*,#1546,.T.);
#2244=ORIENTED_EDGE('',*,*,#1627,.F.);
#2245=ORIENTED_EDGE('',*,*,#1630,.F.);
#2246=ORIENTED_EDGE('',*,*,#1631,.T.);
#2247=ORIENTED_EDGE('',*,*,#1547,.T.);
#2248=ORIENTED_EDGE('',*,*,#1629,.F.);
#2249=ORIENTED_EDGE('',*,*,#1632,.F.);
#2250=ORIENTED_EDGE('',*,*,#1633,.T.);
#2251=ORIENTED_EDGE('',*,*,#1548,.T.);
#2252=ORIENTED_EDGE('',*,*,#1631,.F.);
#2253=ORIENTED_EDGE('',*,*,#1634,.F.);
#2254=ORIENTED_EDGE('',*,*,#1635,.T.);
#2255=ORIENTED_EDGE('',*,*,#1549,.T.);
#2256=ORIENTED_EDGE('',*,*,#1633,.F.);
#2257=ORIENTED_EDGE('',*,*,#1636,.F.);
#2258=ORIENTED_EDGE('',*,*,#1637,.T.);
#2259=ORIENTED_EDGE('',*,*,#1550,.T.);
#2260=ORIENTED_EDGE('',*,*,#1635,.F.);
#2261=ORIENTED_EDGE('',*,*,#1638,.F.);
#2262=ORIENTED_EDGE('',*,*,#1639,.T.);
#2263=ORIENTED_EDGE('',*,*,#1551,.T.);
#2264=ORIENTED_EDGE('',*,*,#1637,.F.);
#2265=ORIENTED_EDGE('',*,*,#1640,.F.);
#2266=ORIENTED_EDGE('',*,*,#1624,.T.);
#2267=ORIENTED_EDGE('',*,*,#1552,.T.);
#2268=ORIENTED_EDGE('',*,*,#1639,.F.);
#2269=ORIENTED_EDGE('',*,*,#1334,.F.);
#2270=ORIENTED_EDGE('',*,*,#1340,.T.);
#2271=ORIENTED_EDGE('',*,*,#1510,.F.);
#2272=ORIENTED_EDGE('',*,*,#1508,.F.);
#2273=ORIENTED_EDGE('',*,*,#1431,.F.);
#2274=ORIENTED_EDGE('',*,*,#1434,.T.);
#2275=ORIENTED_EDGE('',*,*,#1436,.F.);
#2276=ORIENTED_EDGE('',*,*,#1439,.F.);
#2277=ORIENTED_EDGE('',*,*,#1516,.F.);
#2278=ORIENTED_EDGE('',*,*,#1443,.T.);
#2279=ORIENTED_EDGE('',*,*,#1441,.F.);
#2280=ORIENTED_EDGE('',*,*,#1641,.T.);
#2281=ORIENTED_EDGE('',*,*,#1448,.F.);
#2282=ORIENTED_EDGE('',*,*,#1403,.F.);
#2283=ORIENTED_EDGE('',*,*,#1494,.F.);
#2284=ORIENTED_EDGE('',*,*,#1367,.F.);
#2285=ORIENTED_EDGE('',*,*,#1437,.F.);
#2286=ORIENTED_EDGE('',*,*,#1641,.F.);
#2287=ORIENTED_EDGE('',*,*,#1440,.F.);
#2288=ORIENTED_EDGE('',*,*,#1355,.F.);
#2289=ORIENTED_EDGE('',*,*,#1452,.F.);
#2290=ORIENTED_EDGE('',*,*,#1642,.F.);
#2291=ORIENTED_EDGE('',*,*,#1643,.F.);
#2292=ORIENTED_EDGE('',*,*,#1410,.T.);
#2293=ORIENTED_EDGE('',*,*,#1411,.T.);
#2294=ORIENTED_EDGE('',*,*,#1643,.T.);
#2295=ORIENTED_EDGE('',*,*,#1644,.F.);
#2296=ORIENTED_EDGE('',*,*,#1645,.F.);
#2297=ORIENTED_EDGE('',*,*,#1412,.T.);
#2298=ORIENTED_EDGE('',*,*,#1645,.T.);
#2299=ORIENTED_EDGE('',*,*,#1646,.F.);
#2300=ORIENTED_EDGE('',*,*,#1647,.F.);
#2301=ORIENTED_EDGE('',*,*,#1413,.T.);
#2302=ORIENTED_EDGE('',*,*,#1647,.T.);
#2303=ORIENTED_EDGE('',*,*,#1648,.F.);
#2304=ORIENTED_EDGE('',*,*,#1649,.F.);
#2305=ORIENTED_EDGE('',*,*,#1414,.T.);
#2306=ORIENTED_EDGE('',*,*,#1649,.T.);
#2307=ORIENTED_EDGE('',*,*,#1650,.F.);
#2308=ORIENTED_EDGE('',*,*,#1651,.F.);
#2309=ORIENTED_EDGE('',*,*,#1415,.T.);
#2310=ORIENTED_EDGE('',*,*,#1651,.T.);
#2311=ORIENTED_EDGE('',*,*,#1652,.F.);
#2312=ORIENTED_EDGE('',*,*,#1653,.F.);
#2313=ORIENTED_EDGE('',*,*,#1416,.T.);
#2314=ORIENTED_EDGE('',*,*,#1653,.T.);
#2315=ORIENTED_EDGE('',*,*,#1654,.F.);
#2316=ORIENTED_EDGE('',*,*,#1655,.F.);
#2317=ORIENTED_EDGE('',*,*,#1417,.T.);
#2318=ORIENTED_EDGE('',*,*,#1655,.T.);
#2319=ORIENTED_EDGE('',*,*,#1656,.F.);
#2320=ORIENTED_EDGE('',*,*,#1657,.F.);
#2321=ORIENTED_EDGE('',*,*,#1418,.T.);
#2322=ORIENTED_EDGE('',*,*,#1657,.T.);
#2323=ORIENTED_EDGE('',*,*,#1658,.F.);
#2324=ORIENTED_EDGE('',*,*,#1659,.F.);
#2325=ORIENTED_EDGE('',*,*,#1419,.T.);
#2326=ORIENTED_EDGE('',*,*,#1659,.T.);
#2327=ORIENTED_EDGE('',*,*,#1660,.F.);
#2328=ORIENTED_EDGE('',*,*,#1458,.F.);
#2329=ORIENTED_EDGE('',*,*,#1457,.F.);
#2330=ORIENTED_EDGE('',*,*,#1661,.F.);
#2331=ORIENTED_EDGE('',*,*,#1519,.F.);
#2332=ORIENTED_EDGE('',*,*,#1422,.T.);
#2333=ORIENTED_EDGE('',*,*,#1591,.F.);
#2334=ORIENTED_EDGE('',*,*,#1598,.T.);
#2335=ORIENTED_EDGE('',*,*,#1535,.T.);
#2336=ORIENTED_EDGE('',*,*,#1662,.F.);
#2337=ORIENTED_EDGE('',*,*,#1593,.F.);
#2338=ORIENTED_EDGE('',*,*,#1662,.T.);
#2339=ORIENTED_EDGE('',*,*,#1534,.T.);
#2340=ORIENTED_EDGE('',*,*,#1663,.F.);
#2341=ORIENTED_EDGE('',*,*,#1523,.T.);
#2342=ORIENTED_EDGE('',*,*,#1618,.T.);
#2343=ORIENTED_EDGE('',*,*,#1616,.T.);
#2344=ORIENTED_EDGE('',*,*,#1609,.F.);
#2345=ORIENTED_EDGE('',*,*,#1611,.T.);
#2346=ORIENTED_EDGE('',*,*,#1604,.F.);
#2347=ORIENTED_EDGE('',*,*,#1607,.T.);
#2348=ORIENTED_EDGE('',*,*,#1541,.T.);
#2349=ORIENTED_EDGE('',*,*,#1664,.F.);
#2350=ORIENTED_EDGE('',*,*,#1595,.F.);
#2351=ORIENTED_EDGE('',*,*,#1663,.T.);
#2352=ORIENTED_EDGE('',*,*,#1533,.T.);
#2353=ORIENTED_EDGE('',*,*,#1596,.F.);
#2354=ORIENTED_EDGE('',*,*,#1664,.T.);
#2355=ORIENTED_EDGE('',*,*,#1540,.T.);
#2356=ORIENTED_EDGE('',*,*,#1601,.F.);
#2357=ORIENTED_EDGE('',*,*,#1560,.T.);
#2358=ORIENTED_EDGE('',*,*,#1483,.T.);
#2359=ORIENTED_EDGE('',*,*,#1480,.F.);
#2360=ORIENTED_EDGE('',*,*,#1520,.T.);
#2361=ORIENTED_EDGE('',*,*,#1661,.T.);
#2362=ORIENTED_EDGE('',*,*,#1456,.F.);
#2363=ORIENTED_EDGE('',*,*,#1459,.T.);
#2364=ORIENTED_EDGE('',*,*,#1660,.T.);
#2365=ORIENTED_EDGE('',*,*,#1658,.T.);
#2366=ORIENTED_EDGE('',*,*,#1656,.T.);
#2367=ORIENTED_EDGE('',*,*,#1654,.T.);
#2368=ORIENTED_EDGE('',*,*,#1652,.T.);
#2369=ORIENTED_EDGE('',*,*,#1650,.T.);
#2370=ORIENTED_EDGE('',*,*,#1648,.T.);
#2371=ORIENTED_EDGE('',*,*,#1646,.T.);
#2372=ORIENTED_EDGE('',*,*,#1644,.T.);
#2373=ORIENTED_EDGE('',*,*,#1642,.T.);
#2374=ORIENTED_EDGE('',*,*,#1451,.F.);
#2375=ORIENTED_EDGE('',*,*,#1454,.T.);
#2376=ORIENTED_EDGE('',*,*,#1470,.T.);
#2377=ORIENTED_EDGE('',*,*,#1462,.F.);
#2378=ORIENTED_EDGE('',*,*,#1615,.T.);
#2379=ORIENTED_EDGE('',*,*,#1570,.T.);
#2380=ORIENTED_EDGE('',*,*,#1575,.T.);
#2381=ORIENTED_EDGE('',*,*,#1571,.T.);
#2382=ORIENTED_EDGE('',*,*,#1577,.F.);
#2383=ORIENTED_EDGE('',*,*,#1500,.F.);
#2384=ORIENTED_EDGE('',*,*,#1445,.T.);
#2385=ORIENTED_EDGE('',*,*,#1515,.T.);
#2386=ORIENTED_EDGE('',*,*,#1623,.T.);
#2387=ORIENTED_EDGE('',*,*,#1625,.T.);
#2388=ORIENTED_EDGE('',*,*,#1640,.T.);
#2389=ORIENTED_EDGE('',*,*,#1638,.T.);
#2390=ORIENTED_EDGE('',*,*,#1636,.T.);
#2391=ORIENTED_EDGE('',*,*,#1634,.T.);
#2392=ORIENTED_EDGE('',*,*,#1632,.T.);
#2393=ORIENTED_EDGE('',*,*,#1630,.T.);
#2394=ORIENTED_EDGE('',*,*,#1628,.T.);
#2395=ORIENTED_EDGE('',*,*,#1626,.T.);
#2396=ORIENTED_EDGE('',*,*,#1620,.T.);
#2397=ORIENTED_EDGE('',*,*,#1511,.T.);
#2398=ORIENTED_EDGE('',*,*,#1338,.T.);
#2399=ORIENTED_EDGE('',*,*,#1504,.T.);
#2400=ORIENTED_EDGE('',*,*,#1566,.T.);
#2401=ORIENTED_EDGE('',*,*,#1564,.T.);
#2402=ORIENTED_EDGE('',*,*,#1562,.T.);
#2403=ORIENTED_EDGE('',*,*,#1295,.T.);
#2404=ORIENTED_EDGE('',*,*,#1299,.T.);
#2405=ORIENTED_EDGE('',*,*,#1303,.T.);
#2406=ORIENTED_EDGE('',*,*,#1307,.T.);
#2407=ORIENTED_EDGE('',*,*,#1311,.T.);
#2408=ORIENTED_EDGE('',*,*,#1315,.T.);
#2409=CONICAL_SURFACE('',#2553,0.518933683945348,1.02974425867665);
#2410=CONICAL_SURFACE('',#2557,0.518933683945348,1.02974425867665);
#2411=CONICAL_SURFACE('',#2561,0.518933683945348,1.02974425867665);
#2412=CONICAL_SURFACE('',#2565,0.518933683945348,1.02974425867665);
#2413=CONICAL_SURFACE('',#2569,0.518933683945348,1.02974425867665);
#2414=CONICAL_SURFACE('',#2573,0.518933683945348,1.02974425867665);
#2415=CONICAL_SURFACE('',#2734,5.50000000000011,0.785398163397452);
#2416=CONICAL_SURFACE('',#2737,5.49999999999994,0.785398163397447);
#2417=CONICAL_SURFACE('',#2740,5.50000000000173,0.785398163397448);
#2418=CONICAL_SURFACE('',#2743,5.50000000000484,0.785398163397453);
#2419=ADVANCED_FACE('',(#144),#2409,.F.);
#2420=ADVANCED_FACE('',(#145),#91,.F.);
#2421=ADVANCED_FACE('',(#146),#2410,.F.);
#2422=ADVANCED_FACE('',(#147),#92,.F.);
#2423=ADVANCED_FACE('',(#148),#2411,.F.);
#2424=ADVANCED_FACE('',(#149),#93,.F.);
#2425=ADVANCED_FACE('',(#150),#2412,.F.);
#2426=ADVANCED_FACE('',(#151),#94,.F.);
#2427=ADVANCED_FACE('',(#152),#2413,.F.);
#2428=ADVANCED_FACE('',(#153),#95,.F.);
#2429=ADVANCED_FACE('',(#154),#2414,.F.);
#2430=ADVANCED_FACE('',(#155),#96,.F.);
#2431=ADVANCED_FACE('',(#156),#22,.T.);
#2432=ADVANCED_FACE('',(#157),#23,.T.);
#2433=ADVANCED_FACE('',(#158),#24,.T.);
#2434=ADVANCED_FACE('',(#159),#97,.T.);
#2435=ADVANCED_FACE('',(#160),#25,.T.);
#2436=ADVANCED_FACE('',(#161,#15),#26,.F.);
#2437=ADVANCED_FACE('',(#162),#98,.T.);
#2438=ADVANCED_FACE('',(#163),#27,.T.);
#2439=ADVANCED_FACE('',(#164),#28,.T.);
#2440=ADVANCED_FACE('',(#165),#99,.T.);
#2441=ADVANCED_FACE('',(#166),#29,.T.);
#2442=ADVANCED_FACE('',(#167),#100,.T.);
#2443=ADVANCED_FACE('',(#168),#30,.T.);
#2444=ADVANCED_FACE('',(#169),#101,.T.);
#2445=ADVANCED_FACE('',(#170),#31,.T.);
#2446=ADVANCED_FACE('',(#171),#102,.T.);
#2447=ADVANCED_FACE('',(#172),#103,.F.);
#2448=ADVANCED_FACE('',(#173),#104,.T.);
#2449=ADVANCED_FACE('',(#174),#32,.T.);
#2450=ADVANCED_FACE('',(#175),#105,.T.);
#2451=ADVANCED_FACE('',(#176),#33,.T.);
#2452=ADVANCED_FACE('',(#177),#106,.F.);
#2453=ADVANCED_FACE('',(#178),#34,.T.);
#2454=ADVANCED_FACE('',(#179),#107,.F.);
#2455=ADVANCED_FACE('',(#180),#35,.T.);
#2456=ADVANCED_FACE('',(#181),#108,.F.);
#2457=ADVANCED_FACE('',(#182),#36,.T.);
#2458=ADVANCED_FACE('',(#183),#37,.T.);
#2459=ADVANCED_FACE('',(#184),#109,.F.);
#2460=ADVANCED_FACE('',(#185),#110,.F.);
#2461=ADVANCED_FACE('',(#186),#111,.F.);
#2462=ADVANCED_FACE('',(#187),#38,.T.);
#2463=ADVANCED_FACE('',(#188),#112,.F.);
#2464=ADVANCED_FACE('',(#189),#113,.F.);
#2465=ADVANCED_FACE('',(#190),#39,.T.);
#2466=ADVANCED_FACE('',(#191),#114,.F.);
#2467=ADVANCED_FACE('',(#192),#115,.F.);
#2468=ADVANCED_FACE('',(#193),#40,.T.);
#2469=ADVANCED_FACE('',(#194),#116,.F.);
#2470=ADVANCED_FACE('',(#195),#117,.F.);
#2471=ADVANCED_FACE('',(#196),#41,.T.);
#2472=ADVANCED_FACE('',(#197),#118,.F.);
#2473=ADVANCED_FACE('',(#198),#42,.T.);
#2474=ADVANCED_FACE('',(#199),#119,.F.);
#2475=ADVANCED_FACE('',(#200),#120,.F.);
#2476=ADVANCED_FACE('',(#201),#121,.F.);
#2477=ADVANCED_FACE('',(#202),#122,.F.);
#2478=ADVANCED_FACE('',(#203),#123,.F.);
#2479=ADVANCED_FACE('',(#204),#43,.T.);
#2480=ADVANCED_FACE('',(#205),#124,.F.);
#2481=ADVANCED_FACE('',(#206),#44,.T.);
#2482=ADVANCED_FACE('',(#207),#125,.F.);
#2483=ADVANCED_FACE('',(#208),#126,.F.);
#2484=ADVANCED_FACE('',(#209),#45,.F.);
#2485=ADVANCED_FACE('',(#210),#46,.F.);
#2486=ADVANCED_FACE('',(#211),#47,.T.);
#2487=ADVANCED_FACE('',(#212),#48,.T.);
#2488=ADVANCED_FACE('',(#213),#127,.F.);
#2489=ADVANCED_FACE('',(#214),#49,.F.);
#2490=ADVANCED_FACE('',(#215),#128,.F.);
#2491=ADVANCED_FACE('',(#216),#50,.F.);
#2492=ADVANCED_FACE('',(#217),#129,.F.);
#2493=ADVANCED_FACE('',(#218),#130,.F.);
#2494=ADVANCED_FACE('',(#219),#51,.F.);
#2495=ADVANCED_FACE('',(#220),#52,.F.);
#2496=ADVANCED_FACE('',(#221),#53,.T.);
#2497=ADVANCED_FACE('',(#222),#54,.T.);
#2498=ADVANCED_FACE('',(#223),#131,.F.);
#2499=ADVANCED_FACE('',(#224),#55,.T.);
#2500=ADVANCED_FACE('',(#225),#2415,.T.);
#2501=ADVANCED_FACE('',(#226),#56,.T.);
#2502=ADVANCED_FACE('',(#227),#2416,.T.);
#2503=ADVANCED_FACE('',(#228),#57,.T.);
#2504=ADVANCED_FACE('',(#229),#2417,.T.);
#2505=ADVANCED_FACE('',(#230),#58,.T.);
#2506=ADVANCED_FACE('',(#231),#2418,.T.);
#2507=ADVANCED_FACE('',(#232),#132,.T.);
#2508=ADVANCED_FACE('',(#233),#59,.T.);
#2509=ADVANCED_FACE('',(#234),#133,.T.);
#2510=ADVANCED_FACE('',(#235),#60,.T.);
#2511=ADVANCED_FACE('',(#236),#134,.F.);
#2512=ADVANCED_FACE('',(#237),#61,.F.);
#2513=ADVANCED_FACE('',(#238),#135,.F.);
#2514=ADVANCED_FACE('',(#239),#62,.F.);
#2515=ADVANCED_FACE('',(#240),#63,.T.);
#2516=ADVANCED_FACE('',(#241),#64,.T.);
#2517=ADVANCED_FACE('',(#242),#65,.F.);
#2518=ADVANCED_FACE('',(#243),#66,.T.);
#2519=ADVANCED_FACE('',(#244),#67,.F.);
#2520=ADVANCED_FACE('',(#245),#68,.F.);
#2521=ADVANCED_FACE('',(#246),#69,.F.);
#2522=ADVANCED_FACE('',(#247),#70,.F.);
#2523=ADVANCED_FACE('',(#248),#71,.F.);
#2524=ADVANCED_FACE('',(#249),#136,.T.);
#2525=ADVANCED_FACE('',(#250),#72,.F.);
#2526=ADVANCED_FACE('',(#251),#137,.T.);
#2527=ADVANCED_FACE('',(#252),#73,.F.);
#2528=ADVANCED_FACE('',(#253),#138,.T.);
#2529=ADVANCED_FACE('',(#254),#74,.F.);
#2530=ADVANCED_FACE('',(#255),#139,.T.);
#2531=ADVANCED_FACE('',(#256),#75,.T.);
#2532=ADVANCED_FACE('',(#257),#76,.T.);
#2533=ADVANCED_FACE('',(#258),#77,.T.);
#2534=ADVANCED_FACE('',(#259),#78,.T.);
#2535=ADVANCED_FACE('',(#260),#79,.T.);
#2536=ADVANCED_FACE('',(#261),#80,.T.);
#2537=ADVANCED_FACE('',(#262),#140,.F.);
#2538=ADVANCED_FACE('',(#263),#81,.T.);
#2539=ADVANCED_FACE('',(#264),#82,.T.);
#2540=ADVANCED_FACE('',(#265),#83,.T.);
#2541=ADVANCED_FACE('',(#266),#84,.T.);
#2542=ADVANCED_FACE('',(#267),#85,.T.);
#2543=ADVANCED_FACE('',(#268),#141,.F.);
#2544=ADVANCED_FACE('',(#269),#86,.T.);
#2545=ADVANCED_FACE('',(#270),#87,.T.);
#2546=ADVANCED_FACE('',(#271),#88,.T.);
#2547=ADVANCED_FACE('',(#272),#142,.T.);
#2548=ADVANCED_FACE('',(#273),#89,.T.);
#2549=ADVANCED_FACE('',(#274),#143,.T.);
#2550=ADVANCED_FACE('',(#275,#16,#17,#18,#19,#20,#21),#90,.T.);
#2551=CLOSED_SHELL('',(#2419,#2420,#2421,#2422,#2423,#2424,#2425,#2426,
#2427,#2428,#2429,#2430,#2431,#2432,#2433,#2434,#2435,#2436,#2437,#2438,
#2439,#2440,#2441,#2442,#2443,#2444,#2445,#2446,#2447,#2448,#2449,#2450,
#2451,#2452,#2453,#2454,#2455,#2456,#2457,#2458,#2459,#2460,#2461,#2462,
#2463,#2464,#2465,#2466,#2467,#2468,#2469,#2470,#2471,#2472,#2473,#2474,
#2475,#2476,#2477,#2478,#2479,#2480,#2481,#2482,#2483,#2484,#2485,#2486,
#2487,#2488,#2489,#2490,#2491,#2492,#2493,#2494,#2495,#2496,#2497,#2498,
#2499,#2500,#2501,#2502,#2503,#2504,#2505,#2506,#2507,#2508,#2509,#2510,
#2511,#2512,#2513,#2514,#2515,#2516,#2517,#2518,#2519,#2520,#2521,#2522,
#2523,#2524,#2525,#2526,#2527,#2528,#2529,#2530,#2531,#2532,#2533,#2534,
#2535,#2536,#2537,#2538,#2539,#2540,#2541,#2542,#2543,#2544,#2545,#2546,
#2547,#2548,#2549,#2550));
#2552=AXIS2_PLACEMENT_3D('',#3549,#2798,#2799);
#2553=AXIS2_PLACEMENT_3D('',#3550,#2800,#2801);
#2554=AXIS2_PLACEMENT_3D('',#3552,#2802,#2803);
#2555=AXIS2_PLACEMENT_3D('',#3555,#2805,#2806);
#2556=AXIS2_PLACEMENT_3D('',#3557,#2807,#2808);
#2557=AXIS2_PLACEMENT_3D('',#3559,#2810,#2811);
#2558=AXIS2_PLACEMENT_3D('',#3561,#2812,#2813);
#2559=AXIS2_PLACEMENT_3D('',#3564,#2815,#2816);
#2560=AXIS2_PLACEMENT_3D('',#3566,#2817,#2818);
#2561=AXIS2_PLACEMENT_3D('',#3568,#2820,#2821);
#2562=AXIS2_PLACEMENT_3D('',#3570,#2822,#2823);
#2563=AXIS2_PLACEMENT_3D('',#3573,#2825,#2826);
#2564=AXIS2_PLACEMENT_3D('',#3575,#2827,#2828);
#2565=AXIS2_PLACEMENT_3D('',#3577,#2830,#2831);
#2566=AXIS2_PLACEMENT_3D('',#3579,#2832,#2833);
#2567=AXIS2_PLACEMENT_3D('',#3582,#2835,#2836);
#2568=AXIS2_PLACEMENT_3D('',#3584,#2837,#2838);
#2569=AXIS2_PLACEMENT_3D('',#3586,#2840,#2841);
#2570=AXIS2_PLACEMENT_3D('',#3588,#2842,#2843);
#2571=AXIS2_PLACEMENT_3D('',#3591,#2845,#2846);
#2572=AXIS2_PLACEMENT_3D('',#3593,#2847,#2848);
#2573=AXIS2_PLACEMENT_3D('',#3595,#2850,#2851);
#2574=AXIS2_PLACEMENT_3D('',#3597,#2852,#2853);
#2575=AXIS2_PLACEMENT_3D('',#3600,#2855,#2856);
#2576=AXIS2_PLACEMENT_3D('',#3602,#2857,#2858);
#2577=AXIS2_PLACEMENT_3D('',#3604,#2860,#2861);
#2578=AXIS2_PLACEMENT_3D('',#3617,#2868,#2869);
#2579=AXIS2_PLACEMENT_3D('',#3626,#2874,#2875);
#2580=AXIS2_PLACEMENT_3D('',#3636,#2881,#2882);
#2581=AXIS2_PLACEMENT_3D('',#3639,#2883,#2884);
#2582=AXIS2_PLACEMENT_3D('',#3643,#2886,#2887);
#2583=AXIS2_PLACEMENT_3D('',#3645,#2889,#2890);
#2584=AXIS2_PLACEMENT_3D('',#3655,#2896,#2897);
#2585=AXIS2_PLACEMENT_3D('',#3660,#2899,#2900);
#2586=AXIS2_PLACEMENT_3D('',#3664,#2902,#2903);
#2587=AXIS2_PLACEMENT_3D('',#3668,#2905,#2906);
#2588=AXIS2_PLACEMENT_3D('',#3671,#2908,#2909);
#2589=AXIS2_PLACEMENT_3D('',#3675,#2911,#2912);
#2590=AXIS2_PLACEMENT_3D('',#3677,#2913,#2914);
#2591=AXIS2_PLACEMENT_3D('',#3681,#2916,#2917);
#2592=AXIS2_PLACEMENT_3D('',#3683,#2918,#2919);
#2593=AXIS2_PLACEMENT_3D('',#3687,#2921,#2922);
#2594=AXIS2_PLACEMENT_3D('',#3691,#2924,#2925);
#2595=AXIS2_PLACEMENT_3D('',#3692,#2926,#2927);
#2596=AXIS2_PLACEMENT_3D('',#3694,#2928,#2929);
#2597=AXIS2_PLACEMENT_3D('',#3698,#2931,#2932);
#2598=AXIS2_PLACEMENT_3D('',#3702,#2934,#2935);
#2599=AXIS2_PLACEMENT_3D('',#3706,#2937,#2938);
#2600=AXIS2_PLACEMENT_3D('',#3710,#2940,#2941);
#2601=AXIS2_PLACEMENT_3D('',#3712,#2942,#2943);
#2602=AXIS2_PLACEMENT_3D('',#3716,#2945,#2946);
#2603=AXIS2_PLACEMENT_3D('',#3720,#2948,#2949);
#2604=AXIS2_PLACEMENT_3D('',#3724,#2951,#2952);
#2605=AXIS2_PLACEMENT_3D('',#3726,#2953,#2954);
#2606=AXIS2_PLACEMENT_3D('',#3730,#2956,#2957);
#2607=AXIS2_PLACEMENT_3D('',#3734,#2959,#2960);
#2608=AXIS2_PLACEMENT_3D('',#3738,#2962,#2963);
#2609=AXIS2_PLACEMENT_3D('',#3741,#2965,#2966);
#2610=AXIS2_PLACEMENT_3D('',#3745,#2968,#2969);
#2611=AXIS2_PLACEMENT_3D('',#3746,#2970,#2971);
#2612=AXIS2_PLACEMENT_3D('',#3747,#2972,#2973);
#2613=AXIS2_PLACEMENT_3D('',#3751,#2975,#2976);
#2614=AXIS2_PLACEMENT_3D('',#3753,#2978,#2979);
#2615=AXIS2_PLACEMENT_3D('',#3757,#2982,#2983);
#2616=AXIS2_PLACEMENT_3D('',#3761,#2985,#2986);
#2617=AXIS2_PLACEMENT_3D('',#3763,#2987,#2988);
#2618=AXIS2_PLACEMENT_3D('',#3767,#2990,#2991);
#2619=AXIS2_PLACEMENT_3D('',#3771,#2993,#2994);
#2620=AXIS2_PLACEMENT_3D('',#3775,#2996,#2997);
#2621=AXIS2_PLACEMENT_3D('',#3777,#2998,#2999);
#2622=AXIS2_PLACEMENT_3D('',#3781,#3001,#3002);
#2623=AXIS2_PLACEMENT_3D('',#3785,#3004,#3005);
#2624=AXIS2_PLACEMENT_3D('',#3791,#3008,#3009);
#2625=AXIS2_PLACEMENT_3D('',#3797,#3012,#3013);
#2626=AXIS2_PLACEMENT_3D('',#3809,#3019,#3020);
#2627=AXIS2_PLACEMENT_3D('',#3815,#3023,#3024);
#2628=AXIS2_PLACEMENT_3D('',#3820,#3027,#3028);
#2629=AXIS2_PLACEMENT_3D('',#3821,#3029,#3030);
#2630=AXIS2_PLACEMENT_3D('',#3824,#3033,#3034);
#2631=AXIS2_PLACEMENT_3D('',#3826,#3036,#3037);
#2632=AXIS2_PLACEMENT_3D('',#3829,#3040,#3041);
#2633=AXIS2_PLACEMENT_3D('',#3831,#3043,#3044);
#2634=AXIS2_PLACEMENT_3D('',#3834,#3045,#3046);
#2635=AXIS2_PLACEMENT_3D('',#3837,#3049,#3050);
#2636=AXIS2_PLACEMENT_3D('',#3839,#3052,#3053);
#2637=AXIS2_PLACEMENT_3D('',#3843,#3055,#3056);
#2638=AXIS2_PLACEMENT_3D('',#3845,#3058,#3059);
#2639=AXIS2_PLACEMENT_3D('',#3848,#3061,#3062);
#2640=AXIS2_PLACEMENT_3D('',#3849,#3063,#3064);
#2641=AXIS2_PLACEMENT_3D('',#3853,#3066,#3067);
#2642=AXIS2_PLACEMENT_3D('',#3855,#3069,#3070);
#2643=AXIS2_PLACEMENT_3D('',#3863,#3075,#3076);
#2644=AXIS2_PLACEMENT_3D('',#3866,#3079,#3080);
#2645=AXIS2_PLACEMENT_3D('',#3868,#3082,#3083);
#2646=AXIS2_PLACEMENT_3D('',#3872,#3085,#3086);
#2647=AXIS2_PLACEMENT_3D('',#3874,#3088,#3089);
#2648=AXIS2_PLACEMENT_3D('',#3878,#3092,#3093);
#2649=AXIS2_PLACEMENT_3D('',#3882,#3095,#3096);
#2650=AXIS2_PLACEMENT_3D('',#3884,#3098,#3099);
#2651=AXIS2_PLACEMENT_3D('',#3888,#3102,#3103);
#2652=AXIS2_PLACEMENT_3D('',#3891,#3104,#3105);
#2653=AXIS2_PLACEMENT_3D('',#3895,#3107,#3108);
#2654=AXIS2_PLACEMENT_3D('',#3897,#3110,#3111);
#2655=AXIS2_PLACEMENT_3D('',#3901,#3113,#3114);
#2656=AXIS2_PLACEMENT_3D('',#3904,#3116,#3117);
#2657=AXIS2_PLACEMENT_3D('',#3906,#3118,#3119);
#2658=AXIS2_PLACEMENT_3D('',#3908,#3121,#3122);
#2659=AXIS2_PLACEMENT_3D('',#3912,#3126,#3127);
#2660=AXIS2_PLACEMENT_3D('',#3914,#3128,#3129);
#2661=AXIS2_PLACEMENT_3D('',#3916,#3131,#3132);
#2662=AXIS2_PLACEMENT_3D('',#3918,#3133,#3134);
#2663=AXIS2_PLACEMENT_3D('',#3921,#3136,#3137);
#2664=AXIS2_PLACEMENT_3D('',#3922,#3138,#3139);
#2665=AXIS2_PLACEMENT_3D('',#3925,#3140,#3141);
#2666=AXIS2_PLACEMENT_3D('',#3929,#3143,#3144);
#2667=AXIS2_PLACEMENT_3D('',#3931,#3146,#3147);
#2668=AXIS2_PLACEMENT_3D('',#3938,#3152,#3153);
#2669=AXIS2_PLACEMENT_3D('',#3940,#3155,#3156);
#2670=AXIS2_PLACEMENT_3D('',#3942,#3158,#3159);
#2671=AXIS2_PLACEMENT_3D('',#3943,#3160,#3161);
#2672=AXIS2_PLACEMENT_3D('',#3945,#3162,#3163);
#2673=AXIS2_PLACEMENT_3D('',#3947,#3165,#3166);
#2674=AXIS2_PLACEMENT_3D('',#3950,#3167,#3168);
#2675=AXIS2_PLACEMENT_3D('',#3953,#3171,#3172);
#2676=AXIS2_PLACEMENT_3D('',#3955,#3174,#3175);
#2677=AXIS2_PLACEMENT_3D('',#3957,#3177,#3178);
#2678=AXIS2_PLACEMENT_3D('',#3959,#3180,#3181);
#2679=AXIS2_PLACEMENT_3D('',#3960,#3182,#3183);
#2680=AXIS2_PLACEMENT_3D('',#3962,#3185,#3186);
#2681=AXIS2_PLACEMENT_3D('',#3964,#3188,#3189);
#2682=AXIS2_PLACEMENT_3D('',#3965,#3190,#3191);
#2683=AXIS2_PLACEMENT_3D('',#3968,#3192,#3193);
#2684=AXIS2_PLACEMENT_3D('',#3971,#3195,#3196);
#2685=AXIS2_PLACEMENT_3D('',#3973,#3198,#3199);
#2686=AXIS2_PLACEMENT_3D('',#3976,#3200,#3201);
#2687=AXIS2_PLACEMENT_3D('',#3979,#3203,#3204);
#2688=AXIS2_PLACEMENT_3D('',#3981,#3206,#3207);
#2689=AXIS2_PLACEMENT_3D('',#3984,#3209,#3210);
#2690=AXIS2_PLACEMENT_3D('',#3985,#3211,#3212);
#2691=AXIS2_PLACEMENT_3D('',#3987,#3213,#3214);
#2692=AXIS2_PLACEMENT_3D('',#3989,#3216,#3217);
#2693=AXIS2_PLACEMENT_3D('',#4001,#3225,#3226);
#2694=AXIS2_PLACEMENT_3D('',#4003,#3228,#3229);
#2695=AXIS2_PLACEMENT_3D('',#4008,#3233,#3234);
#2696=AXIS2_PLACEMENT_3D('',#4009,#3235,#3236);
#2697=AXIS2_PLACEMENT_3D('',#4012,#3237,#3238);
#2698=AXIS2_PLACEMENT_3D('',#4016,#3240,#3241);
#2699=AXIS2_PLACEMENT_3D('',#4019,#3243,#3244);
#2700=AXIS2_PLACEMENT_3D('',#4020,#3245,#3246);
#2701=AXIS2_PLACEMENT_3D('',#4026,#3250,#3251);
#2702=AXIS2_PLACEMENT_3D('',#4030,#3253,#3254);
#2703=AXIS2_PLACEMENT_3D('',#4034,#3257,#3258);
#2704=AXIS2_PLACEMENT_3D('',#4038,#3260,#3261);
#2705=AXIS2_PLACEMENT_3D('',#4042,#3263,#3264);
#2706=AXIS2_PLACEMENT_3D('',#4046,#3266,#3267);
#2707=AXIS2_PLACEMENT_3D('',#4050,#3269,#3270);
#2708=AXIS2_PLACEMENT_3D('',#4062,#3276,#3277);
#2709=AXIS2_PLACEMENT_3D('',#4066,#3279,#3280);
#2710=AXIS2_PLACEMENT_3D('',#4070,#3282,#3283);
#2711=AXIS2_PLACEMENT_3D('',#4074,#3285,#3286);
#2712=AXIS2_PLACEMENT_3D('',#4078,#3289,#3290);
#2713=AXIS2_PLACEMENT_3D('',#4080,#3291,#3292);
#2714=AXIS2_PLACEMENT_3D('',#4084,#3294,#3295);
#2715=AXIS2_PLACEMENT_3D('',#4087,#3298,#3299);
#2716=AXIS2_PLACEMENT_3D('',#4089,#3300,#3301);
#2717=AXIS2_PLACEMENT_3D('',#4091,#3303,#3304);
#2718=AXIS2_PLACEMENT_3D('',#4095,#3307,#3308);
#2719=AXIS2_PLACEMENT_3D('',#4097,#3309,#3310);
#2720=AXIS2_PLACEMENT_3D('',#4099,#3312,#3313);
#2721=AXIS2_PLACEMENT_3D('',#4101,#3315,#3316);
#2722=AXIS2_PLACEMENT_3D('',#4106,#3318,#3319);
#2723=AXIS2_PLACEMENT_3D('',#4109,#3321,#3322);
#2724=AXIS2_PLACEMENT_3D('',#4110,#3323,#3324);
#2725=AXIS2_PLACEMENT_3D('',#4113,#3325,#3326);
#2726=AXIS2_PLACEMENT_3D('',#4117,#3328,#3329);
#2727=AXIS2_PLACEMENT_3D('',#4119,#3331,#3332);
#2728=AXIS2_PLACEMENT_3D('',#4122,#3335,#3336);
#2729=AXIS2_PLACEMENT_3D('',#4125,#3339,#3340);
#2730=AXIS2_PLACEMENT_3D('',#4126,#3341,#3342);
#2731=AXIS2_PLACEMENT_3D('',#4128,#3344,#3345);
#2732=AXIS2_PLACEMENT_3D('',#4129,#3346,#3347);
#2733=AXIS2_PLACEMENT_3D('',#4130,#3348,#3349);
#2734=AXIS2_PLACEMENT_3D('',#4136,#3353,#3354);
#2735=AXIS2_PLACEMENT_3D('',#4139,#3356,#3357);
#2736=AXIS2_PLACEMENT_3D('',#4140,#3358,#3359);
#2737=AXIS2_PLACEMENT_3D('',#4144,#3362,#3363);
#2738=AXIS2_PLACEMENT_3D('',#4147,#3365,#3366);
#2739=AXIS2_PLACEMENT_3D('',#4148,#3367,#3368);
#2740=AXIS2_PLACEMENT_3D('',#4152,#3371,#3372);
#2741=AXIS2_PLACEMENT_3D('',#4155,#3374,#3375);
#2742=AXIS2_PLACEMENT_3D('',#4156,#3376,#3377);
#2743=AXIS2_PLACEMENT_3D('',#4160,#3380,#3381);
#2744=AXIS2_PLACEMENT_3D('',#4161,#3382,#3383);
#2745=AXIS2_PLACEMENT_3D('',#4162,#3384,#3385);
#2746=AXIS2_PLACEMENT_3D('',#4165,#3388,#3389);
#2747=AXIS2_PLACEMENT_3D('',#4167,#3391,#3392);
#2748=AXIS2_PLACEMENT_3D('',#4169,#3394,#3395);
#2749=AXIS2_PLACEMENT_3D('',#4171,#3397,#3398);
#2750=AXIS2_PLACEMENT_3D('',#4174,#3399,#3400);
#2751=AXIS2_PLACEMENT_3D('',#4178,#3402,#3403);
#2752=AXIS2_PLACEMENT_3D('',#4180,#3405,#3406);
#2753=AXIS2_PLACEMENT_3D('',#4183,#3409,#3410);
#2754=AXIS2_PLACEMENT_3D('',#4187,#3412,#3413);
#2755=AXIS2_PLACEMENT_3D('',#4189,#3415,#3416);
#2756=AXIS2_PLACEMENT_3D('',#4195,#3421,#3422);
#2757=AXIS2_PLACEMENT_3D('',#4196,#3423,#3424);
#2758=AXIS2_PLACEMENT_3D('',#4198,#3426,#3427);
#2759=AXIS2_PLACEMENT_3D('',#4202,#3430,#3431);
#2760=AXIS2_PLACEMENT_3D('',#4204,#3433,#3434);
#2761=AXIS2_PLACEMENT_3D('',#4206,#3436,#3437);
#2762=AXIS2_PLACEMENT_3D('',#4210,#3440,#3441);
#2763=AXIS2_PLACEMENT_3D('',#4214,#3444,#3445);
#2764=AXIS2_PLACEMENT_3D('',#4218,#3448,#3449);
#2765=AXIS2_PLACEMENT_3D('',#4222,#3452,#3453);
#2766=AXIS2_PLACEMENT_3D('',#4224,#3454,#3455);
#2767=AXIS2_PLACEMENT_3D('',#4226,#3457,#3458);
#2768=AXIS2_PLACEMENT_3D('',#4230,#3461,#3462);
#2769=AXIS2_PLACEMENT_3D('',#4232,#3463,#3464);
#2770=AXIS2_PLACEMENT_3D('',#4234,#3466,#3467);
#2771=AXIS2_PLACEMENT_3D('',#4238,#3470,#3471);
#2772=AXIS2_PLACEMENT_3D('',#4240,#3472,#3473);
#2773=AXIS2_PLACEMENT_3D('',#4242,#3475,#3476);
#2774=AXIS2_PLACEMENT_3D('',#4246,#3479,#3480);
#2775=AXIS2_PLACEMENT_3D('',#4247,#3481,#3482);
#2776=AXIS2_PLACEMENT_3D('',#4248,#3483,#3484);
#2777=AXIS2_PLACEMENT_3D('',#4249,#3485,#3486);
#2778=AXIS2_PLACEMENT_3D('',#4251,#3488,#3489);
#2779=AXIS2_PLACEMENT_3D('',#4252,#3490,#3491);
#2780=AXIS2_PLACEMENT_3D('',#4253,#3492,#3493);
#2781=AXIS2_PLACEMENT_3D('',#4257,#3496,#3497);
#2782=AXIS2_PLACEMENT_3D('',#4261,#3500,#3501);
#2783=AXIS2_PLACEMENT_3D('',#4263,#3502,#3503);
#2784=AXIS2_PLACEMENT_3D('',#4265,#3505,#3506);
#2785=AXIS2_PLACEMENT_3D('',#4269,#3509,#3510);
#2786=AXIS2_PLACEMENT_3D('',#4273,#3513,#3514);
#2787=AXIS2_PLACEMENT_3D('',#4277,#3517,#3518);
#2788=AXIS2_PLACEMENT_3D('',#4281,#3521,#3522);
#2789=AXIS2_PLACEMENT_3D('',#4285,#3525,#3526);
#2790=AXIS2_PLACEMENT_3D('',#4287,#3527,#3528);
#2791=AXIS2_PLACEMENT_3D('',#4289,#3530,#3531);
#2792=AXIS2_PLACEMENT_3D('',#4291,#3533,#3534);
#2793=AXIS2_PLACEMENT_3D('',#4293,#3536,#3537);
#2794=AXIS2_PLACEMENT_3D('',#4295,#3539,#3540);
#2795=AXIS2_PLACEMENT_3D('',#4297,#3542,#3543);
#2796=AXIS2_PLACEMENT_3D('',#4299,#3545,#3546);
#2797=AXIS2_PLACEMENT_3D('',#4300,#3547,#3548);
#2798=DIRECTION('axis',(0.,0.,1.));
#2799=DIRECTION('refdir',(1.,0.,0.));
#2800=DIRECTION('center_axis',(0.,1.,0.));
#2801=DIRECTION('ref_axis',(0.,0.,1.));
#2802=DIRECTION('center_axis',(0.,-1.,0.));
#2803=DIRECTION('ref_axis',(0.,0.,1.));
#2804=DIRECTION('',(-1.04972719113862E-16,-0.515038074910054,0.857167300702112));
#2805=DIRECTION('center_axis',(0.,-1.,0.));
#2806=DIRECTION('ref_axis',(0.,0.,1.));
#2807=DIRECTION('center_axis',(0.,-1.,0.));
#2808=DIRECTION('ref_axis',(0.,0.,1.));
#2809=DIRECTION('',(0.,-1.,0.));
#2810=DIRECTION('center_axis',(0.,1.,0.));
#2811=DIRECTION('ref_axis',(0.,0.,1.));
#2812=DIRECTION('center_axis',(0.,-1.,0.));
#2813=DIRECTION('ref_axis',(0.,0.,1.));
#2814=DIRECTION('',(-1.04972719113862E-16,-0.515038074910054,0.857167300702112));
#2815=DIRECTION('center_axis',(0.,-1.,0.));
#2816=DIRECTION('ref_axis',(0.,0.,1.));
#2817=DIRECTION('center_axis',(0.,-1.,0.));
#2818=DIRECTION('ref_axis',(0.,0.,1.));
#2819=DIRECTION('',(0.,-1.,0.));
#2820=DIRECTION('center_axis',(0.,1.,0.));
#2821=DIRECTION('ref_axis',(0.,0.,1.));
#2822=DIRECTION('center_axis',(0.,-1.,0.));
#2823=DIRECTION('ref_axis',(0.,0.,1.));
#2824=DIRECTION('',(-1.04972719113862E-16,-0.515038074910054,0.857167300702112));
#2825=DIRECTION('center_axis',(0.,-1.,0.));
#2826=DIRECTION('ref_axis',(0.,0.,1.));
#2827=DIRECTION('center_axis',(0.,-1.,0.));
#2828=DIRECTION('ref_axis',(0.,0.,1.));
#2829=DIRECTION('',(0.,-1.,0.));
#2830=DIRECTION('center_axis',(0.,1.,0.));
#2831=DIRECTION('ref_axis',(0.,0.,1.));
#2832=DIRECTION('center_axis',(0.,-1.,0.));
#2833=DIRECTION('ref_axis',(0.,0.,1.));
#2834=DIRECTION('',(-1.04972719113862E-16,-0.515038074910054,0.857167300702112));
#2835=DIRECTION('center_axis',(0.,-1.,0.));
#2836=DIRECTION('ref_axis',(0.,0.,1.));
#2837=DIRECTION('center_axis',(0.,-1.,0.));
#2838=DIRECTION('ref_axis',(0.,0.,1.));
#2839=DIRECTION('',(0.,-1.,0.));
#2840=DIRECTION('center_axis',(0.,1.,0.));
#2841=DIRECTION('ref_axis',(0.,0.,1.));
#2842=DIRECTION('center_axis',(0.,-1.,0.));
#2843=DIRECTION('ref_axis',(0.,0.,1.));
#2844=DIRECTION('',(-1.04972719113862E-16,-0.515038074910054,0.857167300702112));
#2845=DIRECTION('center_axis',(0.,-1.,0.));
#2846=DIRECTION('ref_axis',(0.,0.,1.));
#2847=DIRECTION('center_axis',(0.,-1.,0.));
#2848=DIRECTION('ref_axis',(0.,0.,1.));
#2849=DIRECTION('',(0.,-1.,0.));
#2850=DIRECTION('center_axis',(0.,1.,0.));
#2851=DIRECTION('ref_axis',(0.,0.,1.));
#2852=DIRECTION('center_axis',(0.,-1.,0.));
#2853=DIRECTION('ref_axis',(0.,0.,1.));
#2854=DIRECTION('',(-1.04972719113862E-16,-0.515038074910054,0.857167300702112));
#2855=DIRECTION('center_axis',(0.,-1.,0.));
#2856=DIRECTION('ref_axis',(0.,0.,1.));
#2857=DIRECTION('center_axis',(0.,-1.,0.));
#2858=DIRECTION('ref_axis',(0.,0.,1.));
#2859=DIRECTION('',(0.,-1.,0.));
#2860=DIRECTION('center_axis',(1.,0.,0.));
#2861=DIRECTION('ref_axis',(0.,0.,-1.));
#2862=DIRECTION('',(0.,0.,1.));
#2863=DIRECTION('',(0.,-1.,0.));
#2864=DIRECTION('',(0.,0.,-1.));
#2865=DIRECTION('',(0.,-1.,0.));
#2866=DIRECTION('',(0.,1.98552687009394E-17,-1.));
#2867=DIRECTION('',(0.,-1.,0.));
#2868=DIRECTION('center_axis',(-1.93082265152201E-16,0.,1.));
#2869=DIRECTION('ref_axis',(1.,0.,1.93082265152201E-16));
#2870=DIRECTION('',(-1.,0.,-1.93082265152201E-16));
#2871=DIRECTION('',(0.,1.,0.));
#2872=DIRECTION('',(1.,0.,1.93082265152201E-16));
#2873=DIRECTION('',(0.,1.,0.));
#2874=DIRECTION('center_axis',(-1.,0.,0.));
#2875=DIRECTION('ref_axis',(0.,0.,1.));
#2876=DIRECTION('',(0.,0.,-1.));
#2877=DIRECTION('',(0.,1.,0.));
#2878=DIRECTION('',(0.,-1.98552687009394E-17,1.));
#2879=DIRECTION('',(0.,1.,0.));
#2880=DIRECTION('',(0.,0.,1.));
#2881=DIRECTION('center_axis',(0.,-1.,0.));
#2882=DIRECTION('ref_axis',(0.707106781186552,0.,0.707106781186543));
#2883=DIRECTION('center_axis',(0.,1.,0.));
#2884=DIRECTION('ref_axis',(0.707106781186552,0.,0.707106781186543));
#2885=DIRECTION('',(0.,1.,0.));
#2886=DIRECTION('center_axis',(0.,-1.,0.));
#2887=DIRECTION('ref_axis',(0.707106781186552,0.,0.707106781186543));
#2888=DIRECTION('',(0.,-1.,0.));
#2889=DIRECTION('center_axis',(1.,0.,0.));
#2890=DIRECTION('ref_axis',(0.,0.,-1.));
#2891=DIRECTION('',(0.,0.,1.));
#2892=DIRECTION('',(0.,-1.,0.));
#2893=DIRECTION('',(0.,0.,-1.));
#2894=DIRECTION('',(0.,1.,0.));
#2895=DIRECTION('',(0.,0.,-1.));
#2896=DIRECTION('center_axis',(0.,1.,0.));
#2897=DIRECTION('ref_axis',(1.,0.,0.));
#2898=DIRECTION('',(0.,0.,-1.));
#2899=DIRECTION('center_axis',(0.,1.,0.));
#2900=DIRECTION('ref_axis',(9.91755655377328E-8,0.,0.999999999999995));
#2901=DIRECTION('',(1.,0.,9.473903143468E-17));
#2902=DIRECTION('center_axis',(0.,1.,0.));
#2903=DIRECTION('ref_axis',(-0.999999999999998,0.,6.67983046653837E-8));
#2904=DIRECTION('',(-1.02679586092501E-16,0.,1.));
#2905=DIRECTION('center_axis',(0.,1.,0.));
#2906=DIRECTION('ref_axis',(1.1171788287057E-6,0.,-0.999999999999376));
#2907=DIRECTION('',(-1.,0.,0.));
#2908=DIRECTION('center_axis',(0.,1.,0.));
#2909=DIRECTION('ref_axis',(0.999999999999195,0.,1.2689319119527E-6));
#2910=DIRECTION('',(-1.,0.,-2.20939905398041E-17));
#2911=DIRECTION('center_axis',(0.,1.,0.));
#2912=DIRECTION('ref_axis',(0.,0.,-1.));
#2913=DIRECTION('center_axis',(0.,-1.,0.));
#2914=DIRECTION('ref_axis',(0.707106781186553,0.,-0.707106781186542));
#2915=DIRECTION('',(-1.,0.,0.));
#2916=DIRECTION('center_axis',(0.,-1.,0.));
#2917=DIRECTION('ref_axis',(-0.707106781186546,0.,-0.707106781186549));
#2918=DIRECTION('center_axis',(0.,1.,0.));
#2919=DIRECTION('ref_axis',(0.,0.,-1.));
#2920=DIRECTION('',(-1.,0.,-2.20939905398041E-17));
#2921=DIRECTION('center_axis',(0.,1.,0.));
#2922=DIRECTION('ref_axis',(-0.707106781186547,0.,0.707106781186548));
#2923=DIRECTION('',(0.,0.,-1.));
#2924=DIRECTION('center_axis',(0.,-1.,0.));
#2925=DIRECTION('ref_axis',(0.797724115413419,0.,-0.603022583066238));
#2926=DIRECTION('center_axis',(0.,-1.,0.));
#2927=DIRECTION('ref_axis',(0.384615934263668,0.,-0.923076694056613));
#2928=DIRECTION('center_axis',(0.,-1.,0.));
#2929=DIRECTION('ref_axis',(0.707106781186548,0.,-0.707106781186548));
#2930=DIRECTION('',(1.,0.,0.));
#2931=DIRECTION('center_axis',(0.,-1.,0.));
#2932=DIRECTION('ref_axis',(-0.707106781186548,0.,-0.707106781186548));
#2933=DIRECTION('',(-6.28428127146315E-17,0.,1.));
#2934=DIRECTION('center_axis',(0.,-1.,0.));
#2935=DIRECTION('ref_axis',(-0.707106781186548,0.,0.707106781186548));
#2936=DIRECTION('',(1.,0.,5.55111512312578E-16));
#2937=DIRECTION('center_axis',(0.,1.,0.));
#2938=DIRECTION('ref_axis',(0.707106781186548,0.,-0.707106781186547));
#2939=DIRECTION('',(-3.70074341541719E-16,0.,1.));
#2940=DIRECTION('center_axis',(0.,-1.,0.));
#2941=DIRECTION('ref_axis',(-0.707106781186549,0.,0.707106781186546));
#2942=DIRECTION('center_axis',(0.,1.,0.));
#2943=DIRECTION('ref_axis',(0.707106781186548,0.,-0.707106781186547));
#2944=DIRECTION('',(-1.58603289232165E-16,0.,1.));
#2945=DIRECTION('center_axis',(0.,-1.,0.));
#2946=DIRECTION('ref_axis',(-0.707106781186549,0.,0.707106781186546));
#2947=DIRECTION('',(1.,0.,1.11022302462516E-16));
#2948=DIRECTION('center_axis',(0.,-1.,0.));
#2949=DIRECTION('ref_axis',(0.707106781186554,0.,0.707106781186541));
#2950=DIRECTION('',(0.,0.,-1.));
#2951=DIRECTION('center_axis',(0.,1.,0.));
#2952=DIRECTION('ref_axis',(-0.707106781186554,0.,-0.707106781186541));
#2953=DIRECTION('center_axis',(0.,-1.,0.));
#2954=DIRECTION('ref_axis',(0.707106781186554,0.,0.707106781186541));
#2955=DIRECTION('',(-2.63163976207444E-15,0.,-1.));
#2956=DIRECTION('center_axis',(0.,1.,0.));
#2957=DIRECTION('ref_axis',(-0.707106781186553,0.,-0.707106781186542));
#2958=DIRECTION('',(1.,0.,-1.1102230246251E-15));
#2959=DIRECTION('center_axis',(0.,-1.,0.));
#2960=DIRECTION('ref_axis',(0.707106781186553,0.,0.707106781186542));
#2961=DIRECTION('',(0.,0.,-1.));
#2962=DIRECTION('center_axis',(0.,-1.,0.));
#2963=DIRECTION('ref_axis',(0.707106781186553,0.,-0.707106781186542));
#2964=DIRECTION('',(1.,0.,0.));
#2965=DIRECTION('center_axis',(0.,-1.,0.));
#2966=DIRECTION('ref_axis',(-0.707106781186553,0.,-0.707106781186542));
#2967=DIRECTION('',(1.,0.,1.93082265152201E-16));
#2968=DIRECTION('center_axis',(0.,-1.,0.));
#2969=DIRECTION('ref_axis',(-9.28958714022612E-8,0.,-0.999999999999996));
#2970=DIRECTION('center_axis',(0.,-1.,0.));
#2971=DIRECTION('ref_axis',(-0.797724022706189,0.,-0.603022705706389));
#2972=DIRECTION('center_axis',(0.,-1.,0.));
#2973=DIRECTION('ref_axis',(-0.707106781186553,0.,-0.707106781186542));
#2974=DIRECTION('',(0.,1.,0.));
#2975=DIRECTION('center_axis',(0.,-1.,0.));
#2976=DIRECTION('ref_axis',(-0.707106781186553,0.,-0.707106781186542));
#2977=DIRECTION('',(0.,-1.,0.));
#2978=DIRECTION('center_axis',(-1.1102230246251E-15,0.,-1.));
#2979=DIRECTION('ref_axis',(1.,0.,-1.1102230246251E-15));
#2980=DIRECTION('',(1.,0.,-1.1102230246251E-15));
#2981=DIRECTION('',(0.,1.,0.));
#2982=DIRECTION('center_axis',(0.,1.,0.));
#2983=DIRECTION('ref_axis',(1.,0.,0.));
#2984=DIRECTION('',(2.63163976207444E-15,0.,1.));
#2985=DIRECTION('center_axis',(0.,1.,0.));
#2986=DIRECTION('ref_axis',(0.707106781186554,0.,0.707106781186541));
#2987=DIRECTION('center_axis',(0.,-1.,0.));
#2988=DIRECTION('ref_axis',(-0.707106781186554,0.,-0.707106781186541));
#2989=DIRECTION('',(0.,0.,1.));
#2990=DIRECTION('center_axis',(0.,1.,0.));
#2991=DIRECTION('ref_axis',(0.707106781186554,0.,0.707106781186541));
#2992=DIRECTION('',(-1.,0.,-1.11022302462516E-16));
#2993=DIRECTION('center_axis',(0.,1.,0.));
#2994=DIRECTION('ref_axis',(-0.707106781186549,0.,0.707106781186546));
#2995=DIRECTION('',(1.58603289232165E-16,0.,-1.));
#2996=DIRECTION('center_axis',(0.,-1.,0.));
#2997=DIRECTION('ref_axis',(0.707106781186548,0.,-0.707106781186547));
#2998=DIRECTION('center_axis',(0.,1.,0.));
#2999=DIRECTION('ref_axis',(-0.707106781186549,0.,0.707106781186546));
#3000=DIRECTION('',(3.70074341541719E-16,0.,-1.));
#3001=DIRECTION('center_axis',(0.,-1.,0.));
#3002=DIRECTION('ref_axis',(0.707106781186548,0.,-0.707106781186547));
#3003=DIRECTION('',(1.,0.,5.55111512312578E-16));
#3004=DIRECTION('center_axis',(0.,1.,0.));
#3005=DIRECTION('ref_axis',(-0.707106781186548,0.,0.707106781186548));
#3006=DIRECTION('',(6.28428127146315E-17,0.,-1.));
#3007=DIRECTION('',(-1.,0.,0.));
#3008=DIRECTION('center_axis',(0.,1.,0.));
#3009=DIRECTION('ref_axis',(-0.707106781186549,0.,-0.707106781186546));
#3010=DIRECTION('',(-2.6182577021735E-33,0.,1.));
#3011=DIRECTION('',(0.0397413069062564,0.,0.999210002214441));
#3012=DIRECTION('center_axis',(0.,1.,0.));
#3013=DIRECTION('ref_axis',(-1.,0.,0.));
#3014=DIRECTION('',(1.,0.,5.17888291370335E-17));
#3015=DIRECTION('',(8.8817841970012E-15,0.,-1.));
#3016=DIRECTION('',(-1.,0.,0.));
#3017=DIRECTION('',(0.,0.,1.));
#3018=DIRECTION('',(1.,0.,5.17888291370335E-17));
#3019=DIRECTION('center_axis',(0.,1.,0.));
#3020=DIRECTION('ref_axis',(0.,0.,1.));
#3021=DIRECTION('',(0.0397413069062563,0.,-0.999210002214441));
#3022=DIRECTION('',(0.,0.,-1.));
#3023=DIRECTION('center_axis',(0.,1.,0.));
#3024=DIRECTION('ref_axis',(0.707106781186554,0.,-0.707106781186541));
#3025=DIRECTION('',(-1.,0.,0.));
#3026=DIRECTION('',(0.,0.,-1.));
#3027=DIRECTION('center_axis',(0.,1.,0.));
#3028=DIRECTION('ref_axis',(0.707106781186553,0.,0.707106781186542));
#3029=DIRECTION('center_axis',(0.,-1.,0.));
#3030=DIRECTION('ref_axis',(-0.707106781186554,0.,-0.707106781186541));
#3031=DIRECTION('',(0.,1.,0.));
#3032=DIRECTION('',(0.,1.,0.));
#3033=DIRECTION('center_axis',(-1.,0.,0.));
#3034=DIRECTION('ref_axis',(0.,0.,-1.));
#3035=DIRECTION('',(0.,-1.,0.));
#3036=DIRECTION('center_axis',(0.,-1.,0.));
#3037=DIRECTION('ref_axis',(0.707106781186548,0.,-0.707106781186547));
#3038=DIRECTION('',(0.,-1.,0.));
#3039=DIRECTION('',(0.,-1.,0.));
#3040=DIRECTION('center_axis',(1.,0.,1.58603289232165E-16));
#3041=DIRECTION('ref_axis',(-1.58603289232165E-16,0.,1.));
#3042=DIRECTION('',(0.,1.,0.));
#3043=DIRECTION('center_axis',(0.,-1.,0.));
#3044=DIRECTION('ref_axis',(0.,0.,-1.));
#3045=DIRECTION('center_axis',(0.,-1.,0.));
#3046=DIRECTION('ref_axis',(0.,0.,-1.));
#3047=DIRECTION('',(0.,-1.,0.));
#3048=DIRECTION('',(0.,1.,0.));
#3049=DIRECTION('center_axis',(-2.20939905398041E-17,0.,1.));
#3050=DIRECTION('ref_axis',(-1.,0.,-2.20939905398041E-17));
#3051=DIRECTION('',(1.,0.,2.20939905398041E-17));
#3052=DIRECTION('center_axis',(0.,1.,0.));
#3053=DIRECTION('ref_axis',(0.,0.,-1.));
#3054=DIRECTION('',(0.,1.,0.));
#3055=DIRECTION('center_axis',(0.,-1.,0.));
#3056=DIRECTION('ref_axis',(0.,0.,-1.));
#3057=DIRECTION('',(0.,-1.,0.));
#3058=DIRECTION('center_axis',(0.,-1.,0.));
#3059=DIRECTION('ref_axis',(-0.707106781186546,0.,-0.707106781186549));
#3060=DIRECTION('',(0.,1.,0.));
#3061=DIRECTION('center_axis',(0.,1.,0.));
#3062=DIRECTION('ref_axis',(-0.707106781186546,0.,-0.707106781186549));
#3063=DIRECTION('center_axis',(0.,-1.,0.));
#3064=DIRECTION('ref_axis',(-0.707106781186547,0.,0.707106781186548));
#3065=DIRECTION('',(0.,1.,0.));
#3066=DIRECTION('center_axis',(0.,-1.,0.));
#3067=DIRECTION('ref_axis',(-0.707106781186547,0.,0.707106781186548));
#3068=DIRECTION('',(0.,-1.,0.));
#3069=DIRECTION('center_axis',(-1.,0.,0.));
#3070=DIRECTION('ref_axis',(0.,0.,1.));
#3071=DIRECTION('',(0.,0.,1.));
#3072=DIRECTION('',(0.,-1.,0.));
#3073=DIRECTION('',(0.,0.,1.));
#3074=DIRECTION('',(0.,1.,0.));
#3075=DIRECTION('center_axis',(0.,-1.,0.));
#3076=DIRECTION('ref_axis',(0.707106781186548,0.,-0.707106781186547));
#3077=DIRECTION('',(0.,1.,0.));
#3078=DIRECTION('',(0.,-1.,0.));
#3079=DIRECTION('center_axis',(5.55111512312578E-16,0.,-1.));
#3080=DIRECTION('ref_axis',(1.,0.,5.55111512312578E-16));
#3081=DIRECTION('',(0.,-1.,0.));
#3082=DIRECTION('center_axis',(0.,1.,0.));
#3083=DIRECTION('ref_axis',(-0.707106781186549,0.,-0.707106781186546));
#3084=DIRECTION('',(0.,1.,0.));
#3085=DIRECTION('center_axis',(0.,1.,0.));
#3086=DIRECTION('ref_axis',(-0.707106781186549,0.,-0.707106781186546));
#3087=DIRECTION('',(0.,-1.,0.));
#3088=DIRECTION('center_axis',(0.,0.,1.));
#3089=DIRECTION('ref_axis',(1.,0.,0.));
#3090=DIRECTION('',(0.,-1.,0.));
#3091=DIRECTION('',(-1.,0.,0.));
#3092=DIRECTION('center_axis',(0.,1.,0.));
#3093=DIRECTION('ref_axis',(0.707106781186554,0.,-0.707106781186541));
#3094=DIRECTION('',(0.,1.,0.));
#3095=DIRECTION('center_axis',(0.,1.,0.));
#3096=DIRECTION('ref_axis',(0.707106781186554,0.,-0.707106781186541));
#3097=DIRECTION('',(0.,-1.,0.));
#3098=DIRECTION('center_axis',(-1.,0.,0.));
#3099=DIRECTION('ref_axis',(0.,0.,1.));
#3100=DIRECTION('',(0.,-1.,0.));
#3101=DIRECTION('',(0.,0.,-1.));
#3102=DIRECTION('center_axis',(0.,1.,0.));
#3103=DIRECTION('ref_axis',(-0.707106781186547,0.,-0.707106781186548));
#3104=DIRECTION('center_axis',(0.,1.,1.98552687009394E-17));
#3105=DIRECTION('ref_axis',(-0.707106781186547,0.,-0.707106781186548));
#3106=DIRECTION('',(0.,1.,0.));
#3107=DIRECTION('center_axis',(0.,1.,0.));
#3108=DIRECTION('ref_axis',(-0.707106781186547,0.,-0.707106781186548));
#3109=DIRECTION('',(0.,-1.,0.));
#3110=DIRECTION('center_axis',(0.,1.,1.98552687009394E-17));
#3111=DIRECTION('ref_axis',(-6.28428127146315E-17,-1.98552687009394E-17,
1.));
#3112=DIRECTION('',(-6.28428127146315E-17,-1.98552687009394E-17,1.));
#3113=DIRECTION('center_axis',(0.,1.,1.98552687009394E-17));
#3114=DIRECTION('ref_axis',(-0.707106781186548,0.,-0.707106781186548));
#3115=DIRECTION('',(1.,0.,0.));
#3116=DIRECTION('center_axis',(0.,1.,1.98552687009394E-17));
#3117=DIRECTION('ref_axis',(0.707106781186548,0.,-0.707106781186548));
#3118=DIRECTION('center_axis',(0.,1.,1.98552687009394E-17));
#3119=DIRECTION('ref_axis',(0.707106781186547,0.,-0.707106781186548));
#3120=DIRECTION('',(1.,0.,0.));
#3121=DIRECTION('center_axis',(1.,0.,6.28428127146315E-17));
#3122=DIRECTION('ref_axis',(6.28428127146315E-17,0.,-1.));
#3123=DIRECTION('',(-6.28428127146315E-17,0.,1.));
#3124=DIRECTION('',(0.,1.,0.));
#3125=DIRECTION('',(0.,-1.,0.));
#3126=DIRECTION('center_axis',(0.,1.,0.));
#3127=DIRECTION('ref_axis',(0.707106781186547,0.,-0.707106781186548));
#3128=DIRECTION('center_axis',(0.,1.,0.));
#3129=DIRECTION('ref_axis',(0.707106781186547,0.,-0.707106781186548));
#3130=DIRECTION('',(0.,-1.,0.));
#3131=DIRECTION('center_axis',(0.,1.,0.));
#3132=DIRECTION('ref_axis',(-0.707106781186553,0.,-0.707106781186543));
#3133=DIRECTION('center_axis',(0.,1.,1.98552687009394E-17));
#3134=DIRECTION('ref_axis',(-0.707106781186553,0.,-0.707106781186543));
#3135=DIRECTION('',(0.,1.,0.));
#3136=DIRECTION('center_axis',(0.,1.,0.));
#3137=DIRECTION('ref_axis',(-0.707106781186553,0.,-0.707106781186543));
#3138=DIRECTION('center_axis',(0.,1.,0.));
#3139=DIRECTION('ref_axis',(0.707106781186553,0.,-0.707106781186543));
#3140=DIRECTION('center_axis',(0.,1.,1.98552687009394E-17));
#3141=DIRECTION('ref_axis',(0.707106781186553,0.,-0.707106781186543));
#3142=DIRECTION('',(0.,1.,0.));
#3143=DIRECTION('center_axis',(0.,1.,0.));
#3144=DIRECTION('ref_axis',(0.707106781186553,0.,-0.707106781186543));
#3145=DIRECTION('',(0.,-1.,0.));
#3146=DIRECTION('center_axis',(0.,0.,1.));
#3147=DIRECTION('ref_axis',(1.,0.,0.));
#3148=DIRECTION('',(1.,0.,0.));
#3149=DIRECTION('',(1.,0.,0.));
#3150=DIRECTION('',(0.,-1.,0.));
#3151=DIRECTION('',(-1.,0.,0.));
#3152=DIRECTION('center_axis',(0.,1.,0.));
#3153=DIRECTION('ref_axis',(-0.707106781186548,0.,-0.707106781186548));
#3154=DIRECTION('',(0.,1.,0.));
#3155=DIRECTION('center_axis',(0.,-1.,0.));
#3156=DIRECTION('ref_axis',(0.707106781186548,0.,-0.707106781186548));
#3157=DIRECTION('',(0.,-1.,0.));
#3158=DIRECTION('center_axis',(0.,0.,1.));
#3159=DIRECTION('ref_axis',(0.,-1.,0.));
#3160=DIRECTION('center_axis',(0.,1.,0.));
#3161=DIRECTION('ref_axis',(-0.707106781186553,0.,-0.707106781186542));
#3162=DIRECTION('center_axis',(0.,1.,1.98552687009394E-17));
#3163=DIRECTION('ref_axis',(-0.707106781186553,0.,-0.707106781186542));
#3164=DIRECTION('',(0.,1.,0.));
#3165=DIRECTION('center_axis',(0.,-1.,0.));
#3166=DIRECTION('ref_axis',(0.707106781186553,0.,-0.707106781186542));
#3167=DIRECTION('center_axis',(0.,1.,1.98552687009394E-17));
#3168=DIRECTION('ref_axis',(0.707106781186553,0.,-0.707106781186542));
#3169=DIRECTION('',(0.,-1.,0.));
#3170=DIRECTION('',(0.,1.,0.));
#3171=DIRECTION('center_axis',(0.,0.,1.));
#3172=DIRECTION('ref_axis',(0.,-1.,0.));
#3173=DIRECTION('',(1.,0.,0.));
#3174=DIRECTION('center_axis',(0.,-1.,0.));
#3175=DIRECTION('ref_axis',(-0.707106781186549,0.,0.707106781186546));
#3176=DIRECTION('',(0.,1.,0.));
#3177=DIRECTION('center_axis',(0.,-1.,0.));
#3178=DIRECTION('ref_axis',(0.707106781186554,0.,0.707106781186541));
#3179=DIRECTION('',(0.,-1.,0.));
#3180=DIRECTION('center_axis',(-1.,0.,2.63163976207444E-15));
#3181=DIRECTION('ref_axis',(-2.63163976207444E-15,0.,-1.));
#3182=DIRECTION('center_axis',(0.,-1.,0.));
#3183=DIRECTION('ref_axis',(-0.707106781186549,0.,0.707106781186546));
#3184=DIRECTION('',(0.,-1.,0.));
#3185=DIRECTION('center_axis',(1.11022302462516E-16,0.,-1.));
#3186=DIRECTION('ref_axis',(1.,0.,1.11022302462516E-16));
#3187=DIRECTION('',(0.,1.,0.));
#3188=DIRECTION('center_axis',(0.,-1.,0.));
#3189=DIRECTION('ref_axis',(0.707106781186554,0.,0.707106781186541));
#3190=DIRECTION('center_axis',(0.,1.,0.));
#3191=DIRECTION('ref_axis',(0.797724115413419,0.,-0.603022583066238));
#3192=DIRECTION('center_axis',(0.,1.,0.));
#3193=DIRECTION('ref_axis',(0.797724115413419,0.,-0.603022583066238));
#3194=DIRECTION('',(0.,-1.,0.));
#3195=DIRECTION('center_axis',(0.,1.,0.));
#3196=DIRECTION('ref_axis',(0.797724115413419,0.,-0.603022583066238));
#3197=DIRECTION('',(0.,-1.,0.));
#3198=DIRECTION('center_axis',(0.,1.,0.));
#3199=DIRECTION('ref_axis',(-0.797724022706189,0.,-0.603022705706389));
#3200=DIRECTION('center_axis',(0.,1.,0.));
#3201=DIRECTION('ref_axis',(-0.797724022706189,0.,-0.603022705706389));
#3202=DIRECTION('',(0.,1.,0.));
#3203=DIRECTION('center_axis',(0.,1.,0.));
#3204=DIRECTION('ref_axis',(-0.797724022706189,0.,-0.603022705706389));
#3205=DIRECTION('',(0.,1.,0.));
#3206=DIRECTION('center_axis',(0.,1.,0.));
#3207=DIRECTION('ref_axis',(-9.28958714022612E-8,0.,-0.999999999999996));
#3208=DIRECTION('',(0.,1.,0.));
#3209=DIRECTION('center_axis',(0.,1.,0.));
#3210=DIRECTION('ref_axis',(-9.28958714022612E-8,0.,-0.999999999999996));
#3211=DIRECTION('center_axis',(0.,-1.,0.));
#3212=DIRECTION('ref_axis',(0.707106781186553,0.,-0.707106781186542));
#3213=DIRECTION('center_axis',(0.,1.,0.));
#3214=DIRECTION('ref_axis',(0.707106781186553,0.,-0.707106781186542));
#3215=DIRECTION('',(0.,-1.,0.));
#3216=DIRECTION('center_axis',(0.,0.,1.));
#3217=DIRECTION('ref_axis',(1.,0.,0.));
#3218=DIRECTION('',(-1.,0.,0.));
#3219=DIRECTION('',(-1.,0.,0.));
#3220=DIRECTION('',(0.,1.,0.));
#3221=DIRECTION('',(1.,0.,0.));
#3222=DIRECTION('',(0.,-1.,0.));
#3223=DIRECTION('',(-1.,0.,0.));
#3224=DIRECTION('',(1.,0.,0.));
#3225=DIRECTION('center_axis',(0.,-1.,0.));
#3226=DIRECTION('ref_axis',(0.707106781186553,0.,0.707106781186542));
#3227=DIRECTION('',(0.,-1.,0.));
#3228=DIRECTION('center_axis',(-1.,0.,0.));
#3229=DIRECTION('ref_axis',(0.,0.,1.));
#3230=DIRECTION('',(0.,1.98552687009394E-17,-1.));
#3231=DIRECTION('',(0.,-1.,0.));
#3232=DIRECTION('',(0.,0.,-1.));
#3233=DIRECTION('center_axis',(0.,-1.,0.));
#3234=DIRECTION('ref_axis',(-0.707106781186548,0.,0.707106781186548));
#3235=DIRECTION('center_axis',(0.,0.,1.));
#3236=DIRECTION('ref_axis',(0.99804496391695,-0.062500000000117,0.));
#3237=DIRECTION('center_axis',(3.77475828372553E-16,0.,-1.));
#3238=DIRECTION('ref_axis',(0.99804496391695,-0.062500000000117,0.));
#3239=DIRECTION('',(0.,0.,1.));
#3240=DIRECTION('center_axis',(0.,0.,1.));
#3241=DIRECTION('ref_axis',(0.99804496391695,-0.062500000000117,0.));
#3242=DIRECTION('',(0.,0.,-1.));
#3243=DIRECTION('center_axis',(3.77475828372553E-16,0.,-1.));
#3244=DIRECTION('ref_axis',(0.99804496391695,-0.062500000000117,0.));
#3245=DIRECTION('center_axis',(3.77475828372553E-16,0.,-1.));
#3246=DIRECTION('ref_axis',(1.,0.,3.77475828372553E-16));
#3247=DIRECTION('',(1.,0.,3.77475828372553E-16));
#3248=DIRECTION('',(0.,-1.,0.));
#3249=DIRECTION('',(1.,0.,3.77475828372553E-16));
#3250=DIRECTION('center_axis',(3.77475828372553E-16,0.,-1.));
#3251=DIRECTION('ref_axis',(1.,0.,3.77475828372553E-16));
#3252=DIRECTION('',(1.,0.,3.77475828372553E-16));
#3253=DIRECTION('center_axis',(-3.77475828372553E-16,0.,1.));
#3254=DIRECTION('ref_axis',(-0.707106781186546,-0.707106781186549,0.));
#3255=DIRECTION('',(0.,1.,0.));
#3256=DIRECTION('',(1.,0.,3.77475828372553E-16));
#3257=DIRECTION('center_axis',(0.,1.,0.));
#3258=DIRECTION('ref_axis',(-1.,0.,0.));
#3259=DIRECTION('',(1.,0.,0.));
#3260=DIRECTION('center_axis',(0.,-1.,0.));
#3261=DIRECTION('ref_axis',(1.1171788287057E-6,0.,-0.999999999999376));
#3262=DIRECTION('',(1.02679586092501E-16,0.,-1.));
#3263=DIRECTION('center_axis',(0.,-1.,0.));
#3264=DIRECTION('ref_axis',(-0.999999999999998,0.,6.67983046653838E-8));
#3265=DIRECTION('',(-1.,0.,-9.473903143468E-17));
#3266=DIRECTION('center_axis',(0.,-1.,0.));
#3267=DIRECTION('ref_axis',(9.91755655377328E-8,0.,0.999999999999995));
#3268=DIRECTION('',(0.,0.,1.));
#3269=DIRECTION('center_axis',(0.,-1.,0.));
#3270=DIRECTION('ref_axis',(0.999999999999195,0.,1.2689319119527E-6));
#3271=DIRECTION('',(1.,0.,0.));
#3272=DIRECTION('',(0.,0.,1.));
#3273=DIRECTION('',(1.,0.,3.77475828372553E-16));
#3274=DIRECTION('',(0.,0.,1.));
#3275=DIRECTION('',(-1.,0.,9.09560613344682E-14));
#3276=DIRECTION('center_axis',(0.,1.,0.));
#3277=DIRECTION('ref_axis',(1.,0.,-1.29526019539532E-15));
#3278=DIRECTION('',(3.24274537125121E-14,0.,-1.));
#3279=DIRECTION('center_axis',(0.,1.,0.));
#3280=DIRECTION('ref_axis',(1.57898385724571E-14,0.,1.));
#3281=DIRECTION('',(1.,0.,-4.65597804059325E-15));
#3282=DIRECTION('center_axis',(0.,1.,0.));
#3283=DIRECTION('ref_axis',(-1.,0.,-2.80269634658032E-12));
#3284=DIRECTION('',(-1.35706509415389E-12,0.,1.));
#3285=DIRECTION('center_axis',(0.,1.,0.));
#3286=DIRECTION('ref_axis',(2.02183948597127E-13,0.,-1.));
#3287=DIRECTION('',(-1.,0.,9.09560613344682E-14));
#3288=DIRECTION('',(0.,0.,-1.));
#3289=DIRECTION('center_axis',(0.,1.,0.));
#3290=DIRECTION('ref_axis',(-1.,0.,0.));
#3291=DIRECTION('center_axis',(0.,-1.,0.));
#3292=DIRECTION('ref_axis',(0.,0.,1.));
#3293=DIRECTION('',(1.,0.,-2.22044604925031E-16));
#3294=DIRECTION('center_axis',(0.,-1.,0.));
#3295=DIRECTION('ref_axis',(0.,0.,-1.));
#3296=DIRECTION('',(-1.,0.,-2.77555756156289E-17));
#3297=DIRECTION('',(-1.,0.,-1.93082265152201E-16));
#3298=DIRECTION('center_axis',(0.,-1.,0.));
#3299=DIRECTION('ref_axis',(0.,0.,1.));
#3300=DIRECTION('center_axis',(0.,-1.,0.));
#3301=DIRECTION('ref_axis',(0.,0.,1.));
#3302=DIRECTION('',(0.,-1.,0.));
#3303=DIRECTION('center_axis',(-2.22044604925031E-16,0.,-1.));
#3304=DIRECTION('ref_axis',(1.,0.,-2.22044604925031E-16));
#3305=DIRECTION('',(1.,0.,-2.22044604925031E-16));
#3306=DIRECTION('',(0.,-1.,0.));
#3307=DIRECTION('center_axis',(0.,-1.,0.));
#3308=DIRECTION('ref_axis',(0.,0.,-1.));
#3309=DIRECTION('center_axis',(0.,-1.,0.));
#3310=DIRECTION('ref_axis',(0.,0.,-1.));
#3311=DIRECTION('',(0.,-1.,0.));
#3312=DIRECTION('center_axis',(-2.77555756156289E-17,0.,1.));
#3313=DIRECTION('ref_axis',(-1.,0.,-2.77555756156289E-17));
#3314=DIRECTION('',(-1.,0.,-2.77555756156289E-17));
#3315=DIRECTION('center_axis',(0.,-1.,0.));
#3316=DIRECTION('ref_axis',(0.,0.,-1.));
#3317=DIRECTION('',(0.,1.,0.));
#3318=DIRECTION('center_axis',(0.,-1.,0.));
#3319=DIRECTION('ref_axis',(0.,0.,-1.));
#3320=DIRECTION('',(0.,-1.,0.));
#3321=DIRECTION('center_axis',(0.,-1.,0.));
#3322=DIRECTION('ref_axis',(0.,0.,-1.));
#3323=DIRECTION('center_axis',(0.,-1.,0.));
#3324=DIRECTION('ref_axis',(0.,0.,1.));
#3325=DIRECTION('center_axis',(0.,-1.,0.));
#3326=DIRECTION('ref_axis',(0.,0.,1.));
#3327=DIRECTION('',(0.,-1.,0.));
#3328=DIRECTION('center_axis',(0.,-1.,0.));
#3329=DIRECTION('ref_axis',(0.,0.,1.));
#3330=DIRECTION('',(0.,-1.,0.));
#3331=DIRECTION('center_axis',(7.81485987033648E-13,0.,-1.));
#3332=DIRECTION('ref_axis',(1.,0.,7.81485987033648E-13));
#3333=DIRECTION('',(1.,0.,7.81485987033648E-13));
#3334=DIRECTION('',(1.,0.,7.81485987033648E-13));
#3335=DIRECTION('center_axis',(2.77555756156289E-16,0.,1.));
#3336=DIRECTION('ref_axis',(-1.,0.,2.77555756156289E-16));
#3337=DIRECTION('',(-1.,0.,2.77555756156289E-16));
#3338=DIRECTION('',(-1.,0.,2.77555756156289E-16));
#3339=DIRECTION('center_axis',(0.,1.,0.));
#3340=DIRECTION('ref_axis',(-1.,0.,0.));
#3341=DIRECTION('center_axis',(0.,1.,0.));
#3342=DIRECTION('ref_axis',(0.384615934263668,0.,-0.923076694056613));
#3343=DIRECTION('',(-1.,0.,0.));
#3344=DIRECTION('center_axis',(-1.93082265152201E-16,0.,1.));
#3345=DIRECTION('ref_axis',(1.,0.,1.93082265152201E-16));
#3346=DIRECTION('center_axis',(0.,1.,0.));
#3347=DIRECTION('ref_axis',(0.384615934263668,0.,-0.923076694056613));
#3348=DIRECTION('center_axis',(0.707106781186543,-0.707106781186553,0.));
#3349=DIRECTION('ref_axis',(0.,0.,-1.));
#3350=DIRECTION('',(-0.707106781186515,-0.70710678118658,0.));
#3351=DIRECTION('',(0.707106781186552,0.707106781186542,-1.76635401601923E-15));
#3352=DIRECTION('',(0.,0.,1.));
#3353=DIRECTION('center_axis',(0.,1.,0.));
#3354=DIRECTION('ref_axis',(9.91755655377327E-8,0.,0.999999999999995));
#3355=DIRECTION('',(-7.01277149197427E-8,-0.707106781186544,-0.707106781186548));
#3356=DIRECTION('center_axis',(0.,-1.,0.));
#3357=DIRECTION('ref_axis',(9.91755655377328E-8,0.,0.999999999999995));
#3358=DIRECTION('center_axis',(-6.69906115705078E-17,-0.707106781186546,
0.707106781186549));
#3359=DIRECTION('ref_axis',(1.,0.,9.473903143468E-17));
#3360=DIRECTION('',(1.76635401602385E-15,-0.707106781188392,-0.707106781184703));
#3361=DIRECTION('',(-1.,0.,-9.473903143468E-17));
#3362=DIRECTION('center_axis',(0.,1.,0.));
#3363=DIRECTION('ref_axis',(-0.999999999999998,0.,6.67983046653837E-8));
#3364=DIRECTION('',(0.707106781186545,-0.707106781186549,-4.72335373408424E-8));
#3365=DIRECTION('center_axis',(0.,-1.,0.));
#3366=DIRECTION('ref_axis',(-0.999999999999998,0.,6.67983046653838E-8));
#3367=DIRECTION('center_axis',(-0.707106781186547,-0.707106781186548,-7.26054316154351E-17));
#3368=DIRECTION('ref_axis',(-1.02679586092501E-16,0.,1.));
#3369=DIRECTION('',(0.707106781185151,-0.707106781187944,2.94392336003789E-16));
#3370=DIRECTION('',(1.02679586092501E-16,0.,-1.));
#3371=DIRECTION('center_axis',(0.,1.,0.));
#3372=DIRECTION('ref_axis',(1.1171788287057E-6,0.,-0.999999999999376));
#3373=DIRECTION('',(-7.89964725510655E-7,-0.707106781186548,0.707106781186106));
#3374=DIRECTION('center_axis',(0.,-1.,0.));
#3375=DIRECTION('ref_axis',(1.1171788287057E-6,0.,-0.999999999999376));
#3376=DIRECTION('center_axis',(0.,-0.707106781186547,-0.707106781186548));
#3377=DIRECTION('ref_axis',(-1.,0.,0.));
#3378=DIRECTION('',(0.,-0.707106781186204,0.707106781186891));
#3379=DIRECTION('',(1.,0.,0.));
#3380=DIRECTION('center_axis',(0.,1.,0.));
#3381=DIRECTION('ref_axis',(0.999999999999195,0.,1.2689319119527E-6));
#3382=DIRECTION('center_axis',(0.,-1.,0.));
#3383=DIRECTION('ref_axis',(0.999999999999195,0.,1.2689319119527E-6));
#3384=DIRECTION('center_axis',(0.,1.,0.));
#3385=DIRECTION('ref_axis',(-0.999999999999998,0.,6.67983046653838E-8));
#3386=DIRECTION('',(0.,1.,0.));
#3387=DIRECTION('',(0.,1.,0.));
#3388=DIRECTION('center_axis',(-9.473903143468E-17,0.,1.));
#3389=DIRECTION('ref_axis',(1.,0.,9.473903143468E-17));
#3390=DIRECTION('',(0.,-1.,0.));
#3391=DIRECTION('center_axis',(0.,1.,0.));
#3392=DIRECTION('ref_axis',(9.91755655377328E-8,0.,0.999999999999995));
#3393=DIRECTION('',(0.,1.,0.));
#3394=DIRECTION('center_axis',(1.,0.,0.));
#3395=DIRECTION('ref_axis',(0.,0.,-1.));
#3396=DIRECTION('',(0.,1.,0.));
#3397=DIRECTION('center_axis',(0.,0.,1.));
#3398=DIRECTION('ref_axis',(0.707106781186546,-0.707106781186549,0.));
#3399=DIRECTION('center_axis',(-3.77475828372553E-16,0.,1.));
#3400=DIRECTION('ref_axis',(0.707106781186546,-0.707106781186549,0.));
#3401=DIRECTION('',(0.,0.,-1.));
#3402=DIRECTION('center_axis',(0.,0.,-1.));
#3403=DIRECTION('ref_axis',(0.707106781186546,-0.707106781186549,0.));
#3404=DIRECTION('',(0.,0.,1.));
#3405=DIRECTION('center_axis',(1.,0.,0.));
#3406=DIRECTION('ref_axis',(0.,0.,1.));
#3407=DIRECTION('',(0.,-1.,0.));
#3408=DIRECTION('',(0.,1.,0.));
#3409=DIRECTION('center_axis',(0.,0.,-1.));
#3410=DIRECTION('ref_axis',(-0.707106781186546,-0.707106781186549,0.));
#3411=DIRECTION('',(0.,0.,-1.));
#3412=DIRECTION('center_axis',(0.,0.,-1.));
#3413=DIRECTION('ref_axis',(-0.707106781186546,-0.707106781186549,0.));
#3414=DIRECTION('',(0.,0.,1.));
#3415=DIRECTION('center_axis',(0.,-1.,0.));
#3416=DIRECTION('ref_axis',(0.,0.,-1.));
#3417=DIRECTION('',(1.,0.,0.));
#3418=DIRECTION('',(0.,0.,-1.));
#3419=DIRECTION('',(0.,0.,1.));
#3420=DIRECTION('',(1.,0.,3.77475828372553E-16));
#3421=DIRECTION('center_axis',(0.,1.,1.98552687009394E-17));
#3422=DIRECTION('ref_axis',(-6.28428127146315E-17,-1.98552687009394E-17,
1.));
#3423=DIRECTION('center_axis',(0.,0.,1.));
#3424=DIRECTION('ref_axis',(1.,0.,0.));
#3425=DIRECTION('',(1.,0.,0.));
#3426=DIRECTION('center_axis',(-1.,0.,0.));
#3427=DIRECTION('ref_axis',(0.,0.,-1.));
#3428=DIRECTION('',(0.,-1.,0.));
#3429=DIRECTION('',(0.,0.,-1.));
#3430=DIRECTION('center_axis',(0.,1.,0.));
#3431=DIRECTION('ref_axis',(-1.,0.,0.));
#3432=DIRECTION('',(1.,0.,0.));
#3433=DIRECTION('center_axis',(3.77475828372553E-16,0.,-1.));
#3434=DIRECTION('ref_axis',(1.,0.,3.77475828372553E-16));
#3435=DIRECTION('',(0.,-1.,0.));
#3436=DIRECTION('center_axis',(1.,0.,0.));
#3437=DIRECTION('ref_axis',(0.,0.,1.));
#3438=DIRECTION('',(0.,0.,1.));
#3439=DIRECTION('',(0.,1.,0.));
#3440=DIRECTION('center_axis',(-1.,0.,0.));
#3441=DIRECTION('ref_axis',(0.,0.,-1.));
#3442=DIRECTION('',(0.,-1.,0.));
#3443=DIRECTION('',(0.,0.,-1.));
#3444=DIRECTION('center_axis',(9.09560613344682E-14,0.,1.));
#3445=DIRECTION('ref_axis',(-1.,0.,9.09560613344682E-14));
#3446=DIRECTION('',(0.,-1.,0.));
#3447=DIRECTION('',(-1.,0.,9.09560613344682E-14));
#3448=DIRECTION('center_axis',(9.09560613344682E-14,0.,1.));
#3449=DIRECTION('ref_axis',(-1.,0.,9.09560613344682E-14));
#3450=DIRECTION('',(-1.,0.,9.09560613344682E-14));
#3451=DIRECTION('',(0.,-1.,0.));
#3452=DIRECTION('center_axis',(0.,-1.,0.));
#3453=DIRECTION('ref_axis',(1.,0.,-1.29526019539532E-15));
#3454=DIRECTION('center_axis',(0.,1.,0.));
#3455=DIRECTION('ref_axis',(1.,0.,-1.29526019539532E-15));
#3456=DIRECTION('',(0.,-1.,0.));
#3457=DIRECTION('center_axis',(-1.,0.,-3.24274537125121E-14));
#3458=DIRECTION('ref_axis',(3.24274537125121E-14,0.,-1.));
#3459=DIRECTION('',(3.24274537125121E-14,0.,-1.));
#3460=DIRECTION('',(0.,-1.,0.));
#3461=DIRECTION('center_axis',(0.,-1.,0.));
#3462=DIRECTION('ref_axis',(1.57898385724571E-14,0.,1.));
#3463=DIRECTION('center_axis',(0.,1.,0.));
#3464=DIRECTION('ref_axis',(1.57898385724571E-14,0.,1.));
#3465=DIRECTION('',(0.,-1.,0.));
#3466=DIRECTION('center_axis',(-4.65597804059325E-15,0.,-1.));
#3467=DIRECTION('ref_axis',(1.,0.,-4.65597804059325E-15));
#3468=DIRECTION('',(1.,0.,-4.65597804059325E-15));
#3469=DIRECTION('',(0.,-1.,0.));
#3470=DIRECTION('center_axis',(0.,-1.,0.));
#3471=DIRECTION('ref_axis',(-1.,0.,-2.80269634658032E-12));
#3472=DIRECTION('center_axis',(0.,1.,0.));
#3473=DIRECTION('ref_axis',(-1.,0.,-2.80269634658032E-12));
#3474=DIRECTION('',(0.,-1.,0.));
#3475=DIRECTION('center_axis',(1.,0.,1.35706509415389E-12));
#3476=DIRECTION('ref_axis',(-1.35706509415389E-12,0.,1.));
#3477=DIRECTION('',(-1.35706509415389E-12,0.,1.));
#3478=DIRECTION('',(0.,-1.,0.));
#3479=DIRECTION('center_axis',(0.,-1.,0.));
#3480=DIRECTION('ref_axis',(2.02183948597127E-13,0.,-1.));
#3481=DIRECTION('center_axis',(0.,1.,0.));
#3482=DIRECTION('ref_axis',(2.02183948597127E-13,0.,-1.));
#3483=DIRECTION('center_axis',(0.,1.,0.));
#3484=DIRECTION('ref_axis',(1.,0.,0.));
#3485=DIRECTION('center_axis',(0.,1.,0.));
#3486=DIRECTION('ref_axis',(1.,0.,0.));
#3487=DIRECTION('',(1.,0.,2.20939905398041E-17));
#3488=DIRECTION('center_axis',(1.,0.,3.70074341541719E-16));
#3489=DIRECTION('ref_axis',(-3.70074341541719E-16,0.,1.));
#3490=DIRECTION('center_axis',(-2.20939905398041E-17,0.,1.));
#3491=DIRECTION('ref_axis',(-1.,0.,-2.20939905398041E-17));
#3492=DIRECTION('center_axis',(1.,0.,2.6182577021735E-33));
#3493=DIRECTION('ref_axis',(2.6182577021735E-33,0.,-1.));
#3494=DIRECTION('',(-2.6182577021735E-33,0.,1.));
#3495=DIRECTION('',(0.,-1.,0.));
#3496=DIRECTION('center_axis',(0.999210002214441,0.,-0.0397413069062564));
#3497=DIRECTION('ref_axis',(-0.0397413069062564,0.,-0.999210002214441));
#3498=DIRECTION('',(0.0397413069062564,0.,0.999210002214441));
#3499=DIRECTION('',(0.,1.,0.));
#3500=DIRECTION('center_axis',(0.,1.,0.));
#3501=DIRECTION('ref_axis',(-1.,0.,0.));
#3502=DIRECTION('center_axis',(0.,1.,0.));
#3503=DIRECTION('ref_axis',(-1.,0.,0.));
#3504=DIRECTION('',(0.,1.,0.));
#3505=DIRECTION('center_axis',(5.17888291370335E-17,0.,-1.));
#3506=DIRECTION('ref_axis',(-1.,0.,-5.17888291370335E-17));
#3507=DIRECTION('',(1.,0.,5.17888291370335E-17));
#3508=DIRECTION('',(0.,-1.,0.));
#3509=DIRECTION('center_axis',(1.,0.,8.8817841970012E-15));
#3510=DIRECTION('ref_axis',(8.8817841970012E-15,0.,-1.));
#3511=DIRECTION('',(8.8817841970012E-15,0.,-1.));
#3512=DIRECTION('',(0.,1.,0.));
#3513=DIRECTION('center_axis',(0.,0.,-1.));
#3514=DIRECTION('ref_axis',(-1.,0.,0.));
#3515=DIRECTION('',(-1.,0.,0.));
#3516=DIRECTION('',(0.,1.,0.));
#3517=DIRECTION('center_axis',(-1.,0.,0.));
#3518=DIRECTION('ref_axis',(0.,0.,1.));
#3519=DIRECTION('',(0.,0.,1.));
#3520=DIRECTION('',(0.,1.,0.));
#3521=DIRECTION('center_axis',(5.17888291370335E-17,0.,-1.));
#3522=DIRECTION('ref_axis',(-1.,0.,-5.17888291370335E-17));
#3523=DIRECTION('',(1.,0.,5.17888291370335E-17));
#3524=DIRECTION('',(0.,1.,0.));
#3525=DIRECTION('center_axis',(0.,1.,0.));
#3526=DIRECTION('ref_axis',(0.,0.,1.));
#3527=DIRECTION('center_axis',(0.,1.,0.));
#3528=DIRECTION('ref_axis',(0.,0.,1.));
#3529=DIRECTION('',(0.,1.,0.));
#3530=DIRECTION('center_axis',(-0.999210002214441,0.,-0.0397413069062563));
#3531=DIRECTION('ref_axis',(-0.0397413069062563,0.,0.999210002214441));
#3532=DIRECTION('',(0.0397413069062563,0.,-0.999210002214441));
#3533=DIRECTION('center_axis',(0.,0.,1.));
#3534=DIRECTION('ref_axis',(1.,0.,0.));
#3535=DIRECTION('',(-1.,0.,0.));
#3536=DIRECTION('center_axis',(-1.,0.,-1.02679586092501E-16));
#3537=DIRECTION('ref_axis',(-1.02679586092501E-16,0.,1.));
#3538=DIRECTION('',(0.,1.,0.));
#3539=DIRECTION('center_axis',(0.,1.,0.));
#3540=DIRECTION('ref_axis',(1.1171788287057E-6,0.,-0.999999999999376));
#3541=DIRECTION('',(0.,1.,0.));
#3542=DIRECTION('center_axis',(0.,0.,-1.));
#3543=DIRECTION('ref_axis',(-1.,0.,0.));
#3544=DIRECTION('',(0.,1.,0.));
#3545=DIRECTION('center_axis',(0.,1.,0.));
#3546=DIRECTION('ref_axis',(0.999999999999195,0.,1.2689319119527E-6));
#3547=DIRECTION('center_axis',(0.,1.,0.));
#3548=DIRECTION('ref_axis',(1.,0.,0.));
#3549=CARTESIAN_POINT('',(0.,0.,0.));
#3550=CARTESIAN_POINT('Origin',(173.5,3.6382637071738,-1.00000000006756));
#3551=CARTESIAN_POINT('',(173.5,3.95,-2.03775000006756));
#3552=CARTESIAN_POINT('Origin',(173.5,3.95,-1.00000000006756));
#3553=CARTESIAN_POINT('',(173.5,3.32645689260415,-1.00000000006756));
#3554=CARTESIAN_POINT('',(173.5,3.6382637071738,-1.51893368401291));
#3555=CARTESIAN_POINT('Origin',(173.5,5.95,-1.00000000006756));
#3556=CARTESIAN_POINT('',(173.5,7.95,-2.03775000006756));
#3557=CARTESIAN_POINT('Origin',(173.5,7.95,-1.00000000006756));
#3558=CARTESIAN_POINT('',(173.5,5.95,-2.03775000006756));
#3559=CARTESIAN_POINT('Origin',(55.5,3.6382637071738,-1.00000000001281));
#3560=CARTESIAN_POINT('',(55.5,3.95,-2.03775000001281));
#3561=CARTESIAN_POINT('Origin',(55.5,3.95,-1.00000000001281));
#3562=CARTESIAN_POINT('',(55.5,3.32645689260415,-1.00000000001281));
#3563=CARTESIAN_POINT('',(55.5,3.6382637071738,-1.51893368395816));
#3564=CARTESIAN_POINT('Origin',(55.5,5.95,-1.00000000001281));
#3565=CARTESIAN_POINT('',(55.5,7.95,-2.03775000001281));
#3566=CARTESIAN_POINT('Origin',(55.5,7.95,-1.00000000001281));
#3567=CARTESIAN_POINT('',(55.5,5.95,-2.03775000001281));
#3568=CARTESIAN_POINT('Origin',(-1.99999999999926,3.6382637071738,-1.00000000000148));
#3569=CARTESIAN_POINT('',(-1.99999999999926,3.95,-2.03775000000148));
#3570=CARTESIAN_POINT('Origin',(-1.99999999999926,3.95,-1.00000000000148));
#3571=CARTESIAN_POINT('',(-1.99999999999926,3.32645689260415,-1.00000000000148));
#3572=CARTESIAN_POINT('',(-1.99999999999926,3.6382637071738,-1.51893368394683));
#3573=CARTESIAN_POINT('Origin',(-1.99999999999926,5.95,-1.00000000000148));
#3574=CARTESIAN_POINT('',(-1.99999999999926,7.95,-2.03775000000148));
#3575=CARTESIAN_POINT('Origin',(-1.99999999999926,7.95,-1.00000000000148));
#3576=CARTESIAN_POINT('',(-1.99999999999926,5.95,-2.03775000000148));
#3577=CARTESIAN_POINT('Origin',(-2.00000000000008,3.6382637071738,73.499999999999));
#3578=CARTESIAN_POINT('',(-2.00000000000008,3.95,72.462249999999));
#3579=CARTESIAN_POINT('Origin',(-2.00000000000008,3.95,73.499999999999));
#3580=CARTESIAN_POINT('',(-2.00000000000008,3.32645689260415,73.499999999999));
#3581=CARTESIAN_POINT('',(-2.00000000000008,3.6382637071738,72.9810663160537));
#3582=CARTESIAN_POINT('Origin',(-2.00000000000008,5.95,73.499999999999));
#3583=CARTESIAN_POINT('',(-2.00000000000008,7.95,72.462249999999));
#3584=CARTESIAN_POINT('Origin',(-2.00000000000008,7.95,73.499999999999));
#3585=CARTESIAN_POINT('',(-2.00000000000008,5.95,72.462249999999));
#3586=CARTESIAN_POINT('Origin',(116.,3.6382637071738,-0.999999999999996));
#3587=CARTESIAN_POINT('',(116.,3.95,-2.03775));
#3588=CARTESIAN_POINT('Origin',(116.,3.95,-0.999999999999996));
#3589=CARTESIAN_POINT('',(116.,3.32645689260415,-0.999999999999996));
#3590=CARTESIAN_POINT('',(116.,3.6382637071738,-1.51893368394534));
#3591=CARTESIAN_POINT('Origin',(116.,5.95,-0.999999999999996));
#3592=CARTESIAN_POINT('',(116.,7.95,-2.03775));
#3593=CARTESIAN_POINT('Origin',(116.,7.95,-0.999999999999996));
#3594=CARTESIAN_POINT('',(116.,5.95,-2.03775));
#3595=CARTESIAN_POINT('Origin',(173.5,3.6382637071738,73.4999999999999));
#3596=CARTESIAN_POINT('',(173.5,3.95,72.4622499999999));
#3597=CARTESIAN_POINT('Origin',(173.5,3.95,73.4999999999999));
#3598=CARTESIAN_POINT('',(173.5,3.32645689260415,73.4999999999999));
#3599=CARTESIAN_POINT('',(173.5,3.6382637071738,72.9810663160546));
#3600=CARTESIAN_POINT('Origin',(173.5,5.95,73.4999999999999));
#3601=CARTESIAN_POINT('',(173.5,7.95,72.4622499999999));
#3602=CARTESIAN_POINT('Origin',(173.5,7.95,73.4999999999999));
#3603=CARTESIAN_POINT('',(173.5,5.95,72.4622499999999));
#3604=CARTESIAN_POINT('Origin',(167.25,0.,3.00000000000003));
#3605=CARTESIAN_POINT('',(167.25,6.95,1.));
#3606=CARTESIAN_POINT('',(167.25,6.95,3.00000000000003));
#3607=CARTESIAN_POINT('',(167.25,6.95,2.85923294276223));
#3608=CARTESIAN_POINT('',(167.25,-0.6,3.00000000000003));
#3609=CARTESIAN_POINT('',(167.25,0.,3.00000000000003));
#3610=CARTESIAN_POINT('',(167.25,-0.6,2.74736842105263));
#3611=CARTESIAN_POINT('',(167.25,-0.6,0.87500000000001));
#3612=CARTESIAN_POINT('',(167.25,-6.0098763315317E-16,2.74736842105263));
#3613=CARTESIAN_POINT('',(167.25,-2.77555756156289E-16,2.74736842105263));
#3614=CARTESIAN_POINT('',(167.25,-5.66293163633634E-16,1.));
#3615=CARTESIAN_POINT('',(167.25,-5.76220797984104E-16,1.50000000000002));
#3616=CARTESIAN_POINT('',(167.25,0.,1.));
#3617=CARTESIAN_POINT('Origin',(4.25000000000001,0.,3.));
#3618=CARTESIAN_POINT('',(19.,6.95,3.));
#3619=CARTESIAN_POINT('',(4.25000000000001,6.95,3.));
#3620=CARTESIAN_POINT('',(45.,6.95,3.00000000000001));
#3621=CARTESIAN_POINT('',(4.25000000000001,-0.6,3.));
#3622=CARTESIAN_POINT('',(4.25000000000001,0.,3.));
#3623=CARTESIAN_POINT('',(19.,-0.6,3.));
#3624=CARTESIAN_POINT('',(52.375,-0.6,3.00000000000001));
#3625=CARTESIAN_POINT('',(19.,0.,3.));
#3626=CARTESIAN_POINT('Origin',(4.25000000000001,0.,0.));
#3627=CARTESIAN_POINT('',(4.25000000000001,6.95,1.));
#3628=CARTESIAN_POINT('',(4.25000000000001,6.95,1.35923294276222));
#3629=CARTESIAN_POINT('',(4.25000000000001,-5.66293163633634E-16,1.));
#3630=CARTESIAN_POINT('',(4.25000000000001,0.,1.));
#3631=CARTESIAN_POINT('',(4.25000000000001,-6.0098763315317E-16,2.74736842105263));
#3632=CARTESIAN_POINT('',(4.25000000000001,-5.46437894932694E-16,-5.42483561613215E-33));
#3633=CARTESIAN_POINT('',(4.25000000000001,-0.6,2.74736842105263));
#3634=CARTESIAN_POINT('',(4.25000000000001,-2.77555756156289E-16,2.74736842105263));
#3635=CARTESIAN_POINT('',(4.25000000000001,-0.6,2.37500000000001));
#3636=CARTESIAN_POINT('Origin',(149.,0.,5.50000000000001));
#3637=CARTESIAN_POINT('',(149.,-0.6,6.5));
#3638=CARTESIAN_POINT('',(150.,-0.6,5.50000000000001));
#3639=CARTESIAN_POINT('Origin',(149.,-0.6,5.50000000000001));
#3640=CARTESIAN_POINT('',(150.,0.,5.50000000000001));
#3641=CARTESIAN_POINT('',(150.,0.,5.50000000000001));
#3642=CARTESIAN_POINT('',(149.,0.,6.5));
#3643=CARTESIAN_POINT('Origin',(149.,0.,5.50000000000001));
#3644=CARTESIAN_POINT('',(149.,0.,6.5));
#3645=CARTESIAN_POINT('Origin',(150.,0.,5.));
#3646=CARTESIAN_POINT('',(150.,-0.6,4.20849743007852));
#3647=CARTESIAN_POINT('',(150.,-0.6,5.));
#3648=CARTESIAN_POINT('',(150.,7.95,4.20849743007852));
#3649=CARTESIAN_POINT('',(150.,0.,4.20849743007852));
#3650=CARTESIAN_POINT('',(150.,7.95,4.8));
#3651=CARTESIAN_POINT('',(150.,7.95,5.));
#3652=CARTESIAN_POINT('',(150.,0.,4.8));
#3653=CARTESIAN_POINT('',(150.,0.,4.8));
#3654=CARTESIAN_POINT('',(150.,0.,5.));
#3655=CARTESIAN_POINT('Origin',(85.7500000000019,-0.6,36.2499999999638));
#3656=CARTESIAN_POINT('',(178.5,-0.6,73.5000013294407));
#3657=CARTESIAN_POINT('',(178.5,-0.6,-0.999992386476087));
#3658=CARTESIAN_POINT('',(178.5,-0.6,54.8750006647023));
#3659=CARTESIAN_POINT('',(173.500000495878,-0.6,78.5));
#3660=CARTESIAN_POINT('Origin',(173.5,-0.6,73.4999999999999));
#3661=CARTESIAN_POINT('',(-2.00000707911951,-0.6,78.5));
#3662=CARTESIAN_POINT('',(41.8749964604412,-0.6,78.5));
#3663=CARTESIAN_POINT('',(-7.00000000000001,-0.6,73.5000003339905));
#3664=CARTESIAN_POINT('Origin',(-2.00000000000008,-0.6,73.499999999999));
#3665=CARTESIAN_POINT('',(-6.99999999999999,-0.6,-0.999992291170275));
#3666=CARTESIAN_POINT('',(-6.99999999999999,-0.6,17.6250038543968));
#3667=CARTESIAN_POINT('',(-1.99999441410512,-0.6,-6.00000000000009));
#3668=CARTESIAN_POINT('Origin',(-1.99999999999926,-0.6,-1.00000000000148));
#3669=CARTESIAN_POINT('',(173.499970611996,-0.6,-5.99999999999946));
#3670=CARTESIAN_POINT('',(129.624985305999,-0.6,-5.99999999999946));
#3671=CARTESIAN_POINT('Origin',(173.5,-0.6,-1.00000000006756));
#3672=CARTESIAN_POINT('',(101.727371993329,-0.6,6.5));
#3673=CARTESIAN_POINT('',(150.,-0.6,6.5));
#3674=CARTESIAN_POINT('',(100.738685996664,-0.6,5.65));
#3675=CARTESIAN_POINT('Origin',(101.727371993329,-0.6,5.5));
#3676=CARTESIAN_POINT('',(99.75,-0.6,4.8));
#3677=CARTESIAN_POINT('Origin',(99.75,-0.6,5.8));
#3678=CARTESIAN_POINT('',(71.75,-0.6,4.8));
#3679=CARTESIAN_POINT('',(53.625000000001,-0.6,4.8));
#3680=CARTESIAN_POINT('',(70.7613140033357,-0.6,5.65));
#3681=CARTESIAN_POINT('Origin',(71.75,-0.6,5.8));
#3682=CARTESIAN_POINT('',(69.7726280066715,-0.6,6.5));
#3683=CARTESIAN_POINT('Origin',(69.7726280066715,-0.6,5.5));
#3684=CARTESIAN_POINT('',(22.5,-0.6,6.5));
#3685=CARTESIAN_POINT('',(71.75,-0.6,6.5));
#3686=CARTESIAN_POINT('',(21.5,-0.6,5.5));
#3687=CARTESIAN_POINT('Origin',(22.5,-0.6,5.5));
#3688=CARTESIAN_POINT('',(21.5,-0.6,4.20849704322538));
#3689=CARTESIAN_POINT('',(21.5,-0.6,5.));
#3690=CARTESIAN_POINT('',(20.7727275286242,-0.6,3.24640572992372));
#3691=CARTESIAN_POINT('Origin',(20.5,-0.6,4.20849704322538));
#3692=CARTESIAN_POINT('Origin',(19.000003870429,-0.6,9.49998064785522));
#3693=CARTESIAN_POINT('',(3.25000000000001,-0.600000000000001,1.74736842105263));
#3694=CARTESIAN_POINT('Origin',(3.25000000000001,-0.6,2.74736842105263));
#3695=CARTESIAN_POINT('',(2.55000000000001,-0.600000000000001,1.74736842105263));
#3696=CARTESIAN_POINT('',(1.75000000000001,-0.600000000000001,1.74736842105263));
#3697=CARTESIAN_POINT('',(1.55000000000001,-0.6,2.74736842105263));
#3698=CARTESIAN_POINT('Origin',(2.55000000000001,-0.6,2.74736842105263));
#3699=CARTESIAN_POINT('',(1.55000000000001,-0.6,6.5));
#3700=CARTESIAN_POINT('',(1.55000000000001,-0.6,31.3749999999819));
#3701=CARTESIAN_POINT('',(2.55000000000001,-0.6,7.5));
#3702=CARTESIAN_POINT('Origin',(2.55000000000001,-0.6,6.5));
#3703=CARTESIAN_POINT('',(2.75,-0.6,7.5));
#3704=CARTESIAN_POINT('',(43.750000000001,-0.6,7.50000000000002));
#3705=CARTESIAN_POINT('',(3.75000000000001,-0.6,8.5));
#3706=CARTESIAN_POINT('Origin',(2.75000000000001,-0.6,8.5));
#3707=CARTESIAN_POINT('',(3.74999999999999,-0.6,46.));
#3708=CARTESIAN_POINT('',(3.74999999999999,-0.6,47.));
#3709=CARTESIAN_POINT('',(4.74999999999999,-0.6,47.));
#3710=CARTESIAN_POINT('Origin',(4.74999999999999,-0.6,46.));
#3711=CARTESIAN_POINT('',(5.75,-0.6,48.));
#3712=CARTESIAN_POINT('Origin',(4.75,-0.6,48.));
#3713=CARTESIAN_POINT('',(5.74999999999999,-0.6,74.));
#3714=CARTESIAN_POINT('',(5.74999999999999,-0.6,75.));
#3715=CARTESIAN_POINT('',(6.74999999999999,-0.6,75.));
#3716=CARTESIAN_POINT('Origin',(6.74999999999999,-0.6,74.));
#3717=CARTESIAN_POINT('',(164.75,-0.6,75.));
#3718=CARTESIAN_POINT('',(165.75,-0.6,75.));
#3719=CARTESIAN_POINT('',(165.75,-0.6,74.));
#3720=CARTESIAN_POINT('Origin',(164.75,-0.6,74.));
#3721=CARTESIAN_POINT('',(165.75,-0.6,48.));
#3722=CARTESIAN_POINT('',(165.75,-0.6,47.));
#3723=CARTESIAN_POINT('',(166.75,-0.6,47.));
#3724=CARTESIAN_POINT('Origin',(166.75,-0.6,48.));
#3725=CARTESIAN_POINT('',(167.75,-0.6,46.));
#3726=CARTESIAN_POINT('Origin',(166.75,-0.6,46.));
#3727=CARTESIAN_POINT('',(167.75,-0.6,8.50000000000001));
#3728=CARTESIAN_POINT('',(167.75,-0.6,47.));
#3729=CARTESIAN_POINT('',(168.75,-0.6,7.5));
#3730=CARTESIAN_POINT('Origin',(168.75,-0.6,8.50000000000001));
#3731=CARTESIAN_POINT('',(168.95,-0.6,7.5));
#3732=CARTESIAN_POINT('',(126.750000000001,-0.6,7.50000000000005));
#3733=CARTESIAN_POINT('',(169.95,-0.6,6.5));
#3734=CARTESIAN_POINT('Origin',(168.95,-0.6,6.5));
#3735=CARTESIAN_POINT('',(169.95,-0.6,2.74736842105263));
#3736=CARTESIAN_POINT('',(169.95,-0.6,18.1249999999819));
#3737=CARTESIAN_POINT('',(168.95,-0.600000000000001,1.74736842105263));
#3738=CARTESIAN_POINT('Origin',(168.95,-0.6,2.74736842105263));
#3739=CARTESIAN_POINT('',(168.25,-0.600000000000001,1.74736842105263));
#3740=CARTESIAN_POINT('',(1.75000000000001,-0.600000000000001,1.74736842105263));
#3741=CARTESIAN_POINT('Origin',(168.25,-0.6,2.74736842105263));
#3742=CARTESIAN_POINT('',(152.5,-0.6,3.00000000000003));
#3743=CARTESIAN_POINT('',(126.5,-0.6,3.00000000000002));
#3744=CARTESIAN_POINT('',(150.727272767195,-0.6,3.24640603291998));
#3745=CARTESIAN_POINT('Origin',(152.500000603823,-0.6,9.50000301911709));
#3746=CARTESIAN_POINT('Origin',(151.,-0.6,4.20849743007852));
#3747=CARTESIAN_POINT('Origin',(168.75,0.,8.50000000000001));
#3748=CARTESIAN_POINT('',(167.75,0.,8.50000000000001));
#3749=CARTESIAN_POINT('',(167.75,0.,8.50000000000001));
#3750=CARTESIAN_POINT('',(168.75,0.,7.5));
#3751=CARTESIAN_POINT('Origin',(168.75,0.,8.50000000000001));
#3752=CARTESIAN_POINT('',(168.75,0.,7.5));
#3753=CARTESIAN_POINT('Origin',(167.75,0.,7.50000000000001));
#3754=CARTESIAN_POINT('',(168.95,0.,7.5));
#3755=CARTESIAN_POINT('',(126.750000000001,0.,7.50000000000005));
#3756=CARTESIAN_POINT('',(168.95,0.,7.5));
#3757=CARTESIAN_POINT('Origin',(85.7500000000019,0.,36.2499999999638));
#3758=CARTESIAN_POINT('',(167.75,0.,46.));
#3759=CARTESIAN_POINT('',(167.75,0.,47.));
#3760=CARTESIAN_POINT('',(166.75,0.,47.));
#3761=CARTESIAN_POINT('Origin',(166.75,0.,46.));
#3762=CARTESIAN_POINT('',(165.75,0.,48.));
#3763=CARTESIAN_POINT('Origin',(166.75,0.,48.));
#3764=CARTESIAN_POINT('',(165.75,0.,74.));
#3765=CARTESIAN_POINT('',(165.75,0.,47.));
#3766=CARTESIAN_POINT('',(164.75,0.,75.));
#3767=CARTESIAN_POINT('Origin',(164.75,0.,74.));
#3768=CARTESIAN_POINT('',(6.74999999999999,0.,75.));
#3769=CARTESIAN_POINT('',(165.75,0.,75.));
#3770=CARTESIAN_POINT('',(5.74999999999999,0.,74.));
#3771=CARTESIAN_POINT('Origin',(6.74999999999999,0.,74.));
#3772=CARTESIAN_POINT('',(5.75,0.,48.));
#3773=CARTESIAN_POINT('',(5.74999999999999,0.,75.));
#3774=CARTESIAN_POINT('',(4.74999999999999,0.,47.));
#3775=CARTESIAN_POINT('Origin',(4.75,0.,48.));
#3776=CARTESIAN_POINT('',(3.74999999999999,0.,46.));
#3777=CARTESIAN_POINT('Origin',(4.74999999999999,0.,46.));
#3778=CARTESIAN_POINT('',(3.75000000000001,0.,8.5));
#3779=CARTESIAN_POINT('',(3.74999999999999,0.,47.));
#3780=CARTESIAN_POINT('',(2.75,0.,7.5));
#3781=CARTESIAN_POINT('Origin',(2.75000000000001,0.,8.5));
#3782=CARTESIAN_POINT('',(2.55000000000001,0.,7.5));
#3783=CARTESIAN_POINT('',(43.750000000001,0.,7.50000000000002));
#3784=CARTESIAN_POINT('',(1.55000000000001,0.,6.5));
#3785=CARTESIAN_POINT('Origin',(2.55000000000001,0.,6.5));
#3786=CARTESIAN_POINT('',(1.55000000000001,0.,26.3));
#3787=CARTESIAN_POINT('',(1.55000000000001,0.,31.3749999999819));
#3788=CARTESIAN_POINT('',(0.800000000000001,0.,26.3));
#3789=CARTESIAN_POINT('',(42.875000000001,0.,26.3));
#3790=CARTESIAN_POINT('',(-0.199999999999996,0.,27.3));
#3791=CARTESIAN_POINT('Origin',(0.8,0.,27.3));
#3792=CARTESIAN_POINT('',(-0.199999999999999,0.,28.5039757010882));
#3793=CARTESIAN_POINT('',(-0.199999999999996,0.,32.3749999999819));
#3794=CARTESIAN_POINT('',(1.55000192785367,0.,72.5040241728373));
#3795=CARTESIAN_POINT('',(0.896749458057613,0.,56.0793906465365));
#3796=CARTESIAN_POINT('',(5.75000000000001,0.,76.7));
#3797=CARTESIAN_POINT('Origin',(5.75,0.,72.5));
#3798=CARTESIAN_POINT('',(60.75,0.,76.7));
#3799=CARTESIAN_POINT('',(73.250000000001,0.,76.7));
#3800=CARTESIAN_POINT('',(60.75,0.,77.5));
#3801=CARTESIAN_POINT('',(60.75,0.,76.5));
#3802=CARTESIAN_POINT('',(110.75,0.,77.5));
#3803=CARTESIAN_POINT('',(60.75,0.,77.5));
#3804=CARTESIAN_POINT('',(110.75,0.,76.7));
#3805=CARTESIAN_POINT('',(110.75,0.,77.5));
#3806=CARTESIAN_POINT('',(165.75,0.,76.7));
#3807=CARTESIAN_POINT('',(125.750000000001,0.,76.7));
#3808=CARTESIAN_POINT('',(169.949998072146,0.,72.504024172836));
#3809=CARTESIAN_POINT('Origin',(165.75,0.,72.5));
#3810=CARTESIAN_POINT('',(171.7,0.,28.503975701088));
#3811=CARTESIAN_POINT('',(171.478250541942,0.,34.0793906465364));
#3812=CARTESIAN_POINT('',(171.7,0.,27.3));
#3813=CARTESIAN_POINT('',(171.7,0.,31.3749999999819));
#3814=CARTESIAN_POINT('',(170.7,0.,26.3));
#3815=CARTESIAN_POINT('Origin',(170.7,0.,27.3));
#3816=CARTESIAN_POINT('',(169.95,0.,26.3));
#3817=CARTESIAN_POINT('',(127.750000000001,0.,26.3));
#3818=CARTESIAN_POINT('',(169.95,0.,6.5));
#3819=CARTESIAN_POINT('',(169.95,0.,18.1249999999819));
#3820=CARTESIAN_POINT('Origin',(168.95,0.,6.5));
#3821=CARTESIAN_POINT('Origin',(166.75,0.,48.));
#3822=CARTESIAN_POINT('',(165.75,0.,48.));
#3823=CARTESIAN_POINT('',(166.75,0.,47.));
#3824=CARTESIAN_POINT('Origin',(165.75,0.,75.));
#3825=CARTESIAN_POINT('',(165.75,0.,74.));
#3826=CARTESIAN_POINT('Origin',(4.75,0.,48.));
#3827=CARTESIAN_POINT('',(4.74999999999999,0.,47.));
#3828=CARTESIAN_POINT('',(5.75,0.,48.));
#3829=CARTESIAN_POINT('Origin',(5.75,0.,47.));
#3830=CARTESIAN_POINT('',(5.74999999999999,0.,74.));
#3831=CARTESIAN_POINT('Origin',(101.727371993329,0.,5.5));
#3832=CARTESIAN_POINT('',(101.727371993329,0.,6.5));
#3833=CARTESIAN_POINT('',(100.738685996664,0.,5.65));
#3834=CARTESIAN_POINT('Origin',(101.727371993329,0.,5.5));
#3835=CARTESIAN_POINT('',(100.738685996664,0.,5.65));
#3836=CARTESIAN_POINT('',(101.727371993329,0.,6.5));
#3837=CARTESIAN_POINT('Origin',(150.,0.,6.5));
#3838=CARTESIAN_POINT('',(150.,0.,6.5));
#3839=CARTESIAN_POINT('Origin',(69.7726280066715,0.,5.5));
#3840=CARTESIAN_POINT('',(70.7613140033357,0.,5.65));
#3841=CARTESIAN_POINT('',(70.7613140033358,0.,5.65));
#3842=CARTESIAN_POINT('',(69.7726280066715,0.,6.5));
#3843=CARTESIAN_POINT('Origin',(69.7726280066715,0.,5.5));
#3844=CARTESIAN_POINT('',(69.7726280066715,0.,6.5));
#3845=CARTESIAN_POINT('Origin',(71.75,0.,5.8));
#3846=CARTESIAN_POINT('',(71.75,0.,4.8));
#3847=CARTESIAN_POINT('',(71.75,0.,4.8));
#3848=CARTESIAN_POINT('Origin',(71.75,0.,5.8));
#3849=CARTESIAN_POINT('Origin',(22.5,0.,5.5));
#3850=CARTESIAN_POINT('',(22.5,0.,6.5));
#3851=CARTESIAN_POINT('',(22.5,0.,6.5));
#3852=CARTESIAN_POINT('',(21.5,0.,5.5));
#3853=CARTESIAN_POINT('Origin',(22.5,0.,5.5));
#3854=CARTESIAN_POINT('',(21.5,0.,5.5));
#3855=CARTESIAN_POINT('Origin',(21.5,0.,3.5));
#3856=CARTESIAN_POINT('',(21.5,0.,4.8));
#3857=CARTESIAN_POINT('',(21.5,0.,5.));
#3858=CARTESIAN_POINT('',(21.5,7.95,4.8));
#3859=CARTESIAN_POINT('',(21.5,0.,4.8));
#3860=CARTESIAN_POINT('',(21.5,7.95,4.20849704322538));
#3861=CARTESIAN_POINT('',(21.5,7.95,0.));
#3862=CARTESIAN_POINT('',(21.5,0.,4.20849704322538));
#3863=CARTESIAN_POINT('Origin',(2.75000000000001,0.,8.5));
#3864=CARTESIAN_POINT('',(2.75000000000001,0.,7.5));
#3865=CARTESIAN_POINT('',(3.75000000000001,0.,8.5));
#3866=CARTESIAN_POINT('Origin',(1.75000000000001,0.,7.5));
#3867=CARTESIAN_POINT('',(2.55000000000001,0.,7.5));
#3868=CARTESIAN_POINT('Origin',(0.8,0.,27.3));
#3869=CARTESIAN_POINT('',(0.800000000000001,7.95,26.3));
#3870=CARTESIAN_POINT('',(0.8,0.,26.3));
#3871=CARTESIAN_POINT('',(-0.199999999999996,7.95,27.3));
#3872=CARTESIAN_POINT('Origin',(0.8,7.95,27.3));
#3873=CARTESIAN_POINT('',(-0.2,0.,27.3));
#3874=CARTESIAN_POINT('Origin',(-6.44679707700148E-32,0.,26.3));
#3875=CARTESIAN_POINT('',(1.55000000000001,7.95,26.3));
#3876=CARTESIAN_POINT('',(1.55000000000001,0.,26.3));
#3877=CARTESIAN_POINT('',(42.875000000001,7.95,26.3));
#3878=CARTESIAN_POINT('Origin',(170.7,0.,27.3));
#3879=CARTESIAN_POINT('',(171.7,7.95,27.3));
#3880=CARTESIAN_POINT('',(171.7,0.,27.3));
#3881=CARTESIAN_POINT('',(170.7,7.95,26.3));
#3882=CARTESIAN_POINT('Origin',(170.7,7.95,27.3));
#3883=CARTESIAN_POINT('',(170.7,0.,26.3));
#3884=CARTESIAN_POINT('Origin',(171.7,0.,26.5));
#3885=CARTESIAN_POINT('',(171.7,7.95,28.503975701088));
#3886=CARTESIAN_POINT('',(171.7,0.,28.503975701088));
#3887=CARTESIAN_POINT('',(171.7,7.95,31.3749999999819));
#3888=CARTESIAN_POINT('Origin',(2.55000000000001,0.,1.));
#3889=CARTESIAN_POINT('',(2.55000000000001,-5.46437894932694E-16,0.));
#3890=CARTESIAN_POINT('',(1.55000000000001,-5.66293163633634E-16,1.));
#3891=CARTESIAN_POINT('Origin',(2.55000000000001,-5.46437894932694E-16,
1.));
#3892=CARTESIAN_POINT('',(2.55000000000001,7.95,0.));
#3893=CARTESIAN_POINT('',(2.55000000000001,0.,0.));
#3894=CARTESIAN_POINT('',(1.55000000000001,7.95,1.));
#3895=CARTESIAN_POINT('Origin',(2.55000000000001,7.95,1.));
#3896=CARTESIAN_POINT('',(1.55000000000001,0.,1.));
#3897=CARTESIAN_POINT('Origin',(1.75000000000001,-5.46437894932694E-16,
0.));
#3898=CARTESIAN_POINT('',(1.55000000000001,-6.0098763315317E-16,2.74736842105263));
#3899=CARTESIAN_POINT('',(1.55000000000001,-8.09520205220141E-16,13.25));
#3900=CARTESIAN_POINT('',(2.55000000000001,-5.89805981832114E-16,1.74736842105263));
#3901=CARTESIAN_POINT('Origin',(2.55000000000001,-5.46437894932694E-16,
2.74736842105263));
#3902=CARTESIAN_POINT('',(3.25000000000001,-5.89805981832114E-16,1.74736842105263));
#3903=CARTESIAN_POINT('',(1.75000000000001,-5.89805981832114E-16,1.74736842105263));
#3904=CARTESIAN_POINT('Origin',(3.25000000000001,-5.46437894932694E-16,
2.74736842105263));
#3905=CARTESIAN_POINT('',(3.25000000000001,-5.46437894932694E-16,0.));
#3906=CARTESIAN_POINT('Origin',(3.25000000000001,-5.46437894932694E-16,
1.));
#3907=CARTESIAN_POINT('',(1.75000000000001,-5.46437894932694E-16,0.));
#3908=CARTESIAN_POINT('Origin',(1.55000000000001,0.,26.5));
#3909=CARTESIAN_POINT('',(1.55000000000001,7.95,31.3749999999819));
#3910=CARTESIAN_POINT('',(1.55000000000001,0.,6.5));
#3911=CARTESIAN_POINT('',(1.55000000000001,-2.77555756156289E-16,2.74736842105263));
#3912=CARTESIAN_POINT('Origin',(3.25000000000001,0.,1.));
#3913=CARTESIAN_POINT('',(3.25000000000001,6.95,0.));
#3914=CARTESIAN_POINT('Origin',(3.25000000000001,6.95,1.));
#3915=CARTESIAN_POINT('',(3.25000000000001,0.,0.));
#3916=CARTESIAN_POINT('Origin',(168.25,0.,1.));
#3917=CARTESIAN_POINT('',(168.25,-5.46437894932694E-16,0.));
#3918=CARTESIAN_POINT('Origin',(168.25,-5.46437894932694E-16,1.));
#3919=CARTESIAN_POINT('',(168.25,6.95,0.));
#3920=CARTESIAN_POINT('',(168.25,0.,0.));
#3921=CARTESIAN_POINT('Origin',(168.25,6.95,1.));
#3922=CARTESIAN_POINT('Origin',(168.95,0.,1.));
#3923=CARTESIAN_POINT('',(169.95,-5.66293163633634E-16,1.));
#3924=CARTESIAN_POINT('',(168.95,-5.46437894932694E-16,0.));
#3925=CARTESIAN_POINT('Origin',(168.95,-5.46437894932694E-16,1.));
#3926=CARTESIAN_POINT('',(169.95,7.95,1.));
#3927=CARTESIAN_POINT('',(169.95,0.,1.));
#3928=CARTESIAN_POINT('',(168.95,7.95,0.));
#3929=CARTESIAN_POINT('Origin',(168.95,7.95,1.));
#3930=CARTESIAN_POINT('',(168.95,0.,0.));
#3931=CARTESIAN_POINT('Origin',(167.25,0.,0.));
#3932=CARTESIAN_POINT('',(84.5,-5.46437894932694E-16,0.));
#3933=CARTESIAN_POINT('',(168.880677910375,7.95,0.));
#3934=CARTESIAN_POINT('',(0.,7.95,0.));
#3935=CARTESIAN_POINT('',(168.880677910375,6.95,0.));
#3936=CARTESIAN_POINT('',(168.880677910375,7.95,0.));
#3937=CARTESIAN_POINT('',(156.,6.95,0.));
#3938=CARTESIAN_POINT('Origin',(2.55000000000001,-2.77555756156289E-16,
2.74736842105263));
#3939=CARTESIAN_POINT('',(2.55000000000001,-2.77555756156289E-16,1.74736842105263));
#3940=CARTESIAN_POINT('Origin',(3.25000000000001,-2.77555756156289E-16,
2.74736842105263));
#3941=CARTESIAN_POINT('',(3.25000000000001,-2.77555756156289E-16,1.74736842105263));
#3942=CARTESIAN_POINT('Origin',(1.75000000000001,-5.55111512312578E-16,
1.74736842105263));
#3943=CARTESIAN_POINT('Origin',(168.25,-2.77555756156289E-16,2.74736842105263));
#3944=CARTESIAN_POINT('',(168.25,-5.89805981832114E-16,1.74736842105263));
#3945=CARTESIAN_POINT('Origin',(168.25,-5.46437894932694E-16,2.74736842105263));
#3946=CARTESIAN_POINT('',(168.25,-2.77555756156289E-16,1.74736842105263));
#3947=CARTESIAN_POINT('Origin',(168.95,-2.77555756156289E-16,2.74736842105263));
#3948=CARTESIAN_POINT('',(169.95,-6.0098763315317E-16,2.74736842105263));
#3949=CARTESIAN_POINT('',(168.95,-5.89805981832114E-16,1.74736842105263));
#3950=CARTESIAN_POINT('Origin',(168.95,-5.46437894932694E-16,2.74736842105263));
#3951=CARTESIAN_POINT('',(168.95,-2.77555756156289E-16,1.74736842105263));
#3952=CARTESIAN_POINT('',(169.95,-2.77555756156289E-16,2.74736842105263));
#3953=CARTESIAN_POINT('Origin',(1.75000000000001,-5.55111512312578E-16,
1.74736842105263));
#3954=CARTESIAN_POINT('',(1.75000000000001,-5.89805981832114E-16,1.74736842105263));
#3955=CARTESIAN_POINT('Origin',(4.74999999999999,0.,46.));
#3956=CARTESIAN_POINT('',(3.74999999999999,0.,46.));
#3957=CARTESIAN_POINT('Origin',(166.75,0.,46.));
#3958=CARTESIAN_POINT('',(167.75,0.,46.));
#3959=CARTESIAN_POINT('Origin',(167.75,0.,47.));
#3960=CARTESIAN_POINT('Origin',(6.74999999999999,0.,74.));
#3961=CARTESIAN_POINT('',(6.74999999999999,0.,75.));
#3962=CARTESIAN_POINT('Origin',(5.74999999999999,0.,75.));
#3963=CARTESIAN_POINT('',(164.75,0.,75.));
#3964=CARTESIAN_POINT('Origin',(164.75,0.,74.));
#3965=CARTESIAN_POINT('Origin',(20.5,0.,4.20849704322538));
#3966=CARTESIAN_POINT('',(20.7851024690882,6.95,3.24999999987061));
#3967=CARTESIAN_POINT('',(20.7727275286242,6.95,3.24640572992372));
#3968=CARTESIAN_POINT('Origin',(20.5,6.95,4.20849704322538));
#3969=CARTESIAN_POINT('',(20.7727275286242,0.,3.24640572992372));
#3970=CARTESIAN_POINT('',(20.7851024690882,7.95,3.24999999987061));
#3971=CARTESIAN_POINT('Origin',(20.5,7.95,4.20849704322538));
#3972=CARTESIAN_POINT('',(20.7851024690882,0.,3.24999999987061));
#3973=CARTESIAN_POINT('Origin',(151.,0.,4.20849743007852));
#3974=CARTESIAN_POINT('',(150.71489883153,6.95,3.24999999985932));
#3975=CARTESIAN_POINT('',(150.727272767195,6.95,3.24640603291998));
#3976=CARTESIAN_POINT('Origin',(151.,6.95,4.20849743007852));
#3977=CARTESIAN_POINT('',(150.71489883153,7.95,3.24999999985932));
#3978=CARTESIAN_POINT('',(150.71489883153,0.,3.24999999985932));
#3979=CARTESIAN_POINT('Origin',(151.,7.95,4.20849743007852));
#3980=CARTESIAN_POINT('',(150.727272767195,0.,3.24640603291998));
#3981=CARTESIAN_POINT('Origin',(152.500000603823,0.,9.50000301911709));
#3982=CARTESIAN_POINT('',(152.5,6.95,3.00000000000003));
#3983=CARTESIAN_POINT('',(152.5,0.,3.00000000000003));
#3984=CARTESIAN_POINT('Origin',(152.500000603823,6.95,9.50000301911709));
#3985=CARTESIAN_POINT('Origin',(99.75,0.,5.8));
#3986=CARTESIAN_POINT('',(99.75,0.,4.8));
#3987=CARTESIAN_POINT('Origin',(99.75,0.,5.8));
#3988=CARTESIAN_POINT('',(99.75,0.,4.8));
#3989=CARTESIAN_POINT('Origin',(21.5,0.,4.8));
#3990=CARTESIAN_POINT('',(53.625000000001,0.,4.8));
#3991=CARTESIAN_POINT('',(110.75,7.95,4.8));
#3992=CARTESIAN_POINT('',(53.625000000001,7.95,4.8));
#3993=CARTESIAN_POINT('',(110.75,4.75,4.8));
#3994=CARTESIAN_POINT('',(110.75,3.975,4.8));
#3995=CARTESIAN_POINT('',(60.75,4.75,4.8));
#3996=CARTESIAN_POINT('',(53.625,4.75,4.8));
#3997=CARTESIAN_POINT('',(60.75,7.95,4.8));
#3998=CARTESIAN_POINT('',(60.75,3.975,4.8));
#3999=CARTESIAN_POINT('',(53.625000000001,7.95,4.8));
#4000=CARTESIAN_POINT('',(53.625000000001,0.,4.8));
#4001=CARTESIAN_POINT('Origin',(168.95,0.,6.5));
#4002=CARTESIAN_POINT('',(169.95,0.,6.5));
#4003=CARTESIAN_POINT('Origin',(169.95,0.,0.));
#4004=CARTESIAN_POINT('',(169.95,-5.46437894932694E-16,-5.42483561613215E-33));
#4005=CARTESIAN_POINT('',(169.95,7.95,26.3));
#4006=CARTESIAN_POINT('',(169.95,0.,26.3));
#4007=CARTESIAN_POINT('',(169.95,7.95,18.1249999999819));
#4008=CARTESIAN_POINT('Origin',(2.55000000000001,0.,6.5));
#4009=CARTESIAN_POINT('Origin',(68.9860113424629,6.35000000000018,-6.99999999999946));
#4010=CARTESIAN_POINT('',(70.5828832847299,6.25,-5.99999999999947));
#4011=CARTESIAN_POINT('',(68.9860113424629,4.75,-5.99999999999947));
#4012=CARTESIAN_POINT('Origin',(68.9860113424629,6.35000000000018,-5.99999999999947));
#4013=CARTESIAN_POINT('',(70.5828832847299,6.25,-6.99999999999946));
#4014=CARTESIAN_POINT('',(70.5828832847299,6.25,-6.99999999999946));
#4015=CARTESIAN_POINT('',(67.3891394001959,6.25000000000007,-6.99999999999946));
#4016=CARTESIAN_POINT('Origin',(68.9860113424629,6.35000000000018,-6.99999999999946));
#4017=CARTESIAN_POINT('',(67.3891394001959,6.25000000000007,-5.99999999999947));
#4018=CARTESIAN_POINT('',(67.3891394001959,6.25,-6.99999999999946));
#4019=CARTESIAN_POINT('Origin',(68.9860113424629,6.35000000000018,-5.99999999999947));
#4020=CARTESIAN_POINT('Origin',(60.75,7.95,-5.99999999999947));
#4021=CARTESIAN_POINT('',(60.75,6.25,-5.99999999999947));
#4022=CARTESIAN_POINT('',(73.250000000001,6.25,-5.99999999999947));
#4023=CARTESIAN_POINT('',(60.75,4.75,-5.99999999999947));
#4024=CARTESIAN_POINT('',(60.75,7.95,-5.99999999999947));
#4025=CARTESIAN_POINT('',(98.25,4.75,-5.99999999999946));
#4026=CARTESIAN_POINT('Origin',(60.75,7.95,-5.99999999999947));
#4027=CARTESIAN_POINT('',(82.65,4.75,-5.99999999999946));
#4028=CARTESIAN_POINT('',(98.25,4.75,-5.99999999999946));
#4029=CARTESIAN_POINT('',(81.2,6.2,-5.99999999999946));
#4030=CARTESIAN_POINT('Origin',(82.65,6.2,-5.99999999999947));
#4031=CARTESIAN_POINT('',(81.2,6.25,-5.99999999999946));
#4032=CARTESIAN_POINT('',(81.2,7.95,-5.99999999999946));
#4033=CARTESIAN_POINT('',(73.250000000001,6.25,-5.99999999999947));
#4034=CARTESIAN_POINT('Origin',(85.7500000000019,6.25,36.2499999999638));
#4035=CARTESIAN_POINT('',(-1.99999329692631,6.25,-6.99999999999947));
#4036=CARTESIAN_POINT('',(129.624985305999,6.25,-6.99999999999946));
#4037=CARTESIAN_POINT('',(-7.99999999999604,6.25,-0.999992291170275));
#4038=CARTESIAN_POINT('Origin',(-1.99999999999926,6.25,-1.00000000000148));
#4039=CARTESIAN_POINT('',(-8.00000000000001,6.25,73.5000004007888));
#4040=CARTESIAN_POINT('',(-7.99999999999999,6.25,17.6250038543968));
#4041=CARTESIAN_POINT('',(-2.00000707911951,6.25,79.4999999999948));
#4042=CARTESIAN_POINT('Origin',(-2.00000000000008,6.25,73.499999999999));
#4043=CARTESIAN_POINT('',(173.500000595053,6.25,79.5));
#4044=CARTESIAN_POINT('',(41.8749964604412,6.25,79.5));
#4045=CARTESIAN_POINT('',(179.5,6.25,73.5000013294407));
#4046=CARTESIAN_POINT('Origin',(173.5,6.25,73.4999999999999));
#4047=CARTESIAN_POINT('',(179.5,6.25,-0.999992386476087));
#4048=CARTESIAN_POINT('',(179.5,6.25,54.8750006647023));
#4049=CARTESIAN_POINT('',(173.499970611996,6.25,-7.00000000000044));
#4050=CARTESIAN_POINT('Origin',(173.5,6.25,-1.00000000006756));
#4051=CARTESIAN_POINT('',(90.3,6.25,-6.99999999999946));
#4052=CARTESIAN_POINT('',(129.624985305999,6.25,-6.99999999999946));
#4053=CARTESIAN_POINT('',(90.3,6.25,-5.99999999999946));
#4054=CARTESIAN_POINT('',(90.3,6.25,14.6249999999822));
#4055=CARTESIAN_POINT('',(110.75,6.25,-5.99999999999945));
#4056=CARTESIAN_POINT('',(73.250000000001,6.25,-5.99999999999947));
#4057=CARTESIAN_POINT('',(110.75,6.25,-5.49999999997833));
#4058=CARTESIAN_POINT('',(110.75,6.25,15.1249999999822));
#4059=CARTESIAN_POINT('',(173.499976734497,6.25,-5.49999999998404));
#4060=CARTESIAN_POINT('',(173.499976734497,6.25,-5.49999999998404));
#4061=CARTESIAN_POINT('',(178.000000000002,6.25,-1.00000000006757));
#4062=CARTESIAN_POINT('Origin',(173.5,6.25,-1.00000000006756));
#4063=CARTESIAN_POINT('',(178.,6.25,73.4999999999999));
#4064=CARTESIAN_POINT('',(178.,6.25,73.4999999999999));
#4065=CARTESIAN_POINT('',(173.5,6.25,77.9999999999969));
#4066=CARTESIAN_POINT('Origin',(173.5,6.25,73.4999999999999));
#4067=CARTESIAN_POINT('',(-2.,6.25,77.9999999999978));
#4068=CARTESIAN_POINT('',(-2.,6.25,77.9999999999978));
#4069=CARTESIAN_POINT('',(-6.50000000004659,6.25,73.4999999999864));
#4070=CARTESIAN_POINT('Origin',(-2.00000000000008,6.25,73.499999999999));
#4071=CARTESIAN_POINT('',(-6.49999999996586,6.25,-1.0000000000141));
#4072=CARTESIAN_POINT('',(-6.49999999994549,6.25,-1.0000000000141));
#4073=CARTESIAN_POINT('',(-1.99999999999835,6.25,-5.49999999996808));
#4074=CARTESIAN_POINT('Origin',(-1.99999999999926,6.25,-1.00000000000148));
#4075=CARTESIAN_POINT('',(60.75,6.25,-5.49999999997378));
#4076=CARTESIAN_POINT('',(173.499976734497,6.25,-5.49999999998404));
#4077=CARTESIAN_POINT('',(60.75,6.25,20.6249999999819));
#4078=CARTESIAN_POINT('Origin',(144.75,6.95,-1.00000000007017));
#4079=CARTESIAN_POINT('',(164.75,6.95,-5.24999999999966));
#4080=CARTESIAN_POINT('Origin',(164.75,6.95,-1.00000000007017));
#4081=CARTESIAN_POINT('',(124.75,6.95,-5.24999999999966));
#4082=CARTESIAN_POINT('',(164.75,6.95,-5.24999999999967));
#4083=CARTESIAN_POINT('',(124.75,6.95,3.24999999985932));
#4084=CARTESIAN_POINT('Origin',(124.75,6.95,-1.00000000007017));
#4085=CARTESIAN_POINT('',(124.75,6.95,3.24999999985932));
#4086=CARTESIAN_POINT('',(119.125,6.95,3.00000000000002));
#4087=CARTESIAN_POINT('Origin',(164.75,7.95,-1.00000000007017));
#4088=CARTESIAN_POINT('',(164.75,7.95,-5.24999999999966));
#4089=CARTESIAN_POINT('Origin',(164.75,7.95,-1.00000000007017));
#4090=CARTESIAN_POINT('',(164.75,7.95,-5.24999999999966));
#4091=CARTESIAN_POINT('Origin',(124.75,7.95,-5.24999999999966));
#4092=CARTESIAN_POINT('',(124.75,7.95,-5.24999999999966));
#4093=CARTESIAN_POINT('',(105.250000000001,7.95,-5.24999999999965));
#4094=CARTESIAN_POINT('',(124.75,7.95,-5.24999999999966));
#4095=CARTESIAN_POINT('Origin',(124.75,7.95,-1.00000000007017));
#4096=CARTESIAN_POINT('',(124.75,7.95,3.24999999985932));
#4097=CARTESIAN_POINT('Origin',(124.75,7.95,-1.00000000007017));
#4098=CARTESIAN_POINT('',(124.75,7.95,3.24999999985932));
#4099=CARTESIAN_POINT('Origin',(150.714643074419,7.95,3.24999999985932));
#4100=CARTESIAN_POINT('',(118.232321537211,7.95,3.24999999985932));
#4101=CARTESIAN_POINT('Origin',(6.75000000000001,7.95,-1.00000000012939));
#4102=CARTESIAN_POINT('',(2.61932208959892,6.95,0.));
#4103=CARTESIAN_POINT('',(2.61932208959892,7.95,0.));
#4104=CARTESIAN_POINT('',(2.61932208959892,7.95,0.));
#4105=CARTESIAN_POINT('',(6.75000000000001,6.95,-5.25000000009813));
#4106=CARTESIAN_POINT('Origin',(6.75000000000001,6.95,-1.00000000012939));
#4107=CARTESIAN_POINT('',(6.75000000000001,7.95,-5.25000000009813));
#4108=CARTESIAN_POINT('',(6.75000000000001,7.95,-5.25000000009813));
#4109=CARTESIAN_POINT('Origin',(6.75000000000001,7.95,-1.00000000012939));
#4110=CARTESIAN_POINT('Origin',(46.75,7.95,-1.00000000009813));
#4111=CARTESIAN_POINT('',(46.75,7.95,-5.25000000006687));
#4112=CARTESIAN_POINT('',(46.75,7.95,3.2499999998706));
#4113=CARTESIAN_POINT('Origin',(46.75,7.95,-1.00000000009813));
#4114=CARTESIAN_POINT('',(46.75,6.95,-5.25000000006687));
#4115=CARTESIAN_POINT('',(46.75,7.95,-5.25000000006687));
#4116=CARTESIAN_POINT('',(46.75,6.95,3.2499999998706));
#4117=CARTESIAN_POINT('Origin',(46.75,6.95,-1.00000000009813));
#4118=CARTESIAN_POINT('',(46.75,7.95,3.2499999998706));
#4119=CARTESIAN_POINT('Origin',(6.75000000000001,7.95,-5.25000000009813));
#4120=CARTESIAN_POINT('',(46.2500000000172,7.95,-5.25000000006726));
#4121=CARTESIAN_POINT('',(46.75,6.95,-5.25000000006687));
#4122=CARTESIAN_POINT('Origin',(46.75,7.95,3.2499999998706));
#4123=CARTESIAN_POINT('',(66.250000000001,7.95,3.2499999998706));
#4124=CARTESIAN_POINT('',(36.75,6.95,3.2499999998706));
#4125=CARTESIAN_POINT('Origin',(26.75,6.95,-1.00000000011376));
#4126=CARTESIAN_POINT('Origin',(19.000003870429,6.95,9.49998064785522));
#4127=CARTESIAN_POINT('',(14.25,6.95,0.));
#4128=CARTESIAN_POINT('Origin',(152.5,0.,3.00000000000003));
#4129=CARTESIAN_POINT('Origin',(19.000003870429,0.,9.49998064785522));
#4130=CARTESIAN_POINT('Origin',(179.,-0.1,54.8750006647023));
#4131=CARTESIAN_POINT('',(179.5,0.4,73.5000013294407));
#4132=CARTESIAN_POINT('',(179.5,0.4,73.5000013294407));
#4133=CARTESIAN_POINT('',(179.5,0.4,-0.99999238647609));
#4134=CARTESIAN_POINT('',(178.5,-0.6,-0.999992386476087));
#4135=CARTESIAN_POINT('',(179.5,0.4,54.8750006647023));
#4136=CARTESIAN_POINT('Origin',(173.5,-0.1,73.4999999999999));
#4137=CARTESIAN_POINT('',(173.500000595053,0.4,79.5));
#4138=CARTESIAN_POINT('',(173.500000595053,0.4,79.5));
#4139=CARTESIAN_POINT('Origin',(173.5,0.4,73.4999999999999));
#4140=CARTESIAN_POINT('Origin',(41.8749964604412,-0.1,79.));
#4141=CARTESIAN_POINT('',(-2.00000707911951,0.4,79.4999999999948));
#4142=CARTESIAN_POINT('',(-2.00000707911951,0.4,79.4999999999948));
#4143=CARTESIAN_POINT('',(41.8749964604412,0.4,79.5));
#4144=CARTESIAN_POINT('Origin',(-2.00000000000008,-0.1,73.499999999999));
#4145=CARTESIAN_POINT('',(-8.,0.4,73.5000004007888));
#4146=CARTESIAN_POINT('',(-8.,0.4,73.5000004007888));
#4147=CARTESIAN_POINT('Origin',(-2.00000000000008,0.4,73.499999999999));
#4148=CARTESIAN_POINT('Origin',(-7.49999999999999,-0.1,17.6250038543968));
#4149=CARTESIAN_POINT('',(-7.99999999999604,0.4,-0.999992291170276));
#4150=CARTESIAN_POINT('',(-7.99999999999604,0.4,-0.999992291170276));
#4151=CARTESIAN_POINT('',(-7.99999999999999,0.4,17.6250038543968));
#4152=CARTESIAN_POINT('Origin',(-1.99999999999926,-0.1,-1.00000000000148));
#4153=CARTESIAN_POINT('',(-1.99999329692629,0.4,-6.99999999999947));
#4154=CARTESIAN_POINT('',(-1.99999329692629,0.4,-6.99999999999947));
#4155=CARTESIAN_POINT('Origin',(-1.99999999999926,0.4,-1.00000000000148));
#4156=CARTESIAN_POINT('Origin',(129.624985305999,-0.1,-6.49999999999946));
#4157=CARTESIAN_POINT('',(173.499970611996,0.4,-7.00000000000044));
#4158=CARTESIAN_POINT('',(173.499970611996,0.4,-7.00000000000044));
#4159=CARTESIAN_POINT('',(129.624985305999,0.4,-6.99999999999946));
#4160=CARTESIAN_POINT('Origin',(173.5,-0.1,-1.00000000006756));
#4161=CARTESIAN_POINT('Origin',(173.5,0.4,-1.00000000006756));
#4162=CARTESIAN_POINT('Origin',(-2.00000000000008,0.,73.499999999999));
#4163=CARTESIAN_POINT('',(-2.00000707911951,0.,79.4999999999948));
#4164=CARTESIAN_POINT('',(-8.,0.,73.5000004007888));
#4165=CARTESIAN_POINT('Origin',(-2.00000707911951,0.,79.5));
#4166=CARTESIAN_POINT('',(173.500000595053,0.,79.5));
#4167=CARTESIAN_POINT('Origin',(173.5,0.,73.4999999999999));
#4168=CARTESIAN_POINT('',(179.5,0.,73.5000013294407));
#4169=CARTESIAN_POINT('Origin',(179.5,0.,73.5000013294407));
#4170=CARTESIAN_POINT('',(179.5,0.,-0.99999238647609));
#4171=CARTESIAN_POINT('Origin',(88.85,6.2,-3.7499999999996));
#4172=CARTESIAN_POINT('',(88.85,4.75,-5.99999999999946));
#4173=CARTESIAN_POINT('',(90.3,6.2,-5.99999999999946));
#4174=CARTESIAN_POINT('Origin',(88.85,6.2,-5.99999999999947));
#4175=CARTESIAN_POINT('',(90.3,6.2,-6.99999999999946));
#4176=CARTESIAN_POINT('',(90.3,6.2,-3.7499999999996));
#4177=CARTESIAN_POINT('',(88.85,4.75,-6.99999999999946));
#4178=CARTESIAN_POINT('Origin',(88.85,6.2,-6.99999999999946));
#4179=CARTESIAN_POINT('',(88.85,4.75,-3.7499999999996));
#4180=CARTESIAN_POINT('Origin',(90.3,7.95,-6.99999999999946));
#4181=CARTESIAN_POINT('',(90.3,7.95,-5.99999999999946));
#4182=CARTESIAN_POINT('',(90.3,3.975,-6.99999999999946));
#4183=CARTESIAN_POINT('Origin',(82.65,6.2,-3.2499999999996));
#4184=CARTESIAN_POINT('',(82.65,4.75,-6.99999999999946));
#4185=CARTESIAN_POINT('',(82.65,4.75,-3.2499999999996));
#4186=CARTESIAN_POINT('',(81.2,6.2,-6.99999999999946));
#4187=CARTESIAN_POINT('Origin',(82.65,6.2,-6.99999999999946));
#4188=CARTESIAN_POINT('',(81.2,6.2,-3.2499999999996));
#4189=CARTESIAN_POINT('Origin',(85.75,4.75,-0.499999999999736));
#4190=CARTESIAN_POINT('',(129.624985305998,4.75,-6.99999999999946));
#4191=CARTESIAN_POINT('',(60.75,4.75,-3.2499999999996));
#4192=CARTESIAN_POINT('',(110.75,4.75,-5.99999999999945));
#4193=CARTESIAN_POINT('',(110.75,4.75,2.25000000000013));
#4194=CARTESIAN_POINT('',(98.25,4.75,-5.99999999999946));
#4195=CARTESIAN_POINT('Origin',(1.75000000000001,-5.46437894932694E-16,
0.));
#4196=CARTESIAN_POINT('Origin',(1.75000000000001,0.,0.));
#4197=CARTESIAN_POINT('',(0.,7.95,0.));
#4198=CARTESIAN_POINT('Origin',(81.2,7.95,-5.99999999999946));
#4199=CARTESIAN_POINT('',(81.2,6.25,-6.99999999999946));
#4200=CARTESIAN_POINT('',(81.2,3.975,-6.99999999999946));
#4201=CARTESIAN_POINT('',(81.2,6.25,15.1249999999822));
#4202=CARTESIAN_POINT('Origin',(85.7500000000019,6.25,36.2499999999638));
#4203=CARTESIAN_POINT('',(129.624985305999,6.25,-6.99999999999946));
#4204=CARTESIAN_POINT('Origin',(60.75,7.95,-5.99999999999947));
#4205=CARTESIAN_POINT('',(110.75,7.95,-5.99999999999945));
#4206=CARTESIAN_POINT('Origin',(110.75,7.95,-5.99999999999945));
#4207=CARTESIAN_POINT('',(110.75,7.95,-5.49999999997833));
#4208=CARTESIAN_POINT('',(110.75,7.95,15.1249999999822));
#4209=CARTESIAN_POINT('',(110.75,7.95,-5.49999999997833));
#4210=CARTESIAN_POINT('Origin',(60.75,7.95,5.));
#4211=CARTESIAN_POINT('',(60.75,7.95,-5.49999999997378));
#4212=CARTESIAN_POINT('',(60.75,7.95,-5.49999999997378));
#4213=CARTESIAN_POINT('',(60.75,7.95,20.6249999999819));
#4214=CARTESIAN_POINT('Origin',(173.499976734497,7.95,-5.49999999998404));
#4215=CARTESIAN_POINT('',(-1.99999999999835,7.95,-5.49999999996808));
#4216=CARTESIAN_POINT('',(-1.99999999999835,7.95,-5.49999999996808));
#4217=CARTESIAN_POINT('',(129.624988367248,7.95,-5.49999999998005));
#4218=CARTESIAN_POINT('Origin',(173.499976734497,7.95,-5.49999999998404));
#4219=CARTESIAN_POINT('',(173.499976734497,7.95,-5.49999999998404));
#4220=CARTESIAN_POINT('',(129.624988367248,7.95,-5.49999999998005));
#4221=CARTESIAN_POINT('',(173.499976734497,7.95,-5.49999999998404));
#4222=CARTESIAN_POINT('Origin',(173.5,7.95,-1.00000000006756));
#4223=CARTESIAN_POINT('',(178.000000000002,7.95,-1.00000000006757));
#4224=CARTESIAN_POINT('Origin',(173.5,7.95,-1.00000000006756));
#4225=CARTESIAN_POINT('',(178.000000000002,7.95,-1.00000000006757));
#4226=CARTESIAN_POINT('Origin',(178.,7.95,73.4999999999999));
#4227=CARTESIAN_POINT('',(178.,7.95,73.4999999999999));
#4228=CARTESIAN_POINT('',(178.000000000001,7.95,54.8749999999833));
#4229=CARTESIAN_POINT('',(178.,7.95,73.4999999999999));
#4230=CARTESIAN_POINT('Origin',(173.5,7.95,73.4999999999999));
#4231=CARTESIAN_POINT('',(173.5,7.95,77.9999999999969));
#4232=CARTESIAN_POINT('Origin',(173.5,7.95,73.4999999999999));
#4233=CARTESIAN_POINT('',(173.5,7.95,77.9999999999969));
#4234=CARTESIAN_POINT('Origin',(-2.,7.95,77.9999999999978));
#4235=CARTESIAN_POINT('',(-2.,7.95,77.9999999999978));
#4236=CARTESIAN_POINT('',(41.8750000000011,7.95,77.9999999999976));
#4237=CARTESIAN_POINT('',(-2.,7.95,77.9999999999978));
#4238=CARTESIAN_POINT('Origin',(-2.00000000000008,7.95,73.499999999999));
#4239=CARTESIAN_POINT('',(-6.50000000004659,7.95,73.4999999999864));
#4240=CARTESIAN_POINT('Origin',(-2.00000000000008,7.95,73.499999999999));
#4241=CARTESIAN_POINT('',(-6.50000000004659,7.95,73.4999999999864));
#4242=CARTESIAN_POINT('Origin',(-6.49999999994549,7.95,-1.0000000000141));
#4243=CARTESIAN_POINT('',(-6.49999999996586,7.95,-1.0000000000141));
#4244=CARTESIAN_POINT('',(-6.49999999997076,7.95,17.6249999999123));
#4245=CARTESIAN_POINT('',(-6.49999999996586,7.95,-1.0000000000141));
#4246=CARTESIAN_POINT('Origin',(-1.99999999999926,7.95,-1.00000000000148));
#4247=CARTESIAN_POINT('Origin',(-1.99999999999926,7.95,-1.00000000000148));
#4248=CARTESIAN_POINT('Origin',(85.7500000000019,0.,36.2499999999638));
#4249=CARTESIAN_POINT('Origin',(85.7500000000019,0.,36.2499999999638));
#4250=CARTESIAN_POINT('',(71.75,0.,6.5));
#4251=CARTESIAN_POINT('Origin',(3.75000000000001,0.,6.5));
#4252=CARTESIAN_POINT('Origin',(71.75,0.,6.5));
#4253=CARTESIAN_POINT('Origin',(-0.2,0.,28.5));
#4254=CARTESIAN_POINT('',(-0.199999999999999,7.95,28.5039757010882));
#4255=CARTESIAN_POINT('',(-0.199999999999996,7.95,32.3749999999819));
#4256=CARTESIAN_POINT('',(-0.2,0.,28.5039757010882));
#4257=CARTESIAN_POINT('Origin',(1.55015799955712,0.,72.5079482613813));
#4258=CARTESIAN_POINT('',(1.55000192785367,7.95,72.5040241728373));
#4259=CARTESIAN_POINT('',(0.896749458057613,7.95,56.0793906465365));
#4260=CARTESIAN_POINT('',(1.55000192785367,0.,72.5040241728373));
#4261=CARTESIAN_POINT('Origin',(5.75,0.,72.5));
#4262=CARTESIAN_POINT('',(5.75000000000001,7.95,76.7));
#4263=CARTESIAN_POINT('Origin',(5.75,7.95,72.5));
#4264=CARTESIAN_POINT('',(5.75,0.,76.7));
#4265=CARTESIAN_POINT('Origin',(60.75,0.,76.7));
#4266=CARTESIAN_POINT('',(60.75,7.95,76.7));
#4267=CARTESIAN_POINT('',(73.250000000001,7.95,76.7));
#4268=CARTESIAN_POINT('',(60.75,0.,76.7));
#4269=CARTESIAN_POINT('Origin',(60.75,0.,77.5));
#4270=CARTESIAN_POINT('',(60.75,7.95,77.5));
#4271=CARTESIAN_POINT('',(60.75,7.95,76.5));
#4272=CARTESIAN_POINT('',(60.75,0.,77.5));
#4273=CARTESIAN_POINT('Origin',(110.75,0.,77.5));
#4274=CARTESIAN_POINT('',(110.75,7.95,77.5));
#4275=CARTESIAN_POINT('',(60.75,7.95,77.5));
#4276=CARTESIAN_POINT('',(110.75,0.,77.5));
#4277=CARTESIAN_POINT('Origin',(110.75,0.,76.5));
#4278=CARTESIAN_POINT('',(110.75,7.95,76.7));
#4279=CARTESIAN_POINT('',(110.75,7.95,77.5));
#4280=CARTESIAN_POINT('',(110.75,0.,76.7));
#4281=CARTESIAN_POINT('Origin',(165.75,0.,76.7));
#4282=CARTESIAN_POINT('',(165.75,7.95,76.7));
#4283=CARTESIAN_POINT('',(125.750000000001,7.95,76.7));
#4284=CARTESIAN_POINT('',(165.75,0.,76.7));
#4285=CARTESIAN_POINT('Origin',(165.75,0.,72.5));
#4286=CARTESIAN_POINT('',(169.949998072146,7.95,72.504024172836));
#4287=CARTESIAN_POINT('Origin',(165.75,7.95,72.5));
#4288=CARTESIAN_POINT('',(169.949998072146,0.,72.5040241728362));
#4289=CARTESIAN_POINT('Origin',(171.699842000443,0.,28.5079482613813));
#4290=CARTESIAN_POINT('',(171.478250541942,7.95,34.0793906465364));
#4291=CARTESIAN_POINT('Origin',(169.75,0.,26.3));
#4292=CARTESIAN_POINT('',(127.750000000001,7.95,26.3));
#4293=CARTESIAN_POINT('Origin',(-7.99999999999999,0.,-0.99999229117028));
#4294=CARTESIAN_POINT('',(-7.99999999999604,0.,-0.999992291170276));
#4295=CARTESIAN_POINT('Origin',(-1.99999999999926,0.,-1.00000000000148));
#4296=CARTESIAN_POINT('',(-1.99999329692629,0.,-6.99999999999947));
#4297=CARTESIAN_POINT('Origin',(173.499970611996,0.,-6.99999999999946));
#4298=CARTESIAN_POINT('',(173.499970611996,0.,-7.00000000000044));
#4299=CARTESIAN_POINT('Origin',(173.5,0.,-1.00000000006756));
#4300=CARTESIAN_POINT('Origin',(85.7500000000019,7.95,36.2499999999638));
#4301=UNCERTAINTY_MEASURE_WITH_UNIT(LENGTH_MEASURE(0.01),#4305,
'DISTANCE_ACCURACY_VALUE',
'Maximum model space distance between geometric entities at asserted c
onnectivities');
#4302=UNCERTAINTY_MEASURE_WITH_UNIT(LENGTH_MEASURE(0.01),#4305,
'DISTANCE_ACCURACY_VALUE',
'Maximum model space distance between geometric entities at asserted c
onnectivities');
#4303=(
GEOMETRIC_REPRESENTATION_CONTEXT(3)
GLOBAL_UNCERTAINTY_ASSIGNED_CONTEXT((#4301))
GLOBAL_UNIT_ASSIGNED_CONTEXT((#4305,#4306,#4307))
REPRESENTATION_CONTEXT('','3D')
);
#4304=(
GEOMETRIC_REPRESENTATION_CONTEXT(3)
GLOBAL_UNCERTAINTY_ASSIGNED_CONTEXT((#4302))
GLOBAL_UNIT_ASSIGNED_CONTEXT((#4305,#4306,#4307))
REPRESENTATION_CONTEXT('','3D')
);
#4305=(
LENGTH_UNIT()
NAMED_UNIT(*)
SI_UNIT(.MILLI.,.METRE.)
);
#4306=(
NAMED_UNIT(*)
PLANE_ANGLE_UNIT()
SI_UNIT($,.RADIAN.)
);
#4307=(
NAMED_UNIT(*)
SI_UNIT($,.STERADIAN.)
SOLID_ANGLE_UNIT()
);
#4308=SHAPE_DEFINITION_REPRESENTATION(#4309,#4310);
#4309=PRODUCT_DEFINITION_SHAPE('',$,#4312);
#4310=SHAPE_REPRESENTATION('',(#2552),#4303);
#4311=PRODUCT_DEFINITION_CONTEXT('part definition',#4316,'design');
#4312=PRODUCT_DEFINITION('Keyboard Assembly','Keyboard Assembly v223',#4313,
#4311);
#4313=PRODUCT_DEFINITION_FORMATION('',$,#4318);
#4314=PRODUCT_RELATED_PRODUCT_CATEGORY('Keyboard Assembly v223',
'Keyboard Assembly v223',(#4318));
#4315=APPLICATION_PROTOCOL_DEFINITION('international standard',
'automotive_design',2009,#4316);
#4316=APPLICATION_CONTEXT(
'Core Data for Automotive Mechanical Design Process');
#4317=PRODUCT_CONTEXT('part definition',#4316,'mechanical');
#4318=PRODUCT('Keyboard Assembly','Keyboard Assembly v223',$,(#4317));
#4319=PRESENTATION_STYLE_ASSIGNMENT((#4321));
#4320=PRESENTATION_STYLE_ASSIGNMENT((#4322));
#4321=SURFACE_STYLE_USAGE(.BOTH.,#4323);
#4322=SURFACE_STYLE_USAGE(.BOTH.,#4324);
#4323=SURFACE_SIDE_STYLE('',(#4325));
#4324=SURFACE_SIDE_STYLE('',(#4326));
#4325=SURFACE_STYLE_FILL_AREA(#4327);
#4326=SURFACE_STYLE_FILL_AREA(#4328);
#4327=FILL_AREA_STYLE('Steel - Satin',(#4329));
#4328=FILL_AREA_STYLE('Aluminum - Anodized Rough (Blue)',(#4330));
#4329=FILL_AREA_STYLE_COLOUR('Steel - Satin',#4331);
#4330=FILL_AREA_STYLE_COLOUR('Aluminum - Anodized Rough (Blue)',#4332);
#4331=COLOUR_RGB('Steel - Satin',0.627450980392157,0.627450980392157,0.627450980392157);
#4332=COLOUR_RGB('Aluminum - Anodized Rough (Blue)',0.349019607843137,0.584313725490196,
0.854901960784314);
ENDSEC;
END-ISO-10303-21;
